Month,Day,Hour,Load_kWh,DataSource
1,1,0,0.495628,Synthetic assumed household; not measured Eatontown data
1,1,1,0.523786,Synthetic assumed household; not measured Eatontown data
1,1,2,0.524008,Synthetic assumed household; not measured Eatontown data
1,1,3,0.615789,Synthetic assumed household; not measured Eatontown data
1,1,4,0.729691,Synthetic assumed household; not measured Eatontown data
1,1,5,1.040382,Synthetic assumed household; not measured Eatontown data
1,1,6,1.194419,Synthetic assumed household; not measured Eatontown data
1,1,7,1.460500,Synthetic assumed household; not measured Eatontown data
1,1,8,1.236471,Synthetic assumed household; not measured Eatontown data
1,1,9,1.033984,Synthetic assumed household; not measured Eatontown data
1,1,10,0.909589,Synthetic assumed household; not measured Eatontown data
1,1,11,0.779668,Synthetic assumed household; not measured Eatontown data
1,1,12,0.828386,Synthetic assumed household; not measured Eatontown data
1,1,13,0.935285,Synthetic assumed household; not measured Eatontown data
1,1,14,0.948979,Synthetic assumed household; not measured Eatontown data
1,1,15,0.976801,Synthetic assumed household; not measured Eatontown data
1,1,16,1.288822,Synthetic assumed household; not measured Eatontown data
1,1,17,1.744767,Synthetic assumed household; not measured Eatontown data
1,1,18,1.822575,Synthetic assumed household; not measured Eatontown data
1,1,19,2.300732,Synthetic assumed household; not measured Eatontown data
1,1,20,2.036966,Synthetic assumed household; not measured Eatontown data
1,1,21,1.463852,Synthetic assumed household; not measured Eatontown data
1,1,22,0.989240,Synthetic assumed household; not measured Eatontown data
1,1,23,0.831610,Synthetic assumed household; not measured Eatontown data
1,2,0,0.459505,Synthetic assumed household; not measured Eatontown data
1,2,1,0.460583,Synthetic assumed household; not measured Eatontown data
1,2,2,0.541917,Synthetic assumed household; not measured Eatontown data
1,2,3,0.548229,Synthetic assumed household; not measured Eatontown data
1,2,4,0.683325,Synthetic assumed household; not measured Eatontown data
1,2,5,0.921701,Synthetic assumed household; not measured Eatontown data
1,2,6,1.197901,Synthetic assumed household; not measured Eatontown data
1,2,7,1.483485,Synthetic assumed household; not measured Eatontown data
1,2,8,1.216400,Synthetic assumed household; not measured Eatontown data
1,2,9,1.011220,Synthetic assumed household; not measured Eatontown data
1,2,10,0.884649,Synthetic assumed household; not measured Eatontown data
1,2,11,0.805323,Synthetic assumed household; not measured Eatontown data
1,2,12,0.863431,Synthetic assumed household; not measured Eatontown data
1,2,13,0.842298,Synthetic assumed household; not measured Eatontown data
1,2,14,0.894267,Synthetic assumed household; not measured Eatontown data
1,2,15,0.859248,Synthetic assumed household; not measured Eatontown data
1,2,16,1.093674,Synthetic assumed household; not measured Eatontown data
1,2,17,1.437645,Synthetic assumed household; not measured Eatontown data
1,2,18,1.691896,Synthetic assumed household; not measured Eatontown data
1,2,19,1.874618,Synthetic assumed household; not measured Eatontown data
1,2,20,1.646911,Synthetic assumed household; not measured Eatontown data
1,2,21,1.319943,Synthetic assumed household; not measured Eatontown data
1,2,22,0.996822,Synthetic assumed household; not measured Eatontown data
1,2,23,0.677171,Synthetic assumed household; not measured Eatontown data
1,3,0,0.476499,Synthetic assumed household; not measured Eatontown data
1,3,1,0.483027,Synthetic assumed household; not measured Eatontown data
1,3,2,0.557163,Synthetic assumed household; not measured Eatontown data
1,3,3,0.559223,Synthetic assumed household; not measured Eatontown data
1,3,4,0.665247,Synthetic assumed household; not measured Eatontown data
1,3,5,0.832533,Synthetic assumed household; not measured Eatontown data
1,3,6,1.257804,Synthetic assumed household; not measured Eatontown data
1,3,7,1.278262,Synthetic assumed household; not measured Eatontown data
1,3,8,1.230345,Synthetic assumed household; not measured Eatontown data
1,3,9,1.111174,Synthetic assumed household; not measured Eatontown data
1,3,10,0.862827,Synthetic assumed household; not measured Eatontown data
1,3,11,0.804605,Synthetic assumed household; not measured Eatontown data
1,3,12,0.844324,Synthetic assumed household; not measured Eatontown data
1,3,13,0.896334,Synthetic assumed household; not measured Eatontown data
1,3,14,0.916760,Synthetic assumed household; not measured Eatontown data
1,3,15,0.903957,Synthetic assumed household; not measured Eatontown data
1,3,16,1.060199,Synthetic assumed household; not measured Eatontown data
1,3,17,1.461763,Synthetic assumed household; not measured Eatontown data
1,3,18,1.781185,Synthetic assumed household; not measured Eatontown data
1,3,19,1.887015,Synthetic assumed household; not measured Eatontown data
1,3,20,1.970231,Synthetic assumed household; not measured Eatontown data
1,3,21,1.501995,Synthetic assumed household; not measured Eatontown data
1,3,22,0.945050,Synthetic assumed household; not measured Eatontown data
1,3,23,0.725713,Synthetic assumed household; not measured Eatontown data
1,4,0,0.552472,Synthetic assumed household; not measured Eatontown data
1,4,1,0.506058,Synthetic assumed household; not measured Eatontown data
1,4,2,0.486579,Synthetic assumed household; not measured Eatontown data
1,4,3,0.486162,Synthetic assumed household; not measured Eatontown data
1,4,4,0.526351,Synthetic assumed household; not measured Eatontown data
1,4,5,0.529311,Synthetic assumed household; not measured Eatontown data
1,4,6,0.685443,Synthetic assumed household; not measured Eatontown data
1,4,7,1.007058,Synthetic assumed household; not measured Eatontown data
1,4,8,1.245976,Synthetic assumed household; not measured Eatontown data
1,4,9,1.387690,Synthetic assumed household; not measured Eatontown data
1,4,10,1.523370,Synthetic assumed household; not measured Eatontown data
1,4,11,1.147670,Synthetic assumed household; not measured Eatontown data
1,4,12,0.879529,Synthetic assumed household; not measured Eatontown data
1,4,13,0.801844,Synthetic assumed household; not measured Eatontown data
1,4,14,0.813585,Synthetic assumed household; not measured Eatontown data
1,4,15,0.989271,Synthetic assumed household; not measured Eatontown data
1,4,16,1.248668,Synthetic assumed household; not measured Eatontown data
1,4,17,1.506981,Synthetic assumed household; not measured Eatontown data
1,4,18,1.719525,Synthetic assumed household; not measured Eatontown data
1,4,19,1.972147,Synthetic assumed household; not measured Eatontown data
1,4,20,2.006567,Synthetic assumed household; not measured Eatontown data
1,4,21,1.417041,Synthetic assumed household; not measured Eatontown data
1,4,22,1.083108,Synthetic assumed household; not measured Eatontown data
1,4,23,0.761094,Synthetic assumed household; not measured Eatontown data
1,5,0,0.469600,Synthetic assumed household; not measured Eatontown data
1,5,1,0.466167,Synthetic assumed household; not measured Eatontown data
1,5,2,0.453440,Synthetic assumed household; not measured Eatontown data
1,5,3,0.430401,Synthetic assumed household; not measured Eatontown data
1,5,4,0.471304,Synthetic assumed household; not measured Eatontown data
1,5,5,0.451804,Synthetic assumed household; not measured Eatontown data
1,5,6,0.586450,Synthetic assumed household; not measured Eatontown data
1,5,7,0.814735,Synthetic assumed household; not measured Eatontown data
1,5,8,1.222689,Synthetic assumed household; not measured Eatontown data
1,5,9,1.393507,Synthetic assumed household; not measured Eatontown data
1,5,10,1.163595,Synthetic assumed household; not measured Eatontown data
1,5,11,1.009927,Synthetic assumed household; not measured Eatontown data
1,5,12,0.790171,Synthetic assumed household; not measured Eatontown data
1,5,13,0.841416,Synthetic assumed household; not measured Eatontown data
1,5,14,0.835603,Synthetic assumed household; not measured Eatontown data
1,5,15,0.816138,Synthetic assumed household; not measured Eatontown data
1,5,16,1.068917,Synthetic assumed household; not measured Eatontown data
1,5,17,1.378905,Synthetic assumed household; not measured Eatontown data
1,5,18,1.545520,Synthetic assumed household; not measured Eatontown data
1,5,19,1.874205,Synthetic assumed household; not measured Eatontown data
1,5,20,1.621897,Synthetic assumed household; not measured Eatontown data
1,5,21,1.311175,Synthetic assumed household; not measured Eatontown data
1,5,22,0.877902,Synthetic assumed household; not measured Eatontown data
1,5,23,0.563284,Synthetic assumed household; not measured Eatontown data
1,6,0,0.451507,Synthetic assumed household; not measured Eatontown data
1,6,1,0.543183,Synthetic assumed household; not measured Eatontown data
1,6,2,0.544277,Synthetic assumed household; not measured Eatontown data
1,6,3,0.571869,Synthetic assumed household; not measured Eatontown data
1,6,4,0.618083,Synthetic assumed household; not measured Eatontown data
1,6,5,0.802114,Synthetic assumed household; not measured Eatontown data
1,6,6,1.277308,Synthetic assumed household; not measured Eatontown data
1,6,7,1.474214,Synthetic assumed household; not measured Eatontown data
1,6,8,1.141686,Synthetic assumed household; not measured Eatontown data
1,6,9,0.996526,Synthetic assumed household; not measured Eatontown data
1,6,10,0.757342,Synthetic assumed household; not measured Eatontown data
1,6,11,0.826456,Synthetic assumed household; not measured Eatontown data
1,6,12,0.846740,Synthetic assumed household; not measured Eatontown data
1,6,13,0.766685,Synthetic assumed household; not measured Eatontown data
1,6,14,0.853608,Synthetic assumed household; not measured Eatontown data
1,6,15,0.953100,Synthetic assumed household; not measured Eatontown data
1,6,16,1.100642,Synthetic assumed household; not measured Eatontown data
1,6,17,1.610278,Synthetic assumed household; not measured Eatontown data
1,6,18,1.816053,Synthetic assumed household; not measured Eatontown data
1,6,19,1.863548,Synthetic assumed household; not measured Eatontown data
1,6,20,1.801134,Synthetic assumed household; not measured Eatontown data
1,6,21,1.442666,Synthetic assumed household; not measured Eatontown data
1,6,22,0.911133,Synthetic assumed household; not measured Eatontown data
1,6,23,0.668789,Synthetic assumed household; not measured Eatontown data
1,7,0,0.624142,Synthetic assumed household; not measured Eatontown data
1,7,1,0.599361,Synthetic assumed household; not measured Eatontown data
1,7,2,0.615949,Synthetic assumed household; not measured Eatontown data
1,7,3,0.601284,Synthetic assumed household; not measured Eatontown data
1,7,4,0.736903,Synthetic assumed household; not measured Eatontown data
1,7,5,1.032887,Synthetic assumed household; not measured Eatontown data
1,7,6,1.466080,Synthetic assumed household; not measured Eatontown data
1,7,7,1.553062,Synthetic assumed household; not measured Eatontown data
1,7,8,1.425666,Synthetic assumed household; not measured Eatontown data
1,7,9,1.108302,Synthetic assumed household; not measured Eatontown data
1,7,10,1.031743,Synthetic assumed household; not measured Eatontown data
1,7,11,0.901277,Synthetic assumed household; not measured Eatontown data
1,7,12,1.054441,Synthetic assumed household; not measured Eatontown data
1,7,13,1.077041,Synthetic assumed household; not measured Eatontown data
1,7,14,0.951368,Synthetic assumed household; not measured Eatontown data
1,7,15,1.084850,Synthetic assumed household; not measured Eatontown data
1,7,16,1.448415,Synthetic assumed household; not measured Eatontown data
1,7,17,1.714161,Synthetic assumed household; not measured Eatontown data
1,7,18,2.072977,Synthetic assumed household; not measured Eatontown data
1,7,19,2.607983,Synthetic assumed household; not measured Eatontown data
1,7,20,2.198789,Synthetic assumed household; not measured Eatontown data
1,7,21,1.664062,Synthetic assumed household; not measured Eatontown data
1,7,22,1.242514,Synthetic assumed household; not measured Eatontown data
1,7,23,0.894930,Synthetic assumed household; not measured Eatontown data
1,8,0,0.440232,Synthetic assumed household; not measured Eatontown data
1,8,1,0.472928,Synthetic assumed household; not measured Eatontown data
1,8,2,0.477594,Synthetic assumed household; not measured Eatontown data
1,8,3,0.510701,Synthetic assumed household; not measured Eatontown data
1,8,4,0.644449,Synthetic assumed household; not measured Eatontown data
1,8,5,0.872729,Synthetic assumed household; not measured Eatontown data
1,8,6,1.248595,Synthetic assumed household; not measured Eatontown data
1,8,7,1.193034,Synthetic assumed household; not measured Eatontown data
1,8,8,1.170068,Synthetic assumed household; not measured Eatontown data
1,8,9,0.927166,Synthetic assumed household; not measured Eatontown data
1,8,10,0.851899,Synthetic assumed household; not measured Eatontown data
1,8,11,0.715142,Synthetic assumed household; not measured Eatontown data
1,8,12,0.722957,Synthetic assumed household; not measured Eatontown data
1,8,13,0.785792,Synthetic assumed household; not measured Eatontown data
1,8,14,0.809486,Synthetic assumed household; not measured Eatontown data
1,8,15,0.864564,Synthetic assumed household; not measured Eatontown data
1,8,16,1.051699,Synthetic assumed household; not measured Eatontown data
1,8,17,1.558217,Synthetic assumed household; not measured Eatontown data
1,8,18,1.747937,Synthetic assumed household; not measured Eatontown data
1,8,19,2.032663,Synthetic assumed household; not measured Eatontown data
1,8,20,1.730345,Synthetic assumed household; not measured Eatontown data
1,8,21,1.203302,Synthetic assumed household; not measured Eatontown data
1,8,22,1.021694,Synthetic assumed household; not measured Eatontown data
1,8,23,0.710959,Synthetic assumed household; not measured Eatontown data
1,9,0,0.653762,Synthetic assumed household; not measured Eatontown data
1,9,1,0.645358,Synthetic assumed household; not measured Eatontown data
1,9,2,0.569441,Synthetic assumed household; not measured Eatontown data
1,9,3,0.644894,Synthetic assumed household; not measured Eatontown data
1,9,4,0.730848,Synthetic assumed household; not measured Eatontown data
1,9,5,1.040140,Synthetic assumed household; not measured Eatontown data
1,9,6,1.305699,Synthetic assumed household; not measured Eatontown data
1,9,7,1.592465,Synthetic assumed household; not measured Eatontown data
1,9,8,1.646952,Synthetic assumed household; not measured Eatontown data
1,9,9,1.148558,Synthetic assumed household; not measured Eatontown data
1,9,10,1.056218,Synthetic assumed household; not measured Eatontown data
1,9,11,0.938778,Synthetic assumed household; not measured Eatontown data
1,9,12,0.954658,Synthetic assumed household; not measured Eatontown data
1,9,13,1.090186,Synthetic assumed household; not measured Eatontown data
1,9,14,1.137041,Synthetic assumed household; not measured Eatontown data
1,9,15,1.150762,Synthetic assumed household; not measured Eatontown data
1,9,16,1.453619,Synthetic assumed household; not measured Eatontown data
1,9,17,1.682538,Synthetic assumed household; not measured Eatontown data
1,9,18,2.133851,Synthetic assumed household; not measured Eatontown data
1,9,19,2.608394,Synthetic assumed household; not measured Eatontown data
1,9,20,2.189294,Synthetic assumed household; not measured Eatontown data
1,9,21,1.677350,Synthetic assumed household; not measured Eatontown data
1,9,22,1.226602,Synthetic assumed household; not measured Eatontown data
1,9,23,0.763868,Synthetic assumed household; not measured Eatontown data
1,10,0,0.541956,Synthetic assumed household; not measured Eatontown data
1,10,1,0.580715,Synthetic assumed household; not measured Eatontown data
1,10,2,0.511043,Synthetic assumed household; not measured Eatontown data
1,10,3,0.635123,Synthetic assumed household; not measured Eatontown data
1,10,4,0.638517,Synthetic assumed household; not measured Eatontown data
1,10,5,0.894181,Synthetic assumed household; not measured Eatontown data
1,10,6,1.312174,Synthetic assumed household; not measured Eatontown data
1,10,7,1.518817,Synthetic assumed household; not measured Eatontown data
1,10,8,1.278363,Synthetic assumed household; not measured Eatontown data
1,10,9,1.001241,Synthetic assumed household; not measured Eatontown data
1,10,10,0.968797,Synthetic assumed household; not measured Eatontown data
1,10,11,0.808540,Synthetic assumed household; not measured Eatontown data
1,10,12,0.888293,Synthetic assumed household; not measured Eatontown data
1,10,13,0.919548,Synthetic assumed household; not measured Eatontown data
1,10,14,0.915182,Synthetic assumed household; not measured Eatontown data
1,10,15,1.040427,Synthetic assumed household; not measured Eatontown data
1,10,16,1.258035,Synthetic assumed household; not measured Eatontown data
1,10,17,1.766348,Synthetic assumed household; not measured Eatontown data
1,10,18,1.881689,Synthetic assumed household; not measured Eatontown data
1,10,19,2.237060,Synthetic assumed household; not measured Eatontown data
1,10,20,1.836556,Synthetic assumed household; not measured Eatontown data
1,10,21,1.464409,Synthetic assumed household; not measured Eatontown data
1,10,22,1.086876,Synthetic assumed household; not measured Eatontown data
1,10,23,0.723436,Synthetic assumed household; not measured Eatontown data
1,11,0,0.524449,Synthetic assumed household; not measured Eatontown data
1,11,1,0.456687,Synthetic assumed household; not measured Eatontown data
1,11,2,0.495535,Synthetic assumed household; not measured Eatontown data
1,11,3,0.551159,Synthetic assumed household; not measured Eatontown data
1,11,4,0.559375,Synthetic assumed household; not measured Eatontown data
1,11,5,0.497417,Synthetic assumed household; not measured Eatontown data
1,11,6,0.621825,Synthetic assumed household; not measured Eatontown data
1,11,7,0.870078,Synthetic assumed household; not measured Eatontown data
1,11,8,1.352285,Synthetic assumed household; not measured Eatontown data
1,11,9,1.548482,Synthetic assumed household; not measured Eatontown data
1,11,10,1.458819,Synthetic assumed household; not measured Eatontown data
1,11,11,1.091813,Synthetic assumed household; not measured Eatontown data
1,11,12,0.873310,Synthetic assumed household; not measured Eatontown data
1,11,13,0.920507,Synthetic assumed household; not measured Eatontown data
1,11,14,0.898825,Synthetic assumed household; not measured Eatontown data
1,11,15,0.965203,Synthetic assumed household; not measured Eatontown data
1,11,16,1.267112,Synthetic assumed household; not measured Eatontown data
1,11,17,1.544314,Synthetic assumed household; not measured Eatontown data
1,11,18,1.662324,Synthetic assumed household; not measured Eatontown data
1,11,19,2.102284,Synthetic assumed household; not measured Eatontown data
1,11,20,1.714840,Synthetic assumed household; not measured Eatontown data
1,11,21,1.423859,Synthetic assumed household; not measured Eatontown data
1,11,22,1.053788,Synthetic assumed household; not measured Eatontown data
1,11,23,0.643924,Synthetic assumed household; not measured Eatontown data
1,12,0,0.430874,Synthetic assumed household; not measured Eatontown data
1,12,1,0.472681,Synthetic assumed household; not measured Eatontown data
1,12,2,0.446698,Synthetic assumed household; not measured Eatontown data
1,12,3,0.479244,Synthetic assumed household; not measured Eatontown data
1,12,4,0.497347,Synthetic assumed household; not measured Eatontown data
1,12,5,0.479142,Synthetic assumed household; not measured Eatontown data
1,12,6,0.634413,Synthetic assumed household; not measured Eatontown data
1,12,7,0.814678,Synthetic assumed household; not measured Eatontown data
1,12,8,1.162839,Synthetic assumed household; not measured Eatontown data
1,12,9,1.456853,Synthetic assumed household; not measured Eatontown data
1,12,10,1.357859,Synthetic assumed household; not measured Eatontown data
1,12,11,0.964341,Synthetic assumed household; not measured Eatontown data
1,12,12,0.864594,Synthetic assumed household; not measured Eatontown data
1,12,13,0.772076,Synthetic assumed household; not measured Eatontown data
1,12,14,0.728567,Synthetic assumed household; not measured Eatontown data
1,12,15,0.932174,Synthetic assumed household; not measured Eatontown data
1,12,16,1.111015,Synthetic assumed household; not measured Eatontown data
1,12,17,1.336342,Synthetic assumed household; not measured Eatontown data
1,12,18,1.810177,Synthetic assumed household; not measured Eatontown data
1,12,19,1.870644,Synthetic assumed household; not measured Eatontown data
1,12,20,1.649000,Synthetic assumed household; not measured Eatontown data
1,12,21,1.164705,Synthetic assumed household; not measured Eatontown data
1,12,22,0.830220,Synthetic assumed household; not measured Eatontown data
1,12,23,0.700525,Synthetic assumed household; not measured Eatontown data
1,13,0,0.598314,Synthetic assumed household; not measured Eatontown data
1,13,1,0.633521,Synthetic assumed household; not measured Eatontown data
1,13,2,0.610464,Synthetic assumed household; not measured Eatontown data
1,13,3,0.591765,Synthetic assumed household; not measured Eatontown data
1,13,4,0.706169,Synthetic assumed household; not measured Eatontown data
1,13,5,1.004379,Synthetic assumed household; not measured Eatontown data
1,13,6,1.522042,Synthetic assumed household; not measured Eatontown data
1,13,7,1.701398,Synthetic assumed household; not measured Eatontown data
1,13,8,1.584193,Synthetic assumed household; not measured Eatontown data
1,13,9,1.280812,Synthetic assumed household; not measured Eatontown data
1,13,10,0.926658,Synthetic assumed household; not measured Eatontown data
1,13,11,0.885678,Synthetic assumed household; not measured Eatontown data
1,13,12,0.878507,Synthetic assumed household; not measured Eatontown data
1,13,13,1.038177,Synthetic assumed household; not measured Eatontown data
1,13,14,1.096472,Synthetic assumed household; not measured Eatontown data
1,13,15,1.099173,Synthetic assumed household; not measured Eatontown data
1,13,16,1.403929,Synthetic assumed household; not measured Eatontown data
1,13,17,1.655956,Synthetic assumed household; not measured Eatontown data
1,13,18,2.377484,Synthetic assumed household; not measured Eatontown data
1,13,19,2.518446,Synthetic assumed household; not measured Eatontown data
1,13,20,2.323254,Synthetic assumed household; not measured Eatontown data
1,13,21,1.738874,Synthetic assumed household; not measured Eatontown data
1,13,22,1.237984,Synthetic assumed household; not measured Eatontown data
1,13,23,0.746497,Synthetic assumed household; not measured Eatontown data
1,14,0,0.547485,Synthetic assumed household; not measured Eatontown data
1,14,1,0.616220,Synthetic assumed household; not measured Eatontown data
1,14,2,0.608488,Synthetic assumed household; not measured Eatontown data
1,14,3,0.652498,Synthetic assumed household; not measured Eatontown data
1,14,4,0.774344,Synthetic assumed household; not measured Eatontown data
1,14,5,0.951368,Synthetic assumed household; not measured Eatontown data
1,14,6,1.424184,Synthetic assumed household; not measured Eatontown data
1,14,7,1.414427,Synthetic assumed household; not measured Eatontown data
1,14,8,1.516866,Synthetic assumed household; not measured Eatontown data
1,14,9,1.214619,Synthetic assumed household; not measured Eatontown data
1,14,10,0.887705,Synthetic assumed household; not measured Eatontown data
1,14,11,0.947260,Synthetic assumed household; not measured Eatontown data
1,14,12,0.904572,Synthetic assumed household; not measured Eatontown data
1,14,13,0.902713,Synthetic assumed household; not measured Eatontown data
1,14,14,1.030356,Synthetic assumed household; not measured Eatontown data
1,14,15,1.011944,Synthetic assumed household; not measured Eatontown data
1,14,16,1.185006,Synthetic assumed household; not measured Eatontown data
1,14,17,1.595308,Synthetic assumed household; not measured Eatontown data
1,14,18,2.019898,Synthetic assumed household; not measured Eatontown data
1,14,19,2.406154,Synthetic assumed household; not measured Eatontown data
1,14,20,2.215993,Synthetic assumed household; not measured Eatontown data
1,14,21,1.495100,Synthetic assumed household; not measured Eatontown data
1,14,22,1.130103,Synthetic assumed household; not measured Eatontown data
1,14,23,0.772341,Synthetic assumed household; not measured Eatontown data
1,15,0,0.609824,Synthetic assumed household; not measured Eatontown data
1,15,1,0.659600,Synthetic assumed household; not measured Eatontown data
1,15,2,0.566068,Synthetic assumed household; not measured Eatontown data
1,15,3,0.711175,Synthetic assumed household; not measured Eatontown data
1,15,4,0.729060,Synthetic assumed household; not measured Eatontown data
1,15,5,1.165165,Synthetic assumed household; not measured Eatontown data
1,15,6,1.371841,Synthetic assumed household; not measured Eatontown data
1,15,7,1.511756,Synthetic assumed household; not measured Eatontown data
1,15,8,1.489082,Synthetic assumed household; not measured Eatontown data
1,15,9,1.266609,Synthetic assumed household; not measured Eatontown data
1,15,10,0.967057,Synthetic assumed household; not measured Eatontown data
1,15,11,0.972315,Synthetic assumed household; not measured Eatontown data
1,15,12,0.976716,Synthetic assumed household; not measured Eatontown data
1,15,13,0.980829,Synthetic assumed household; not measured Eatontown data
1,15,14,1.055691,Synthetic assumed household; not measured Eatontown data
1,15,15,1.087711,Synthetic assumed household; not measured Eatontown data
1,15,16,1.458273,Synthetic assumed household; not measured Eatontown data
1,15,17,1.635422,Synthetic assumed household; not measured Eatontown data
1,15,18,2.425808,Synthetic assumed household; not measured Eatontown data
1,15,19,2.415324,Synthetic assumed household; not measured Eatontown data
1,15,20,2.261119,Synthetic assumed household; not measured Eatontown data
1,15,21,1.752616,Synthetic assumed household; not measured Eatontown data
1,15,22,1.214633,Synthetic assumed household; not measured Eatontown data
1,15,23,0.819458,Synthetic assumed household; not measured Eatontown data
1,16,0,0.476036,Synthetic assumed household; not measured Eatontown data
1,16,1,0.445903,Synthetic assumed household; not measured Eatontown data
1,16,2,0.449465,Synthetic assumed household; not measured Eatontown data
1,16,3,0.529277,Synthetic assumed household; not measured Eatontown data
1,16,4,0.619203,Synthetic assumed household; not measured Eatontown data
1,16,5,0.779465,Synthetic assumed household; not measured Eatontown data
1,16,6,1.053929,Synthetic assumed household; not measured Eatontown data
1,16,7,1.225754,Synthetic assumed household; not measured Eatontown data
1,16,8,1.126189,Synthetic assumed household; not measured Eatontown data
1,16,9,0.884387,Synthetic assumed household; not measured Eatontown data
1,16,10,0.707676,Synthetic assumed household; not measured Eatontown data
1,16,11,0.713256,Synthetic assumed household; not measured Eatontown data
1,16,12,0.807175,Synthetic assumed household; not measured Eatontown data
1,16,13,0.791314,Synthetic assumed household; not measured Eatontown data
1,16,14,0.855297,Synthetic assumed household; not measured Eatontown data
1,16,15,0.890862,Synthetic assumed household; not measured Eatontown data
1,16,16,1.023204,Synthetic assumed household; not measured Eatontown data
1,16,17,1.396050,Synthetic assumed household; not measured Eatontown data
1,16,18,1.531776,Synthetic assumed household; not measured Eatontown data
1,16,19,1.746894,Synthetic assumed household; not measured Eatontown data
1,16,20,1.625812,Synthetic assumed household; not measured Eatontown data
1,16,21,1.292972,Synthetic assumed household; not measured Eatontown data
1,16,22,0.921804,Synthetic assumed household; not measured Eatontown data
1,16,23,0.636743,Synthetic assumed household; not measured Eatontown data
1,17,0,0.490273,Synthetic assumed household; not measured Eatontown data
1,17,1,0.518027,Synthetic assumed household; not measured Eatontown data
1,17,2,0.569022,Synthetic assumed household; not measured Eatontown data
1,17,3,0.591402,Synthetic assumed household; not measured Eatontown data
1,17,4,0.625049,Synthetic assumed household; not measured Eatontown data
1,17,5,0.840018,Synthetic assumed household; not measured Eatontown data
1,17,6,1.240177,Synthetic assumed household; not measured Eatontown data
1,17,7,1.446348,Synthetic assumed household; not measured Eatontown data
1,17,8,1.253310,Synthetic assumed household; not measured Eatontown data
1,17,9,1.106674,Synthetic assumed household; not measured Eatontown data
1,17,10,0.906157,Synthetic assumed household; not measured Eatontown data
1,17,11,0.846075,Synthetic assumed household; not measured Eatontown data
1,17,12,0.790954,Synthetic assumed household; not measured Eatontown data
1,17,13,0.810408,Synthetic assumed household; not measured Eatontown data
1,17,14,0.808172,Synthetic assumed household; not measured Eatontown data
1,17,15,0.932364,Synthetic assumed household; not measured Eatontown data
1,17,16,1.196417,Synthetic assumed household; not measured Eatontown data
1,17,17,1.669406,Synthetic assumed household; not measured Eatontown data
1,17,18,1.756187,Synthetic assumed household; not measured Eatontown data
1,17,19,2.023613,Synthetic assumed household; not measured Eatontown data
1,17,20,1.908856,Synthetic assumed household; not measured Eatontown data
1,17,21,1.348194,Synthetic assumed household; not measured Eatontown data
1,17,22,1.048518,Synthetic assumed household; not measured Eatontown data
1,17,23,0.722720,Synthetic assumed household; not measured Eatontown data
1,18,0,0.503828,Synthetic assumed household; not measured Eatontown data
1,18,1,0.440334,Synthetic assumed household; not measured Eatontown data
1,18,2,0.513519,Synthetic assumed household; not measured Eatontown data
1,18,3,0.516923,Synthetic assumed household; not measured Eatontown data
1,18,4,0.458778,Synthetic assumed household; not measured Eatontown data
1,18,5,0.524190,Synthetic assumed household; not measured Eatontown data
1,18,6,0.603664,Synthetic assumed household; not measured Eatontown data
1,18,7,0.975175,Synthetic assumed household; not measured Eatontown data
1,18,8,1.222108,Synthetic assumed household; not measured Eatontown data
1,18,9,1.281330,Synthetic assumed household; not measured Eatontown data
1,18,10,1.260298,Synthetic assumed household; not measured Eatontown data
1,18,11,1.173423,Synthetic assumed household; not measured Eatontown data
1,18,12,0.909367,Synthetic assumed household; not measured Eatontown data
1,18,13,0.895285,Synthetic assumed household; not measured Eatontown data
1,18,14,0.873450,Synthetic assumed household; not measured Eatontown data
1,18,15,1.013994,Synthetic assumed household; not measured Eatontown data
1,18,16,1.151381,Synthetic assumed household; not measured Eatontown data
1,18,17,1.597966,Synthetic assumed household; not measured Eatontown data
1,18,18,1.945482,Synthetic assumed household; not measured Eatontown data
1,18,19,1.978050,Synthetic assumed household; not measured Eatontown data
1,18,20,1.824834,Synthetic assumed household; not measured Eatontown data
1,18,21,1.350491,Synthetic assumed household; not measured Eatontown data
1,18,22,1.010621,Synthetic assumed household; not measured Eatontown data
1,18,23,0.686332,Synthetic assumed household; not measured Eatontown data
1,19,0,0.621188,Synthetic assumed household; not measured Eatontown data
1,19,1,0.589419,Synthetic assumed household; not measured Eatontown data
1,19,2,0.564255,Synthetic assumed household; not measured Eatontown data
1,19,3,0.564517,Synthetic assumed household; not measured Eatontown data
1,19,4,0.620317,Synthetic assumed household; not measured Eatontown data
1,19,5,0.679453,Synthetic assumed household; not measured Eatontown data
1,19,6,0.785909,Synthetic assumed household; not measured Eatontown data
1,19,7,1.110499,Synthetic assumed household; not measured Eatontown data
1,19,8,1.409756,Synthetic assumed household; not measured Eatontown data
1,19,9,1.562717,Synthetic assumed household; not measured Eatontown data
1,19,10,1.539663,Synthetic assumed household; not measured Eatontown data
1,19,11,1.269215,Synthetic assumed household; not measured Eatontown data
1,19,12,1.072045,Synthetic assumed household; not measured Eatontown data
1,19,13,1.031901,Synthetic assumed household; not measured Eatontown data
1,19,14,0.950476,Synthetic assumed household; not measured Eatontown data
1,19,15,1.059818,Synthetic assumed household; not measured Eatontown data
1,19,16,1.422849,Synthetic assumed household; not measured Eatontown data
1,19,17,1.850682,Synthetic assumed household; not measured Eatontown data
1,19,18,1.996713,Synthetic assumed household; not measured Eatontown data
1,19,19,2.301891,Synthetic assumed household; not measured Eatontown data
1,19,20,2.137437,Synthetic assumed household; not measured Eatontown data
1,19,21,1.608138,Synthetic assumed household; not measured Eatontown data
1,19,22,1.081853,Synthetic assumed household; not measured Eatontown data
1,19,23,0.811015,Synthetic assumed household; not measured Eatontown data
1,20,0,0.603596,Synthetic assumed household; not measured Eatontown data
1,20,1,0.617740,Synthetic assumed household; not measured Eatontown data
1,20,2,0.644167,Synthetic assumed household; not measured Eatontown data
1,20,3,0.671179,Synthetic assumed household; not measured Eatontown data
1,20,4,0.745654,Synthetic assumed household; not measured Eatontown data
1,20,5,0.942340,Synthetic assumed household; not measured Eatontown data
1,20,6,1.369401,Synthetic assumed household; not measured Eatontown data
1,20,7,1.689707,Synthetic assumed household; not measured Eatontown data
1,20,8,1.583932,Synthetic assumed household; not measured Eatontown data
1,20,9,1.295283,Synthetic assumed household; not measured Eatontown data
1,20,10,0.968918,Synthetic assumed household; not measured Eatontown data
1,20,11,0.979705,Synthetic assumed household; not measured Eatontown data
1,20,12,0.964271,Synthetic assumed household; not measured Eatontown data
1,20,13,1.004596,Synthetic assumed household; not measured Eatontown data
1,20,14,0.962476,Synthetic assumed household; not measured Eatontown data
1,20,15,1.058548,Synthetic assumed household; not measured Eatontown data
1,20,16,1.354866,Synthetic assumed household; not measured Eatontown data
1,20,17,1.613215,Synthetic assumed household; not measured Eatontown data
1,20,18,2.120030,Synthetic assumed household; not measured Eatontown data
1,20,19,2.434273,Synthetic assumed household; not measured Eatontown data
1,20,20,2.083110,Synthetic assumed household; not measured Eatontown data
1,20,21,1.529266,Synthetic assumed household; not measured Eatontown data
1,20,22,1.144098,Synthetic assumed household; not measured Eatontown data
1,20,23,0.764373,Synthetic assumed household; not measured Eatontown data
1,21,0,0.496816,Synthetic assumed household; not measured Eatontown data
1,21,1,0.537894,Synthetic assumed household; not measured Eatontown data
1,21,2,0.562963,Synthetic assumed household; not measured Eatontown data
1,21,3,0.533416,Synthetic assumed household; not measured Eatontown data
1,21,4,0.726330,Synthetic assumed household; not measured Eatontown data
1,21,5,0.896182,Synthetic assumed household; not measured Eatontown data
1,21,6,1.294543,Synthetic assumed household; not measured Eatontown data
1,21,7,1.352875,Synthetic assumed household; not measured Eatontown data
1,21,8,1.334436,Synthetic assumed household; not measured Eatontown data
1,21,9,1.034483,Synthetic assumed household; not measured Eatontown data
1,21,10,0.878873,Synthetic assumed household; not measured Eatontown data
1,21,11,0.907995,Synthetic assumed household; not measured Eatontown data
1,21,12,0.861861,Synthetic assumed household; not measured Eatontown data
1,21,13,0.955707,Synthetic assumed household; not measured Eatontown data
1,21,14,1.004932,Synthetic assumed household; not measured Eatontown data
1,21,15,0.985320,Synthetic assumed household; not measured Eatontown data
1,21,16,1.162617,Synthetic assumed household; not measured Eatontown data
1,21,17,1.488063,Synthetic assumed household; not measured Eatontown data
1,21,18,2.042110,Synthetic assumed household; not measured Eatontown data
1,21,19,2.389580,Synthetic assumed household; not measured Eatontown data
1,21,20,1.904261,Synthetic assumed household; not measured Eatontown data
1,21,21,1.560635,Synthetic assumed household; not measured Eatontown data
1,21,22,1.124411,Synthetic assumed household; not measured Eatontown data
1,21,23,0.786605,Synthetic assumed household; not measured Eatontown data
1,22,0,0.620878,Synthetic assumed household; not measured Eatontown data
1,22,1,0.536194,Synthetic assumed household; not measured Eatontown data
1,22,2,0.521651,Synthetic assumed household; not measured Eatontown data
1,22,3,0.569080,Synthetic assumed household; not measured Eatontown data
1,22,4,0.678293,Synthetic assumed household; not measured Eatontown data
1,22,5,1.037478,Synthetic assumed household; not measured Eatontown data
1,22,6,1.371607,Synthetic assumed household; not measured Eatontown data
1,22,7,1.456218,Synthetic assumed household; not measured Eatontown data
1,22,8,1.476280,Synthetic assumed household; not measured Eatontown data
1,22,9,1.200486,Synthetic assumed household; not measured Eatontown data
1,22,10,0.882321,Synthetic assumed household; not measured Eatontown data
1,22,11,0.915031,Synthetic assumed household; not measured Eatontown data
1,22,12,0.962355,Synthetic assumed household; not measured Eatontown data
1,22,13,0.871725,Synthetic assumed household; not measured Eatontown data
1,22,14,1.040783,Synthetic assumed household; not measured Eatontown data
1,22,15,1.176242,Synthetic assumed household; not measured Eatontown data
1,22,16,1.213849,Synthetic assumed household; not measured Eatontown data
1,22,17,1.546957,Synthetic assumed household; not measured Eatontown data
1,22,18,2.024291,Synthetic assumed household; not measured Eatontown data
1,22,19,2.335210,Synthetic assumed household; not measured Eatontown data
1,22,20,2.224785,Synthetic assumed household; not measured Eatontown data
1,22,21,1.540401,Synthetic assumed household; not measured Eatontown data
1,22,22,1.152651,Synthetic assumed household; not measured Eatontown data
1,22,23,0.725337,Synthetic assumed household; not measured Eatontown data
1,23,0,0.573736,Synthetic assumed household; not measured Eatontown data
1,23,1,0.515713,Synthetic assumed household; not measured Eatontown data
1,23,2,0.597596,Synthetic assumed household; not measured Eatontown data
1,23,3,0.642781,Synthetic assumed household; not measured Eatontown data
1,23,4,0.734486,Synthetic assumed household; not measured Eatontown data
1,23,5,0.910883,Synthetic assumed household; not measured Eatontown data
1,23,6,1.458852,Synthetic assumed household; not measured Eatontown data
1,23,7,1.601437,Synthetic assumed household; not measured Eatontown data
1,23,8,1.351727,Synthetic assumed household; not measured Eatontown data
1,23,9,1.103300,Synthetic assumed household; not measured Eatontown data
1,23,10,0.904238,Synthetic assumed household; not measured Eatontown data
1,23,11,0.880894,Synthetic assumed household; not measured Eatontown data
1,23,12,0.871949,Synthetic assumed household; not measured Eatontown data
1,23,13,0.992564,Synthetic assumed household; not measured Eatontown data
1,23,14,1.022810,Synthetic assumed household; not measured Eatontown data
1,23,15,0.973636,Synthetic assumed household; not measured Eatontown data
1,23,16,1.412816,Synthetic assumed household; not measured Eatontown data
1,23,17,1.724138,Synthetic assumed household; not measured Eatontown data
1,23,18,2.201712,Synthetic assumed household; not measured Eatontown data
1,23,19,2.306851,Synthetic assumed household; not measured Eatontown data
1,23,20,1.975870,Synthetic assumed household; not measured Eatontown data
1,23,21,1.617107,Synthetic assumed household; not measured Eatontown data
1,23,22,1.186472,Synthetic assumed household; not measured Eatontown data
1,23,23,0.742621,Synthetic assumed household; not measured Eatontown data
1,24,0,0.582502,Synthetic assumed household; not measured Eatontown data
1,24,1,0.577034,Synthetic assumed household; not measured Eatontown data
1,24,2,0.577998,Synthetic assumed household; not measured Eatontown data
1,24,3,0.649334,Synthetic assumed household; not measured Eatontown data
1,24,4,0.709491,Synthetic assumed household; not measured Eatontown data
1,24,5,1.089959,Synthetic assumed household; not measured Eatontown data
1,24,6,1.465241,Synthetic assumed household; not measured Eatontown data
1,24,7,1.436654,Synthetic assumed household; not measured Eatontown data
1,24,8,1.550628,Synthetic assumed household; not measured Eatontown data
1,24,9,1.097281,Synthetic assumed household; not measured Eatontown data
1,24,10,0.952341,Synthetic assumed household; not measured Eatontown data
1,24,11,0.929141,Synthetic assumed household; not measured Eatontown data
1,24,12,0.907948,Synthetic assumed household; not measured Eatontown data
1,24,13,0.868178,Synthetic assumed household; not measured Eatontown data
1,24,14,1.062478,Synthetic assumed household; not measured Eatontown data
1,24,15,1.022654,Synthetic assumed household; not measured Eatontown data
1,24,16,1.259629,Synthetic assumed household; not measured Eatontown data
1,24,17,1.837707,Synthetic assumed household; not measured Eatontown data
1,24,18,2.066381,Synthetic assumed household; not measured Eatontown data
1,24,19,2.462693,Synthetic assumed household; not measured Eatontown data
1,24,20,2.151427,Synthetic assumed household; not measured Eatontown data
1,24,21,1.524778,Synthetic assumed household; not measured Eatontown data
1,24,22,1.011619,Synthetic assumed household; not measured Eatontown data
1,24,23,0.876354,Synthetic assumed household; not measured Eatontown data
1,25,0,0.483636,Synthetic assumed household; not measured Eatontown data
1,25,1,0.462263,Synthetic assumed household; not measured Eatontown data
1,25,2,0.487561,Synthetic assumed household; not measured Eatontown data
1,25,3,0.482733,Synthetic assumed household; not measured Eatontown data
1,25,4,0.485918,Synthetic assumed household; not measured Eatontown data
1,25,5,0.503639,Synthetic assumed household; not measured Eatontown data
1,25,6,0.647896,Synthetic assumed household; not measured Eatontown data
1,25,7,0.778091,Synthetic assumed household; not measured Eatontown data
1,25,8,1.090308,Synthetic assumed household; not measured Eatontown data
1,25,9,1.386191,Synthetic assumed household; not measured Eatontown data
1,25,10,1.209297,Synthetic assumed household; not measured Eatontown data
1,25,11,1.057086,Synthetic assumed household; not measured Eatontown data
1,25,12,0.865140,Synthetic assumed household; not measured Eatontown data
1,25,13,0.805554,Synthetic assumed household; not measured Eatontown data
1,25,14,0.789367,Synthetic assumed household; not measured Eatontown data
1,25,15,0.919031,Synthetic assumed household; not measured Eatontown data
1,25,16,1.034981,Synthetic assumed household; not measured Eatontown data
1,25,17,1.446396,Synthetic assumed household; not measured Eatontown data
1,25,18,1.632311,Synthetic assumed household; not measured Eatontown data
1,25,19,1.742973,Synthetic assumed household; not measured Eatontown data
1,25,20,1.531773,Synthetic assumed household; not measured Eatontown data
1,25,21,1.200595,Synthetic assumed household; not measured Eatontown data
1,25,22,0.830409,Synthetic assumed household; not measured Eatontown data
1,25,23,0.649199,Synthetic assumed household; not measured Eatontown data
1,26,0,0.534575,Synthetic assumed household; not measured Eatontown data
1,26,1,0.538227,Synthetic assumed household; not measured Eatontown data
1,26,2,0.569159,Synthetic assumed household; not measured Eatontown data
1,26,3,0.598390,Synthetic assumed household; not measured Eatontown data
1,26,4,0.636878,Synthetic assumed household; not measured Eatontown data
1,26,5,0.624447,Synthetic assumed household; not measured Eatontown data
1,26,6,0.721030,Synthetic assumed household; not measured Eatontown data
1,26,7,0.959799,Synthetic assumed household; not measured Eatontown data
1,26,8,1.334928,Synthetic assumed household; not measured Eatontown data
1,26,9,1.554462,Synthetic assumed household; not measured Eatontown data
1,26,10,1.450001,Synthetic assumed household; not measured Eatontown data
1,26,11,1.156467,Synthetic assumed household; not measured Eatontown data
1,26,12,1.078484,Synthetic assumed household; not measured Eatontown data
1,26,13,0.941459,Synthetic assumed household; not measured Eatontown data
1,26,14,1.080439,Synthetic assumed household; not measured Eatontown data
1,26,15,1.090263,Synthetic assumed household; not measured Eatontown data
1,26,16,1.371341,Synthetic assumed household; not measured Eatontown data
1,26,17,1.583876,Synthetic assumed household; not measured Eatontown data
1,26,18,2.262011,Synthetic assumed household; not measured Eatontown data
1,26,19,2.254703,Synthetic assumed household; not measured Eatontown data
1,26,20,2.193455,Synthetic assumed household; not measured Eatontown data
1,26,21,1.598763,Synthetic assumed household; not measured Eatontown data
1,26,22,1.100119,Synthetic assumed household; not measured Eatontown data
1,26,23,0.784360,Synthetic assumed household; not measured Eatontown data
1,27,0,0.435795,Synthetic assumed household; not measured Eatontown data
1,27,1,0.521753,Synthetic assumed household; not measured Eatontown data
1,27,2,0.482764,Synthetic assumed household; not measured Eatontown data
1,27,3,0.547117,Synthetic assumed household; not measured Eatontown data
1,27,4,0.603876,Synthetic assumed household; not measured Eatontown data
1,27,5,0.771500,Synthetic assumed household; not measured Eatontown data
1,27,6,1.167636,Synthetic assumed household; not measured Eatontown data
1,27,7,1.181206,Synthetic assumed household; not measured Eatontown data
1,27,8,1.109396,Synthetic assumed household; not measured Eatontown data
1,27,9,0.969827,Synthetic assumed household; not measured Eatontown data
1,27,10,0.763136,Synthetic assumed household; not measured Eatontown data
1,27,11,0.827236,Synthetic assumed household; not measured Eatontown data
1,27,12,0.711774,Synthetic assumed household; not measured Eatontown data
1,27,13,0.835800,Synthetic assumed household; not measured Eatontown data
1,27,14,0.839676,Synthetic assumed household; not measured Eatontown data
1,27,15,0.957070,Synthetic assumed household; not measured Eatontown data
1,27,16,1.046179,Synthetic assumed household; not measured Eatontown data
1,27,17,1.442843,Synthetic assumed household; not measured Eatontown data
1,27,18,1.750249,Synthetic assumed household; not measured Eatontown data
1,27,19,1.873627,Synthetic assumed household; not measured Eatontown data
1,27,20,1.836189,Synthetic assumed household; not measured Eatontown data
1,27,21,1.451468,Synthetic assumed household; not measured Eatontown data
1,27,22,0.892623,Synthetic assumed household; not measured Eatontown data
1,27,23,0.682196,Synthetic assumed household; not measured Eatontown data
1,28,0,0.572281,Synthetic assumed household; not measured Eatontown data
1,28,1,0.595823,Synthetic assumed household; not measured Eatontown data
1,28,2,0.520777,Synthetic assumed household; not measured Eatontown data
1,28,3,0.552386,Synthetic assumed household; not measured Eatontown data
1,28,4,0.725281,Synthetic assumed household; not measured Eatontown data
1,28,5,0.895931,Synthetic assumed household; not measured Eatontown data
1,28,6,1.213499,Synthetic assumed household; not measured Eatontown data
1,28,7,1.353625,Synthetic assumed household; not measured Eatontown data
1,28,8,1.225492,Synthetic assumed household; not measured Eatontown data
1,28,9,1.081635,Synthetic assumed household; not measured Eatontown data
1,28,10,0.922970,Synthetic assumed household; not measured Eatontown data
1,28,11,0.822864,Synthetic assumed household; not measured Eatontown data
1,28,12,0.831713,Synthetic assumed household; not measured Eatontown data
1,28,13,0.942899,Synthetic assumed household; not measured Eatontown data
1,28,14,0.975860,Synthetic assumed household; not measured Eatontown data
1,28,15,1.022156,Synthetic assumed household; not measured Eatontown data
1,28,16,1.309848,Synthetic assumed household; not measured Eatontown data
1,28,17,1.777201,Synthetic assumed household; not measured Eatontown data
1,28,18,2.132347,Synthetic assumed household; not measured Eatontown data
1,28,19,2.215883,Synthetic assumed household; not measured Eatontown data
1,28,20,2.016599,Synthetic assumed household; not measured Eatontown data
1,28,21,1.638540,Synthetic assumed household; not measured Eatontown data
1,28,22,1.043494,Synthetic assumed household; not measured Eatontown data
1,28,23,0.766491,Synthetic assumed household; not measured Eatontown data
1,29,0,0.596988,Synthetic assumed household; not measured Eatontown data
1,29,1,0.588831,Synthetic assumed household; not measured Eatontown data
1,29,2,0.511105,Synthetic assumed household; not measured Eatontown data
1,29,3,0.552955,Synthetic assumed household; not measured Eatontown data
1,29,4,0.682928,Synthetic assumed household; not measured Eatontown data
1,29,5,1.020614,Synthetic assumed household; not measured Eatontown data
1,29,6,1.330250,Synthetic assumed household; not measured Eatontown data
1,29,7,1.431977,Synthetic assumed household; not measured Eatontown data
1,29,8,1.272084,Synthetic assumed household; not measured Eatontown data
1,29,9,1.145812,Synthetic assumed household; not measured Eatontown data
1,29,10,0.952250,Synthetic assumed household; not measured Eatontown data
1,29,11,0.944748,Synthetic assumed household; not measured Eatontown data
1,29,12,0.888409,Synthetic assumed household; not measured Eatontown data
1,29,13,0.913981,Synthetic assumed household; not measured Eatontown data
1,29,14,0.868295,Synthetic assumed household; not measured Eatontown data
1,29,15,0.946730,Synthetic assumed household; not measured Eatontown data
1,29,16,1.258702,Synthetic assumed household; not measured Eatontown data
1,29,17,1.597002,Synthetic assumed household; not measured Eatontown data
1,29,18,1.936123,Synthetic assumed household; not measured Eatontown data
1,29,19,2.006372,Synthetic assumed household; not measured Eatontown data
1,29,20,2.156950,Synthetic assumed household; not measured Eatontown data
1,29,21,1.626303,Synthetic assumed household; not measured Eatontown data
1,29,22,1.086801,Synthetic assumed household; not measured Eatontown data
1,29,23,0.837081,Synthetic assumed household; not measured Eatontown data
1,30,0,0.628415,Synthetic assumed household; not measured Eatontown data
1,30,1,0.580338,Synthetic assumed household; not measured Eatontown data
1,30,2,0.558737,Synthetic assumed household; not measured Eatontown data
1,30,3,0.685645,Synthetic assumed household; not measured Eatontown data
1,30,4,0.777168,Synthetic assumed household; not measured Eatontown data
1,30,5,1.102534,Synthetic assumed household; not measured Eatontown data
1,30,6,1.564397,Synthetic assumed household; not measured Eatontown data
1,30,7,1.540918,Synthetic assumed household; not measured Eatontown data
1,30,8,1.539760,Synthetic assumed household; not measured Eatontown data
1,30,9,1.248096,Synthetic assumed household; not measured Eatontown data
1,30,10,1.006213,Synthetic assumed household; not measured Eatontown data
1,30,11,0.877208,Synthetic assumed household; not measured Eatontown data
1,30,12,0.948048,Synthetic assumed household; not measured Eatontown data
1,30,13,0.973688,Synthetic assumed household; not measured Eatontown data
1,30,14,1.078775,Synthetic assumed household; not measured Eatontown data
1,30,15,1.229797,Synthetic assumed household; not measured Eatontown data
1,30,16,1.356738,Synthetic assumed household; not measured Eatontown data
1,30,17,1.893185,Synthetic assumed household; not measured Eatontown data
1,30,18,2.148071,Synthetic assumed household; not measured Eatontown data
1,30,19,2.619122,Synthetic assumed household; not measured Eatontown data
1,30,20,2.309673,Synthetic assumed household; not measured Eatontown data
1,30,21,1.694173,Synthetic assumed household; not measured Eatontown data
1,30,22,1.167869,Synthetic assumed household; not measured Eatontown data
1,30,23,0.813824,Synthetic assumed household; not measured Eatontown data
1,31,0,0.547121,Synthetic assumed household; not measured Eatontown data
1,31,1,0.491235,Synthetic assumed household; not measured Eatontown data
1,31,2,0.508021,Synthetic assumed household; not measured Eatontown data
1,31,3,0.589335,Synthetic assumed household; not measured Eatontown data
1,31,4,0.663872,Synthetic assumed household; not measured Eatontown data
1,31,5,0.888440,Synthetic assumed household; not measured Eatontown data
1,31,6,1.168282,Synthetic assumed household; not measured Eatontown data
1,31,7,1.270168,Synthetic assumed household; not measured Eatontown data
1,31,8,1.211842,Synthetic assumed household; not measured Eatontown data
1,31,9,1.051803,Synthetic assumed household; not measured Eatontown data
1,31,10,0.850520,Synthetic assumed household; not measured Eatontown data
1,31,11,0.827321,Synthetic assumed household; not measured Eatontown data
1,31,12,0.757207,Synthetic assumed household; not measured Eatontown data
1,31,13,0.837368,Synthetic assumed household; not measured Eatontown data
1,31,14,0.932308,Synthetic assumed household; not measured Eatontown data
1,31,15,0.933105,Synthetic assumed household; not measured Eatontown data
1,31,16,1.202100,Synthetic assumed household; not measured Eatontown data
1,31,17,1.386791,Synthetic assumed household; not measured Eatontown data
1,31,18,2.021290,Synthetic assumed household; not measured Eatontown data
1,31,19,2.022945,Synthetic assumed household; not measured Eatontown data
1,31,20,1.695880,Synthetic assumed household; not measured Eatontown data
1,31,21,1.286499,Synthetic assumed household; not measured Eatontown data
1,31,22,0.980045,Synthetic assumed household; not measured Eatontown data
1,31,23,0.703039,Synthetic assumed household; not measured Eatontown data
2,1,0,0.509009,Synthetic assumed household; not measured Eatontown data
2,1,1,0.501739,Synthetic assumed household; not measured Eatontown data
2,1,2,0.460189,Synthetic assumed household; not measured Eatontown data
2,1,3,0.429561,Synthetic assumed household; not measured Eatontown data
2,1,4,0.503658,Synthetic assumed household; not measured Eatontown data
2,1,5,0.504555,Synthetic assumed household; not measured Eatontown data
2,1,6,0.638748,Synthetic assumed household; not measured Eatontown data
2,1,7,0.848793,Synthetic assumed household; not measured Eatontown data
2,1,8,1.102612,Synthetic assumed household; not measured Eatontown data
2,1,9,1.424790,Synthetic assumed household; not measured Eatontown data
2,1,10,1.379313,Synthetic assumed household; not measured Eatontown data
2,1,11,0.987111,Synthetic assumed household; not measured Eatontown data
2,1,12,0.878977,Synthetic assumed household; not measured Eatontown data
2,1,13,0.782201,Synthetic assumed household; not measured Eatontown data
2,1,14,0.869180,Synthetic assumed household; not measured Eatontown data
2,1,15,0.877657,Synthetic assumed household; not measured Eatontown data
2,1,16,1.152854,Synthetic assumed household; not measured Eatontown data
2,1,17,1.491657,Synthetic assumed household; not measured Eatontown data
2,1,18,1.634634,Synthetic assumed household; not measured Eatontown data
2,1,19,1.941142,Synthetic assumed household; not measured Eatontown data
2,1,20,1.629828,Synthetic assumed household; not measured Eatontown data
2,1,21,1.390773,Synthetic assumed household; not measured Eatontown data
2,1,22,0.900464,Synthetic assumed household; not measured Eatontown data
2,1,23,0.686108,Synthetic assumed household; not measured Eatontown data
2,2,0,0.473307,Synthetic assumed household; not measured Eatontown data
2,2,1,0.501833,Synthetic assumed household; not measured Eatontown data
2,2,2,0.542827,Synthetic assumed household; not measured Eatontown data
2,2,3,0.494024,Synthetic assumed household; not measured Eatontown data
2,2,4,0.467319,Synthetic assumed household; not measured Eatontown data
2,2,5,0.541309,Synthetic assumed household; not measured Eatontown data
2,2,6,0.631400,Synthetic assumed household; not measured Eatontown data
2,2,7,0.911120,Synthetic assumed household; not measured Eatontown data
2,2,8,1.239871,Synthetic assumed household; not measured Eatontown data
2,2,9,1.408544,Synthetic assumed household; not measured Eatontown data
2,2,10,1.291600,Synthetic assumed household; not measured Eatontown data
2,2,11,1.038369,Synthetic assumed household; not measured Eatontown data
2,2,12,0.962564,Synthetic assumed household; not measured Eatontown data
2,2,13,0.864568,Synthetic assumed household; not measured Eatontown data
2,2,14,0.807620,Synthetic assumed household; not measured Eatontown data
2,2,15,0.983932,Synthetic assumed household; not measured Eatontown data
2,2,16,1.036356,Synthetic assumed household; not measured Eatontown data
2,2,17,1.552233,Synthetic assumed household; not measured Eatontown data
2,2,18,1.895969,Synthetic assumed household; not measured Eatontown data
2,2,19,2.074286,Synthetic assumed household; not measured Eatontown data
2,2,20,1.724414,Synthetic assumed household; not measured Eatontown data
2,2,21,1.406484,Synthetic assumed household; not measured Eatontown data
2,2,22,1.018252,Synthetic assumed household; not measured Eatontown data
2,2,23,0.752211,Synthetic assumed household; not measured Eatontown data
2,3,0,0.477831,Synthetic assumed household; not measured Eatontown data
2,3,1,0.527613,Synthetic assumed household; not measured Eatontown data
2,3,2,0.543002,Synthetic assumed household; not measured Eatontown data
2,3,3,0.607171,Synthetic assumed household; not measured Eatontown data
2,3,4,0.728395,Synthetic assumed household; not measured Eatontown data
2,3,5,0.916538,Synthetic assumed household; not measured Eatontown data
2,3,6,1.258404,Synthetic assumed household; not measured Eatontown data
2,3,7,1.414319,Synthetic assumed household; not measured Eatontown data
2,3,8,1.370715,Synthetic assumed household; not measured Eatontown data
2,3,9,1.034534,Synthetic assumed household; not measured Eatontown data
2,3,10,0.900718,Synthetic assumed household; not measured Eatontown data
2,3,11,0.770854,Synthetic assumed household; not measured Eatontown data
2,3,12,0.842408,Synthetic assumed household; not measured Eatontown data
2,3,13,0.955078,Synthetic assumed household; not measured Eatontown data
2,3,14,0.875155,Synthetic assumed household; not measured Eatontown data
2,3,15,1.033203,Synthetic assumed household; not measured Eatontown data
2,3,16,1.254005,Synthetic assumed household; not measured Eatontown data
2,3,17,1.691044,Synthetic assumed household; not measured Eatontown data
2,3,18,2.081412,Synthetic assumed household; not measured Eatontown data
2,3,19,2.234566,Synthetic assumed household; not measured Eatontown data
2,3,20,1.838758,Synthetic assumed household; not measured Eatontown data
2,3,21,1.400695,Synthetic assumed household; not measured Eatontown data
2,3,22,1.066275,Synthetic assumed household; not measured Eatontown data
2,3,23,0.770643,Synthetic assumed household; not measured Eatontown data
2,4,0,0.531530,Synthetic assumed household; not measured Eatontown data
2,4,1,0.536134,Synthetic assumed household; not measured Eatontown data
2,4,2,0.609039,Synthetic assumed household; not measured Eatontown data
2,4,3,0.682017,Synthetic assumed household; not measured Eatontown data
2,4,4,0.829037,Synthetic assumed household; not measured Eatontown data
2,4,5,1.083052,Synthetic assumed household; not measured Eatontown data
2,4,6,1.374545,Synthetic assumed household; not measured Eatontown data
2,4,7,1.459844,Synthetic assumed household; not measured Eatontown data
2,4,8,1.499231,Synthetic assumed household; not measured Eatontown data
2,4,9,1.259530,Synthetic assumed household; not measured Eatontown data
2,4,10,0.961146,Synthetic assumed household; not measured Eatontown data
2,4,11,0.957138,Synthetic assumed household; not measured Eatontown data
2,4,12,1.019155,Synthetic assumed household; not measured Eatontown data
2,4,13,0.883291,Synthetic assumed household; not measured Eatontown data
2,4,14,1.065832,Synthetic assumed household; not measured Eatontown data
2,4,15,1.061190,Synthetic assumed household; not measured Eatontown data
2,4,16,1.320770,Synthetic assumed household; not measured Eatontown data
2,4,17,1.633268,Synthetic assumed household; not measured Eatontown data
2,4,18,2.176925,Synthetic assumed household; not measured Eatontown data
2,4,19,2.350182,Synthetic assumed household; not measured Eatontown data
2,4,20,2.218845,Synthetic assumed household; not measured Eatontown data
2,4,21,1.511031,Synthetic assumed household; not measured Eatontown data
2,4,22,1.040959,Synthetic assumed household; not measured Eatontown data
2,4,23,0.875628,Synthetic assumed household; not measured Eatontown data
2,5,0,0.517357,Synthetic assumed household; not measured Eatontown data
2,5,1,0.591566,Synthetic assumed household; not measured Eatontown data
2,5,2,0.513228,Synthetic assumed household; not measured Eatontown data
2,5,3,0.581267,Synthetic assumed household; not measured Eatontown data
2,5,4,0.667641,Synthetic assumed household; not measured Eatontown data
2,5,5,0.914133,Synthetic assumed household; not measured Eatontown data
2,5,6,1.169910,Synthetic assumed household; not measured Eatontown data
2,5,7,1.568276,Synthetic assumed household; not measured Eatontown data
2,5,8,1.468915,Synthetic assumed household; not measured Eatontown data
2,5,9,1.130386,Synthetic assumed household; not measured Eatontown data
2,5,10,0.843350,Synthetic assumed household; not measured Eatontown data
2,5,11,0.848053,Synthetic assumed household; not measured Eatontown data
2,5,12,0.851113,Synthetic assumed household; not measured Eatontown data
2,5,13,0.920572,Synthetic assumed household; not measured Eatontown data
2,5,14,0.963106,Synthetic assumed household; not measured Eatontown data
2,5,15,1.015242,Synthetic assumed household; not measured Eatontown data
2,5,16,1.198508,Synthetic assumed household; not measured Eatontown data
2,5,17,1.750098,Synthetic assumed household; not measured Eatontown data
2,5,18,1.893529,Synthetic assumed household; not measured Eatontown data
2,5,19,2.110334,Synthetic assumed household; not measured Eatontown data
2,5,20,1.945562,Synthetic assumed household; not measured Eatontown data
2,5,21,1.427421,Synthetic assumed household; not measured Eatontown data
2,5,22,1.073767,Synthetic assumed household; not measured Eatontown data
2,5,23,0.770494,Synthetic assumed household; not measured Eatontown data
2,6,0,0.579451,Synthetic assumed household; not measured Eatontown data
2,6,1,0.662929,Synthetic assumed household; not measured Eatontown data
2,6,2,0.631353,Synthetic assumed household; not measured Eatontown data
2,6,3,0.619428,Synthetic assumed household; not measured Eatontown data
2,6,4,0.787801,Synthetic assumed household; not measured Eatontown data
2,6,5,1.103865,Synthetic assumed household; not measured Eatontown data
2,6,6,1.506687,Synthetic assumed household; not measured Eatontown data
2,6,7,1.489218,Synthetic assumed household; not measured Eatontown data
2,6,8,1.537772,Synthetic assumed household; not measured Eatontown data
2,6,9,1.207964,Synthetic assumed household; not measured Eatontown data
2,6,10,1.083452,Synthetic assumed household; not measured Eatontown data
2,6,11,0.909506,Synthetic assumed household; not measured Eatontown data
2,6,12,1.030615,Synthetic assumed household; not measured Eatontown data
2,6,13,1.023268,Synthetic assumed household; not measured Eatontown data
2,6,14,1.006981,Synthetic assumed household; not measured Eatontown data
2,6,15,1.172661,Synthetic assumed household; not measured Eatontown data
2,6,16,1.430720,Synthetic assumed household; not measured Eatontown data
2,6,17,1.877169,Synthetic assumed household; not measured Eatontown data
2,6,18,2.329514,Synthetic assumed household; not measured Eatontown data
2,6,19,2.468118,Synthetic assumed household; not measured Eatontown data
2,6,20,2.307880,Synthetic assumed household; not measured Eatontown data
2,6,21,1.711078,Synthetic assumed household; not measured Eatontown data
2,6,22,1.266706,Synthetic assumed household; not measured Eatontown data
2,6,23,0.865205,Synthetic assumed household; not measured Eatontown data
2,7,0,0.490017,Synthetic assumed household; not measured Eatontown data
2,7,1,0.504523,Synthetic assumed household; not measured Eatontown data
2,7,2,0.525622,Synthetic assumed household; not measured Eatontown data
2,7,3,0.488758,Synthetic assumed household; not measured Eatontown data
2,7,4,0.612012,Synthetic assumed household; not measured Eatontown data
2,7,5,0.916759,Synthetic assumed household; not measured Eatontown data
2,7,6,1.102428,Synthetic assumed household; not measured Eatontown data
2,7,7,1.244588,Synthetic assumed household; not measured Eatontown data
2,7,8,1.245547,Synthetic assumed household; not measured Eatontown data
2,7,9,1.085621,Synthetic assumed household; not measured Eatontown data
2,7,10,0.827804,Synthetic assumed household; not measured Eatontown data
2,7,11,0.844299,Synthetic assumed household; not measured Eatontown data
2,7,12,0.850910,Synthetic assumed household; not measured Eatontown data
2,7,13,0.782263,Synthetic assumed household; not measured Eatontown data
2,7,14,0.906923,Synthetic assumed household; not measured Eatontown data
2,7,15,0.933447,Synthetic assumed household; not measured Eatontown data
2,7,16,1.216804,Synthetic assumed household; not measured Eatontown data
2,7,17,1.561132,Synthetic assumed household; not measured Eatontown data
2,7,18,1.771951,Synthetic assumed household; not measured Eatontown data
2,7,19,1.812078,Synthetic assumed household; not measured Eatontown data
2,7,20,1.938358,Synthetic assumed household; not measured Eatontown data
2,7,21,1.270848,Synthetic assumed household; not measured Eatontown data
2,7,22,1.051773,Synthetic assumed household; not measured Eatontown data
2,7,23,0.739606,Synthetic assumed household; not measured Eatontown data
2,8,0,0.614807,Synthetic assumed household; not measured Eatontown data
2,8,1,0.613486,Synthetic assumed household; not measured Eatontown data
2,8,2,0.595618,Synthetic assumed household; not measured Eatontown data
2,8,3,0.547977,Synthetic assumed household; not measured Eatontown data
2,8,4,0.604970,Synthetic assumed household; not measured Eatontown data
2,8,5,0.551597,Synthetic assumed household; not measured Eatontown data
2,8,6,0.746561,Synthetic assumed household; not measured Eatontown data
2,8,7,1.016425,Synthetic assumed household; not measured Eatontown data
2,8,8,1.446470,Synthetic assumed household; not measured Eatontown data
2,8,9,1.672302,Synthetic assumed household; not measured Eatontown data
2,8,10,1.549191,Synthetic assumed household; not measured Eatontown data
2,8,11,1.340738,Synthetic assumed household; not measured Eatontown data
2,8,12,1.146010,Synthetic assumed household; not measured Eatontown data
2,8,13,0.893539,Synthetic assumed household; not measured Eatontown data
2,8,14,0.918674,Synthetic assumed household; not measured Eatontown data
2,8,15,0.959952,Synthetic assumed household; not measured Eatontown data
2,8,16,1.396881,Synthetic assumed household; not measured Eatontown data
2,8,17,1.703876,Synthetic assumed household; not measured Eatontown data
2,8,18,2.243579,Synthetic assumed household; not measured Eatontown data
2,8,19,2.097286,Synthetic assumed household; not measured Eatontown data
2,8,20,1.831821,Synthetic assumed household; not measured Eatontown data
2,8,21,1.649422,Synthetic assumed household; not measured Eatontown data
2,8,22,1.177502,Synthetic assumed household; not measured Eatontown data
2,8,23,0.749660,Synthetic assumed household; not measured Eatontown data
2,9,0,0.473968,Synthetic assumed household; not measured Eatontown data
2,9,1,0.556444,Synthetic assumed household; not measured Eatontown data
2,9,2,0.491180,Synthetic assumed household; not measured Eatontown data
2,9,3,0.511950,Synthetic assumed household; not measured Eatontown data
2,9,4,0.478634,Synthetic assumed household; not measured Eatontown data
2,9,5,0.599411,Synthetic assumed household; not measured Eatontown data
2,9,6,0.625649,Synthetic assumed household; not measured Eatontown data
2,9,7,0.925260,Synthetic assumed household; not measured Eatontown data
2,9,8,1.316441,Synthetic assumed household; not measured Eatontown data
2,9,9,1.543504,Synthetic assumed household; not measured Eatontown data
2,9,10,1.510831,Synthetic assumed household; not measured Eatontown data
2,9,11,1.128266,Synthetic assumed household; not measured Eatontown data
2,9,12,1.005482,Synthetic assumed household; not measured Eatontown data
2,9,13,0.821736,Synthetic assumed household; not measured Eatontown data
2,9,14,0.868464,Synthetic assumed household; not measured Eatontown data
2,9,15,0.888347,Synthetic assumed household; not measured Eatontown data
2,9,16,1.178604,Synthetic assumed household; not measured Eatontown data
2,9,17,1.504424,Synthetic assumed household; not measured Eatontown data
2,9,18,2.056501,Synthetic assumed household; not measured Eatontown data
2,9,19,1.833315,Synthetic assumed household; not measured Eatontown data
2,9,20,1.780233,Synthetic assumed household; not measured Eatontown data
2,9,21,1.394500,Synthetic assumed household; not measured Eatontown data
2,9,22,1.080296,Synthetic assumed household; not measured Eatontown data
2,9,23,0.761219,Synthetic assumed household; not measured Eatontown data
2,10,0,0.478927,Synthetic assumed household; not measured Eatontown data
2,10,1,0.466575,Synthetic assumed household; not measured Eatontown data
2,10,2,0.512434,Synthetic assumed household; not measured Eatontown data
2,10,3,0.481769,Synthetic assumed household; not measured Eatontown data
2,10,4,0.582163,Synthetic assumed household; not measured Eatontown data
2,10,5,0.762977,Synthetic assumed household; not measured Eatontown data
2,10,6,1.014860,Synthetic assumed household; not measured Eatontown data
2,10,7,1.338100,Synthetic assumed household; not measured Eatontown data
2,10,8,1.140386,Synthetic assumed household; not measured Eatontown data
2,10,9,0.953910,Synthetic assumed household; not measured Eatontown data
2,10,10,0.787853,Synthetic assumed household; not measured Eatontown data
2,10,11,0.740284,Synthetic assumed household; not measured Eatontown data
2,10,12,0.672108,Synthetic assumed household; not measured Eatontown data
2,10,13,0.809593,Synthetic assumed household; not measured Eatontown data
2,10,14,0.752373,Synthetic assumed household; not measured Eatontown data
2,10,15,0.807142,Synthetic assumed household; not measured Eatontown data
2,10,16,1.081456,Synthetic assumed household; not measured Eatontown data
2,10,17,1.265906,Synthetic assumed household; not measured Eatontown data
2,10,18,1.795499,Synthetic assumed household; not measured Eatontown data
2,10,19,1.721076,Synthetic assumed household; not measured Eatontown data
2,10,20,1.558235,Synthetic assumed household; not measured Eatontown data
2,10,21,1.369326,Synthetic assumed household; not measured Eatontown data
2,10,22,0.865132,Synthetic assumed household; not measured Eatontown data
2,10,23,0.597174,Synthetic assumed household; not measured Eatontown data
2,11,0,0.529038,Synthetic assumed household; not measured Eatontown data
2,11,1,0.630490,Synthetic assumed household; not measured Eatontown data
2,11,2,0.552741,Synthetic assumed household; not measured Eatontown data
2,11,3,0.584034,Synthetic assumed household; not measured Eatontown data
2,11,4,0.718297,Synthetic assumed household; not measured Eatontown data
2,11,5,0.967449,Synthetic assumed household; not measured Eatontown data
2,11,6,1.441574,Synthetic assumed household; not measured Eatontown data
2,11,7,1.440538,Synthetic assumed household; not measured Eatontown data
2,11,8,1.321947,Synthetic assumed household; not measured Eatontown data
2,11,9,1.243415,Synthetic assumed household; not measured Eatontown data
2,11,10,0.923557,Synthetic assumed household; not measured Eatontown data
2,11,11,0.891241,Synthetic assumed household; not measured Eatontown data
2,11,12,0.883932,Synthetic assumed household; not measured Eatontown data
2,11,13,0.886853,Synthetic assumed household; not measured Eatontown data
2,11,14,1.057642,Synthetic assumed household; not measured Eatontown data
2,11,15,1.115625,Synthetic assumed household; not measured Eatontown data
2,11,16,1.424961,Synthetic assumed household; not measured Eatontown data
2,11,17,1.754107,Synthetic assumed household; not measured Eatontown data
2,11,18,2.289715,Synthetic assumed household; not measured Eatontown data
2,11,19,2.331828,Synthetic assumed household; not measured Eatontown data
2,11,20,1.937368,Synthetic assumed household; not measured Eatontown data
2,11,21,1.623294,Synthetic assumed household; not measured Eatontown data
2,11,22,1.241174,Synthetic assumed household; not measured Eatontown data
2,11,23,0.742662,Synthetic assumed household; not measured Eatontown data
2,12,0,0.610233,Synthetic assumed household; not measured Eatontown data
2,12,1,0.571791,Synthetic assumed household; not measured Eatontown data
2,12,2,0.571006,Synthetic assumed household; not measured Eatontown data
2,12,3,0.667015,Synthetic assumed household; not measured Eatontown data
2,12,4,0.667358,Synthetic assumed household; not measured Eatontown data
2,12,5,0.997239,Synthetic assumed household; not measured Eatontown data
2,12,6,1.324960,Synthetic assumed household; not measured Eatontown data
2,12,7,1.597487,Synthetic assumed household; not measured Eatontown data
2,12,8,1.414031,Synthetic assumed household; not measured Eatontown data
2,12,9,1.230552,Synthetic assumed household; not measured Eatontown data
2,12,10,0.862756,Synthetic assumed household; not measured Eatontown data
2,12,11,0.819057,Synthetic assumed household; not measured Eatontown data
2,12,12,0.934864,Synthetic assumed household; not measured Eatontown data
2,12,13,0.860760,Synthetic assumed household; not measured Eatontown data
2,12,14,0.932406,Synthetic assumed household; not measured Eatontown data
2,12,15,1.102634,Synthetic assumed household; not measured Eatontown data
2,12,16,1.327143,Synthetic assumed household; not measured Eatontown data
2,12,17,1.646014,Synthetic assumed household; not measured Eatontown data
2,12,18,2.306823,Synthetic assumed household; not measured Eatontown data
2,12,19,2.264433,Synthetic assumed household; not measured Eatontown data
2,12,20,2.015100,Synthetic assumed household; not measured Eatontown data
2,12,21,1.602844,Synthetic assumed household; not measured Eatontown data
2,12,22,1.014489,Synthetic assumed household; not measured Eatontown data
2,12,23,0.822869,Synthetic assumed household; not measured Eatontown data
2,13,0,0.596399,Synthetic assumed household; not measured Eatontown data
2,13,1,0.610970,Synthetic assumed household; not measured Eatontown data
2,13,2,0.612290,Synthetic assumed household; not measured Eatontown data
2,13,3,0.586129,Synthetic assumed household; not measured Eatontown data
2,13,4,0.737809,Synthetic assumed household; not measured Eatontown data
2,13,5,0.964424,Synthetic assumed household; not measured Eatontown data
2,13,6,1.331986,Synthetic assumed household; not measured Eatontown data
2,13,7,1.553800,Synthetic assumed household; not measured Eatontown data
2,13,8,1.418511,Synthetic assumed household; not measured Eatontown data
2,13,9,1.064405,Synthetic assumed household; not measured Eatontown data
2,13,10,0.946430,Synthetic assumed household; not measured Eatontown data
2,13,11,0.940459,Synthetic assumed household; not measured Eatontown data
2,13,12,0.908388,Synthetic assumed household; not measured Eatontown data
2,13,13,0.893228,Synthetic assumed household; not measured Eatontown data
2,13,14,1.078339,Synthetic assumed household; not measured Eatontown data
2,13,15,0.999042,Synthetic assumed household; not measured Eatontown data
2,13,16,1.427335,Synthetic assumed household; not measured Eatontown data
2,13,17,1.595601,Synthetic assumed household; not measured Eatontown data
2,13,18,1.965151,Synthetic assumed household; not measured Eatontown data
2,13,19,2.401384,Synthetic assumed household; not measured Eatontown data
2,13,20,2.200348,Synthetic assumed household; not measured Eatontown data
2,13,21,1.616533,Synthetic assumed household; not measured Eatontown data
2,13,22,1.142535,Synthetic assumed household; not measured Eatontown data
2,13,23,0.815365,Synthetic assumed household; not measured Eatontown data
2,14,0,0.458803,Synthetic assumed household; not measured Eatontown data
2,14,1,0.482482,Synthetic assumed household; not measured Eatontown data
2,14,2,0.519324,Synthetic assumed household; not measured Eatontown data
2,14,3,0.559519,Synthetic assumed household; not measured Eatontown data
2,14,4,0.685717,Synthetic assumed household; not measured Eatontown data
2,14,5,0.912906,Synthetic assumed household; not measured Eatontown data
2,14,6,1.290425,Synthetic assumed household; not measured Eatontown data
2,14,7,1.371547,Synthetic assumed household; not measured Eatontown data
2,14,8,1.200143,Synthetic assumed household; not measured Eatontown data
2,14,9,1.008374,Synthetic assumed household; not measured Eatontown data
2,14,10,0.776109,Synthetic assumed household; not measured Eatontown data
2,14,11,0.804929,Synthetic assumed household; not measured Eatontown data
2,14,12,0.754768,Synthetic assumed household; not measured Eatontown data
2,14,13,0.758435,Synthetic assumed household; not measured Eatontown data
2,14,14,0.911207,Synthetic assumed household; not measured Eatontown data
2,14,15,0.912796,Synthetic assumed household; not measured Eatontown data
2,14,16,1.207751,Synthetic assumed household; not measured Eatontown data
2,14,17,1.511080,Synthetic assumed household; not measured Eatontown data
2,14,18,1.945146,Synthetic assumed household; not measured Eatontown data
2,14,19,2.100452,Synthetic assumed household; not measured Eatontown data
2,14,20,1.944119,Synthetic assumed household; not measured Eatontown data
2,14,21,1.457644,Synthetic assumed household; not measured Eatontown data
2,14,22,0.984692,Synthetic assumed household; not measured Eatontown data
2,14,23,0.710197,Synthetic assumed household; not measured Eatontown data
2,15,0,0.486676,Synthetic assumed household; not measured Eatontown data
2,15,1,0.477823,Synthetic assumed household; not measured Eatontown data
2,15,2,0.427713,Synthetic assumed household; not measured Eatontown data
2,15,3,0.421157,Synthetic assumed household; not measured Eatontown data
2,15,4,0.475336,Synthetic assumed household; not measured Eatontown data
2,15,5,0.469539,Synthetic assumed household; not measured Eatontown data
2,15,6,0.573205,Synthetic assumed household; not measured Eatontown data
2,15,7,0.738587,Synthetic assumed household; not measured Eatontown data
2,15,8,1.199760,Synthetic assumed household; not measured Eatontown data
2,15,9,1.308791,Synthetic assumed household; not measured Eatontown data
2,15,10,1.193074,Synthetic assumed household; not measured Eatontown data
2,15,11,0.934282,Synthetic assumed household; not measured Eatontown data
2,15,12,0.863977,Synthetic assumed household; not measured Eatontown data
2,15,13,0.701907,Synthetic assumed household; not measured Eatontown data
2,15,14,0.813462,Synthetic assumed household; not measured Eatontown data
2,15,15,0.799231,Synthetic assumed household; not measured Eatontown data
2,15,16,1.019848,Synthetic assumed household; not measured Eatontown data
2,15,17,1.302094,Synthetic assumed household; not measured Eatontown data
2,15,18,1.612152,Synthetic assumed household; not measured Eatontown data
2,15,19,1.853289,Synthetic assumed household; not measured Eatontown data
2,15,20,1.692527,Synthetic assumed household; not measured Eatontown data
2,15,21,1.254461,Synthetic assumed household; not measured Eatontown data
2,15,22,0.797441,Synthetic assumed household; not measured Eatontown data
2,15,23,0.567852,Synthetic assumed household; not measured Eatontown data
2,16,0,0.479336,Synthetic assumed household; not measured Eatontown data
2,16,1,0.484672,Synthetic assumed household; not measured Eatontown data
2,16,2,0.447318,Synthetic assumed household; not measured Eatontown data
2,16,3,0.485303,Synthetic assumed household; not measured Eatontown data
2,16,4,0.475922,Synthetic assumed household; not measured Eatontown data
2,16,5,0.504156,Synthetic assumed household; not measured Eatontown data
2,16,6,0.590646,Synthetic assumed household; not measured Eatontown data
2,16,7,0.899930,Synthetic assumed household; not measured Eatontown data
2,16,8,1.077041,Synthetic assumed household; not measured Eatontown data
2,16,9,1.330630,Synthetic assumed household; not measured Eatontown data
2,16,10,1.216648,Synthetic assumed household; not measured Eatontown data
2,16,11,1.089000,Synthetic assumed household; not measured Eatontown data
2,16,12,0.876928,Synthetic assumed household; not measured Eatontown data
2,16,13,0.836389,Synthetic assumed household; not measured Eatontown data
2,16,14,0.736400,Synthetic assumed household; not measured Eatontown data
2,16,15,0.866952,Synthetic assumed household; not measured Eatontown data
2,16,16,1.104430,Synthetic assumed household; not measured Eatontown data
2,16,17,1.266808,Synthetic assumed household; not measured Eatontown data
2,16,18,1.660666,Synthetic assumed household; not measured Eatontown data
2,16,19,1.747088,Synthetic assumed household; not measured Eatontown data
2,16,20,1.554037,Synthetic assumed household; not measured Eatontown data
2,16,21,1.229968,Synthetic assumed household; not measured Eatontown data
2,16,22,0.877368,Synthetic assumed household; not measured Eatontown data
2,16,23,0.587453,Synthetic assumed household; not measured Eatontown data
2,17,0,0.523774,Synthetic assumed household; not measured Eatontown data
2,17,1,0.547492,Synthetic assumed household; not measured Eatontown data
2,17,2,0.590435,Synthetic assumed household; not measured Eatontown data
2,17,3,0.601378,Synthetic assumed household; not measured Eatontown data
2,17,4,0.768861,Synthetic assumed household; not measured Eatontown data
2,17,5,1.047066,Synthetic assumed household; not measured Eatontown data
2,17,6,1.217611,Synthetic assumed household; not measured Eatontown data
2,17,7,1.627182,Synthetic assumed household; not measured Eatontown data
2,17,8,1.268069,Synthetic assumed household; not measured Eatontown data
2,17,9,1.012689,Synthetic assumed household; not measured Eatontown data
2,17,10,1.007545,Synthetic assumed household; not measured Eatontown data
2,17,11,0.944585,Synthetic assumed household; not measured Eatontown data
2,17,12,0.915177,Synthetic assumed household; not measured Eatontown data
2,17,13,0.942339,Synthetic assumed household; not measured Eatontown data
2,17,14,1.002208,Synthetic assumed household; not measured Eatontown data
2,17,15,1.040751,Synthetic assumed household; not measured Eatontown data
2,17,16,1.195329,Synthetic assumed household; not measured Eatontown data
2,17,17,1.519399,Synthetic assumed household; not measured Eatontown data
2,17,18,1.995649,Synthetic assumed household; not measured Eatontown data
2,17,19,2.351037,Synthetic assumed household; not measured Eatontown data
2,17,20,2.051201,Synthetic assumed household; not measured Eatontown data
2,17,21,1.649238,Synthetic assumed household; not measured Eatontown data
2,17,22,1.177822,Synthetic assumed household; not measured Eatontown data
2,17,23,0.715066,Synthetic assumed household; not measured Eatontown data
2,18,0,0.545228,Synthetic assumed household; not measured Eatontown data
2,18,1,0.585814,Synthetic assumed household; not measured Eatontown data
2,18,2,0.584934,Synthetic assumed household; not measured Eatontown data
2,18,3,0.604190,Synthetic assumed household; not measured Eatontown data
2,18,4,0.711567,Synthetic assumed household; not measured Eatontown data
2,18,5,0.979919,Synthetic assumed household; not measured Eatontown data
2,18,6,1.320738,Synthetic assumed household; not measured Eatontown data
2,18,7,1.453684,Synthetic assumed household; not measured Eatontown data
2,18,8,1.435307,Synthetic assumed household; not measured Eatontown data
2,18,9,1.061053,Synthetic assumed household; not measured Eatontown data
2,18,10,0.955441,Synthetic assumed household; not measured Eatontown data
2,18,11,0.977178,Synthetic assumed household; not measured Eatontown data
2,18,12,0.897198,Synthetic assumed household; not measured Eatontown data
2,18,13,0.996301,Synthetic assumed household; not measured Eatontown data
2,18,14,1.049992,Synthetic assumed household; not measured Eatontown data
2,18,15,1.154224,Synthetic assumed household; not measured Eatontown data
2,18,16,1.258735,Synthetic assumed household; not measured Eatontown data
2,18,17,1.602398,Synthetic assumed household; not measured Eatontown data
2,18,18,1.993663,Synthetic assumed household; not measured Eatontown data
2,18,19,2.321924,Synthetic assumed household; not measured Eatontown data
2,18,20,2.163213,Synthetic assumed household; not measured Eatontown data
2,18,21,1.636292,Synthetic assumed household; not measured Eatontown data
2,18,22,1.042985,Synthetic assumed household; not measured Eatontown data
2,18,23,0.843246,Synthetic assumed household; not measured Eatontown data
2,19,0,0.545836,Synthetic assumed household; not measured Eatontown data
2,19,1,0.547209,Synthetic assumed household; not measured Eatontown data
2,19,2,0.520725,Synthetic assumed household; not measured Eatontown data
2,19,3,0.604957,Synthetic assumed household; not measured Eatontown data
2,19,4,0.677050,Synthetic assumed household; not measured Eatontown data
2,19,5,0.939710,Synthetic assumed household; not measured Eatontown data
2,19,6,1.265570,Synthetic assumed household; not measured Eatontown data
2,19,7,1.509645,Synthetic assumed household; not measured Eatontown data
2,19,8,1.327352,Synthetic assumed household; not measured Eatontown data
2,19,9,0.966582,Synthetic assumed household; not measured Eatontown data
2,19,10,0.787341,Synthetic assumed household; not measured Eatontown data
2,19,11,0.807354,Synthetic assumed household; not measured Eatontown data
2,19,12,0.803042,Synthetic assumed household; not measured Eatontown data
2,19,13,0.822412,Synthetic assumed household; not measured Eatontown data
2,19,14,0.812830,Synthetic assumed household; not measured Eatontown data
2,19,15,0.982720,Synthetic assumed household; not measured Eatontown data
2,19,16,1.155364,Synthetic assumed household; not measured Eatontown data
2,19,17,1.543341,Synthetic assumed household; not measured Eatontown data
2,19,18,1.747889,Synthetic assumed household; not measured Eatontown data
2,19,19,2.192696,Synthetic assumed household; not measured Eatontown data
2,19,20,1.700946,Synthetic assumed household; not measured Eatontown data
2,19,21,1.538642,Synthetic assumed household; not measured Eatontown data
2,19,22,1.079244,Synthetic assumed household; not measured Eatontown data
2,19,23,0.739255,Synthetic assumed household; not measured Eatontown data
2,20,0,0.516944,Synthetic assumed household; not measured Eatontown data
2,20,1,0.527266,Synthetic assumed household; not measured Eatontown data
2,20,2,0.558334,Synthetic assumed household; not measured Eatontown data
2,20,3,0.603453,Synthetic assumed household; not measured Eatontown data
2,20,4,0.663524,Synthetic assumed household; not measured Eatontown data
2,20,5,0.974309,Synthetic assumed household; not measured Eatontown data
2,20,6,1.275806,Synthetic assumed household; not measured Eatontown data
2,20,7,1.360630,Synthetic assumed household; not measured Eatontown data
2,20,8,1.291641,Synthetic assumed household; not measured Eatontown data
2,20,9,0.969213,Synthetic assumed household; not measured Eatontown data
2,20,10,0.788392,Synthetic assumed household; not measured Eatontown data
2,20,11,0.754086,Synthetic assumed household; not measured Eatontown data
2,20,12,0.905221,Synthetic assumed household; not measured Eatontown data
2,20,13,0.836545,Synthetic assumed household; not measured Eatontown data
2,20,14,0.932796,Synthetic assumed household; not measured Eatontown data
2,20,15,0.984867,Synthetic assumed household; not measured Eatontown data
2,20,16,1.125334,Synthetic assumed household; not measured Eatontown data
2,20,17,1.483767,Synthetic assumed household; not measured Eatontown data
2,20,18,1.899174,Synthetic assumed household; not measured Eatontown data
2,20,19,2.036941,Synthetic assumed household; not measured Eatontown data
2,20,20,1.871828,Synthetic assumed household; not measured Eatontown data
2,20,21,1.339946,Synthetic assumed household; not measured Eatontown data
2,20,22,0.984712,Synthetic assumed household; not measured Eatontown data
2,20,23,0.693152,Synthetic assumed household; not measured Eatontown data
2,21,0,0.488584,Synthetic assumed household; not measured Eatontown data
2,21,1,0.515552,Synthetic assumed household; not measured Eatontown data
2,21,2,0.540999,Synthetic assumed household; not measured Eatontown data
2,21,3,0.558055,Synthetic assumed household; not measured Eatontown data
2,21,4,0.593359,Synthetic assumed household; not measured Eatontown data
2,21,5,0.817281,Synthetic assumed household; not measured Eatontown data
2,21,6,1.243173,Synthetic assumed household; not measured Eatontown data
2,21,7,1.308806,Synthetic assumed household; not measured Eatontown data
2,21,8,1.314590,Synthetic assumed household; not measured Eatontown data
2,21,9,1.041745,Synthetic assumed household; not measured Eatontown data
2,21,10,0.905770,Synthetic assumed household; not measured Eatontown data
2,21,11,0.853272,Synthetic assumed household; not measured Eatontown data
2,21,12,0.785590,Synthetic assumed household; not measured Eatontown data
2,21,13,0.851037,Synthetic assumed household; not measured Eatontown data
2,21,14,0.804926,Synthetic assumed household; not measured Eatontown data
2,21,15,0.925238,Synthetic assumed household; not measured Eatontown data
2,21,16,1.276575,Synthetic assumed household; not measured Eatontown data
2,21,17,1.574962,Synthetic assumed household; not measured Eatontown data
2,21,18,1.824034,Synthetic assumed household; not measured Eatontown data
2,21,19,2.036880,Synthetic assumed household; not measured Eatontown data
2,21,20,1.964623,Synthetic assumed household; not measured Eatontown data
2,21,21,1.341037,Synthetic assumed household; not measured Eatontown data
2,21,22,0.955357,Synthetic assumed household; not measured Eatontown data
2,21,23,0.743439,Synthetic assumed household; not measured Eatontown data
2,22,0,0.586428,Synthetic assumed household; not measured Eatontown data
2,22,1,0.604544,Synthetic assumed household; not measured Eatontown data
2,22,2,0.594699,Synthetic assumed household; not measured Eatontown data
2,22,3,0.590398,Synthetic assumed household; not measured Eatontown data
2,22,4,0.581073,Synthetic assumed household; not measured Eatontown data
2,22,5,0.635758,Synthetic assumed household; not measured Eatontown data
2,22,6,0.737815,Synthetic assumed household; not measured Eatontown data
2,22,7,1.008327,Synthetic assumed household; not measured Eatontown data
2,22,8,1.374679,Synthetic assumed household; not measured Eatontown data
2,22,9,1.529852,Synthetic assumed household; not measured Eatontown data
2,22,10,1.452147,Synthetic assumed household; not measured Eatontown data
2,22,11,1.387385,Synthetic assumed household; not measured Eatontown data
2,22,12,1.061924,Synthetic assumed household; not measured Eatontown data
2,22,13,0.926539,Synthetic assumed household; not measured Eatontown data
2,22,14,0.909895,Synthetic assumed household; not measured Eatontown data
2,22,15,0.981695,Synthetic assumed household; not measured Eatontown data
2,22,16,1.401806,Synthetic assumed household; not measured Eatontown data
2,22,17,1.565971,Synthetic assumed household; not measured Eatontown data
2,22,18,2.207784,Synthetic assumed household; not measured Eatontown data
2,22,19,2.395993,Synthetic assumed household; not measured Eatontown data
2,22,20,2.184957,Synthetic assumed household; not measured Eatontown data
2,22,21,1.421338,Synthetic assumed household; not measured Eatontown data
2,22,22,1.064437,Synthetic assumed household; not measured Eatontown data
2,22,23,0.831156,Synthetic assumed household; not measured Eatontown data
2,23,0,0.449112,Synthetic assumed household; not measured Eatontown data
2,23,1,0.429431,Synthetic assumed household; not measured Eatontown data
2,23,2,0.491380,Synthetic assumed household; not measured Eatontown data
2,23,3,0.487276,Synthetic assumed household; not measured Eatontown data
2,23,4,0.498314,Synthetic assumed household; not measured Eatontown data
2,23,5,0.467987,Synthetic assumed household; not measured Eatontown data
2,23,6,0.600782,Synthetic assumed household; not measured Eatontown data
2,23,7,0.826936,Synthetic assumed household; not measured Eatontown data
2,23,8,1.188147,Synthetic assumed household; not measured Eatontown data
2,23,9,1.257314,Synthetic assumed household; not measured Eatontown data
2,23,10,1.236550,Synthetic assumed household; not measured Eatontown data
2,23,11,0.989406,Synthetic assumed household; not measured Eatontown data
2,23,12,0.907546,Synthetic assumed household; not measured Eatontown data
2,23,13,0.787669,Synthetic assumed household; not measured Eatontown data
2,23,14,0.801914,Synthetic assumed household; not measured Eatontown data
2,23,15,0.837510,Synthetic assumed household; not measured Eatontown data
2,23,16,1.130528,Synthetic assumed household; not measured Eatontown data
2,23,17,1.373097,Synthetic assumed household; not measured Eatontown data
2,23,18,1.814388,Synthetic assumed household; not measured Eatontown data
2,23,19,1.774968,Synthetic assumed household; not measured Eatontown data
2,23,20,1.794915,Synthetic assumed household; not measured Eatontown data
2,23,21,1.394768,Synthetic assumed household; not measured Eatontown data
2,23,22,0.886556,Synthetic assumed household; not measured Eatontown data
2,23,23,0.612743,Synthetic assumed household; not measured Eatontown data
2,24,0,0.501581,Synthetic assumed household; not measured Eatontown data
2,24,1,0.546168,Synthetic assumed household; not measured Eatontown data
2,24,2,0.537298,Synthetic assumed household; not measured Eatontown data
2,24,3,0.567844,Synthetic assumed household; not measured Eatontown data
2,24,4,0.595540,Synthetic assumed household; not measured Eatontown data
2,24,5,0.834794,Synthetic assumed household; not measured Eatontown data
2,24,6,1.219420,Synthetic assumed household; not measured Eatontown data
2,24,7,1.452549,Synthetic assumed household; not measured Eatontown data
2,24,8,1.256735,Synthetic assumed household; not measured Eatontown data
2,24,9,0.918663,Synthetic assumed household; not measured Eatontown data
2,24,10,0.884886,Synthetic assumed household; not measured Eatontown data
2,24,11,0.839555,Synthetic assumed household; not measured Eatontown data
2,24,12,0.768399,Synthetic assumed household; not measured Eatontown data
2,24,13,0.870656,Synthetic assumed household; not measured Eatontown data
2,24,14,0.817767,Synthetic assumed household; not measured Eatontown data
2,24,15,1.018828,Synthetic assumed household; not measured Eatontown data
2,24,16,1.072013,Synthetic assumed household; not measured Eatontown data
2,24,17,1.477921,Synthetic assumed household; not measured Eatontown data
2,24,18,2.006382,Synthetic assumed household; not measured Eatontown data
2,24,19,1.865091,Synthetic assumed household; not measured Eatontown data
2,24,20,1.767245,Synthetic assumed household; not measured Eatontown data
2,24,21,1.335952,Synthetic assumed household; not measured Eatontown data
2,24,22,0.876139,Synthetic assumed household; not measured Eatontown data
2,24,23,0.632016,Synthetic assumed household; not measured Eatontown data
2,25,0,0.489488,Synthetic assumed household; not measured Eatontown data
2,25,1,0.568753,Synthetic assumed household; not measured Eatontown data
2,25,2,0.510367,Synthetic assumed household; not measured Eatontown data
2,25,3,0.502496,Synthetic assumed household; not measured Eatontown data
2,25,4,0.722382,Synthetic assumed household; not measured Eatontown data
2,25,5,0.972116,Synthetic assumed household; not measured Eatontown data
2,25,6,1.265473,Synthetic assumed household; not measured Eatontown data
2,25,7,1.481668,Synthetic assumed household; not measured Eatontown data
2,25,8,1.194576,Synthetic assumed household; not measured Eatontown data
2,25,9,0.989839,Synthetic assumed household; not measured Eatontown data
2,25,10,0.913973,Synthetic assumed household; not measured Eatontown data
2,25,11,0.844567,Synthetic assumed household; not measured Eatontown data
2,25,12,0.771725,Synthetic assumed household; not measured Eatontown data
2,25,13,0.892128,Synthetic assumed household; not measured Eatontown data
2,25,14,0.878412,Synthetic assumed household; not measured Eatontown data
2,25,15,0.879747,Synthetic assumed household; not measured Eatontown data
2,25,16,1.094322,Synthetic assumed household; not measured Eatontown data
2,25,17,1.474822,Synthetic assumed household; not measured Eatontown data
2,25,18,2.036070,Synthetic assumed household; not measured Eatontown data
2,25,19,2.065938,Synthetic assumed household; not measured Eatontown data
2,25,20,1.932961,Synthetic assumed household; not measured Eatontown data
2,25,21,1.434895,Synthetic assumed household; not measured Eatontown data
2,25,22,0.924624,Synthetic assumed household; not measured Eatontown data
2,25,23,0.688537,Synthetic assumed household; not measured Eatontown data
2,26,0,0.441150,Synthetic assumed household; not measured Eatontown data
2,26,1,0.477949,Synthetic assumed household; not measured Eatontown data
2,26,2,0.520151,Synthetic assumed household; not measured Eatontown data
2,26,3,0.516268,Synthetic assumed household; not measured Eatontown data
2,26,4,0.575600,Synthetic assumed household; not measured Eatontown data
2,26,5,0.923612,Synthetic assumed household; not measured Eatontown data
2,26,6,1.175383,Synthetic assumed household; not measured Eatontown data
2,26,7,1.186905,Synthetic assumed household; not measured Eatontown data
2,26,8,1.212445,Synthetic assumed household; not measured Eatontown data
2,26,9,0.920251,Synthetic assumed household; not measured Eatontown data
2,26,10,0.747337,Synthetic assumed household; not measured Eatontown data
2,26,11,0.751929,Synthetic assumed household; not measured Eatontown data
2,26,12,0.798593,Synthetic assumed household; not measured Eatontown data
2,26,13,0.762483,Synthetic assumed household; not measured Eatontown data
2,26,14,0.819060,Synthetic assumed household; not measured Eatontown data
2,26,15,0.946443,Synthetic assumed household; not measured Eatontown data
2,26,16,1.028463,Synthetic assumed household; not measured Eatontown data
2,26,17,1.593308,Synthetic assumed household; not measured Eatontown data
2,26,18,1.636044,Synthetic assumed household; not measured Eatontown data
2,26,19,1.930166,Synthetic assumed household; not measured Eatontown data
2,26,20,1.737781,Synthetic assumed household; not measured Eatontown data
2,26,21,1.470019,Synthetic assumed household; not measured Eatontown data
2,26,22,0.951128,Synthetic assumed household; not measured Eatontown data
2,26,23,0.660011,Synthetic assumed household; not measured Eatontown data
2,27,0,0.524310,Synthetic assumed household; not measured Eatontown data
2,27,1,0.560397,Synthetic assumed household; not measured Eatontown data
2,27,2,0.491567,Synthetic assumed household; not measured Eatontown data
2,27,3,0.495023,Synthetic assumed household; not measured Eatontown data
2,27,4,0.694824,Synthetic assumed household; not measured Eatontown data
2,27,5,0.871284,Synthetic assumed household; not measured Eatontown data
2,27,6,1.270090,Synthetic assumed household; not measured Eatontown data
2,27,7,1.418376,Synthetic assumed household; not measured Eatontown data
2,27,8,1.341203,Synthetic assumed household; not measured Eatontown data
2,27,9,1.069262,Synthetic assumed household; not measured Eatontown data
2,27,10,0.818538,Synthetic assumed household; not measured Eatontown data
2,27,11,0.729574,Synthetic assumed household; not measured Eatontown data
2,27,12,0.829174,Synthetic assumed household; not measured Eatontown data
2,27,13,0.899462,Synthetic assumed household; not measured Eatontown data
2,27,14,0.819682,Synthetic assumed household; not measured Eatontown data
2,27,15,1.018221,Synthetic assumed household; not measured Eatontown data
2,27,16,1.171869,Synthetic assumed household; not measured Eatontown data
2,27,17,1.591339,Synthetic assumed household; not measured Eatontown data
2,27,18,1.934485,Synthetic assumed household; not measured Eatontown data
2,27,19,2.146770,Synthetic assumed household; not measured Eatontown data
2,27,20,1.666674,Synthetic assumed household; not measured Eatontown data
2,27,21,1.487321,Synthetic assumed household; not measured Eatontown data
2,27,22,0.981907,Synthetic assumed household; not measured Eatontown data
2,27,23,0.680850,Synthetic assumed household; not measured Eatontown data
2,28,0,0.417266,Synthetic assumed household; not measured Eatontown data
2,28,1,0.403873,Synthetic assumed household; not measured Eatontown data
2,28,2,0.488651,Synthetic assumed household; not measured Eatontown data
2,28,3,0.478108,Synthetic assumed household; not measured Eatontown data
2,28,4,0.627216,Synthetic assumed household; not measured Eatontown data
2,28,5,0.788767,Synthetic assumed household; not measured Eatontown data
2,28,6,1.003365,Synthetic assumed household; not measured Eatontown data
2,28,7,1.263650,Synthetic assumed household; not measured Eatontown data
2,28,8,1.038027,Synthetic assumed household; not measured Eatontown data
2,28,9,0.862763,Synthetic assumed household; not measured Eatontown data
2,28,10,0.777933,Synthetic assumed household; not measured Eatontown data
2,28,11,0.749216,Synthetic assumed household; not measured Eatontown data
2,28,12,0.690544,Synthetic assumed household; not measured Eatontown data
2,28,13,0.680829,Synthetic assumed household; not measured Eatontown data
2,28,14,0.742303,Synthetic assumed household; not measured Eatontown data
2,28,15,0.904065,Synthetic assumed household; not measured Eatontown data
2,28,16,1.076395,Synthetic assumed household; not measured Eatontown data
2,28,17,1.437079,Synthetic assumed household; not measured Eatontown data
2,28,18,1.602085,Synthetic assumed household; not measured Eatontown data
2,28,19,1.924089,Synthetic assumed household; not measured Eatontown data
2,28,20,1.587101,Synthetic assumed household; not measured Eatontown data
2,28,21,1.225217,Synthetic assumed household; not measured Eatontown data
2,28,22,0.934352,Synthetic assumed household; not measured Eatontown data
2,28,23,0.620038,Synthetic assumed household; not measured Eatontown data
3,1,0,0.585362,Synthetic assumed household; not measured Eatontown data
3,1,1,0.512862,Synthetic assumed household; not measured Eatontown data
3,1,2,0.571870,Synthetic assumed household; not measured Eatontown data
3,1,3,0.598295,Synthetic assumed household; not measured Eatontown data
3,1,4,0.575873,Synthetic assumed household; not measured Eatontown data
3,1,5,0.588067,Synthetic assumed household; not measured Eatontown data
3,1,6,0.677649,Synthetic assumed household; not measured Eatontown data
3,1,7,1.056769,Synthetic assumed household; not measured Eatontown data
3,1,8,1.341567,Synthetic assumed household; not measured Eatontown data
3,1,9,1.646734,Synthetic assumed household; not measured Eatontown data
3,1,10,1.498162,Synthetic assumed household; not measured Eatontown data
3,1,11,1.304923,Synthetic assumed household; not measured Eatontown data
3,1,12,1.020115,Synthetic assumed household; not measured Eatontown data
3,1,13,0.879128,Synthetic assumed household; not measured Eatontown data
3,1,14,1.040230,Synthetic assumed household; not measured Eatontown data
3,1,15,1.027548,Synthetic assumed household; not measured Eatontown data
3,1,16,1.423818,Synthetic assumed household; not measured Eatontown data
3,1,17,1.604361,Synthetic assumed household; not measured Eatontown data
3,1,18,2.266249,Synthetic assumed household; not measured Eatontown data
3,1,19,2.415582,Synthetic assumed household; not measured Eatontown data
3,1,20,1.833199,Synthetic assumed household; not measured Eatontown data
3,1,21,1.588770,Synthetic assumed household; not measured Eatontown data
3,1,22,1.056691,Synthetic assumed household; not measured Eatontown data
3,1,23,0.826025,Synthetic assumed household; not measured Eatontown data
3,2,0,0.589308,Synthetic assumed household; not measured Eatontown data
3,2,1,0.501849,Synthetic assumed household; not measured Eatontown data
3,2,2,0.552448,Synthetic assumed household; not measured Eatontown data
3,2,3,0.572945,Synthetic assumed household; not measured Eatontown data
3,2,4,0.499507,Synthetic assumed household; not measured Eatontown data
3,2,5,0.537628,Synthetic assumed household; not measured Eatontown data
3,2,6,0.753708,Synthetic assumed household; not measured Eatontown data
3,2,7,0.961640,Synthetic assumed household; not measured Eatontown data
3,2,8,1.315273,Synthetic assumed household; not measured Eatontown data
3,2,9,1.578194,Synthetic assumed household; not measured Eatontown data
3,2,10,1.498360,Synthetic assumed household; not measured Eatontown data
3,2,11,1.256744,Synthetic assumed household; not measured Eatontown data
3,2,12,1.105681,Synthetic assumed household; not measured Eatontown data
3,2,13,0.909992,Synthetic assumed household; not measured Eatontown data
3,2,14,0.983900,Synthetic assumed household; not measured Eatontown data
3,2,15,1.036891,Synthetic assumed household; not measured Eatontown data
3,2,16,1.256948,Synthetic assumed household; not measured Eatontown data
3,2,17,1.588361,Synthetic assumed household; not measured Eatontown data
3,2,18,2.055197,Synthetic assumed household; not measured Eatontown data
3,2,19,2.032398,Synthetic assumed household; not measured Eatontown data
3,2,20,1.784015,Synthetic assumed household; not measured Eatontown data
3,2,21,1.562569,Synthetic assumed household; not measured Eatontown data
3,2,22,1.048241,Synthetic assumed household; not measured Eatontown data
3,2,23,0.734898,Synthetic assumed household; not measured Eatontown data
3,3,0,0.496679,Synthetic assumed household; not measured Eatontown data
3,3,1,0.497259,Synthetic assumed household; not measured Eatontown data
3,3,2,0.522576,Synthetic assumed household; not measured Eatontown data
3,3,3,0.615517,Synthetic assumed household; not measured Eatontown data
3,3,4,0.642379,Synthetic assumed household; not measured Eatontown data
3,3,5,0.995215,Synthetic assumed household; not measured Eatontown data
3,3,6,1.237684,Synthetic assumed household; not measured Eatontown data
3,3,7,1.306254,Synthetic assumed household; not measured Eatontown data
3,3,8,1.391424,Synthetic assumed household; not measured Eatontown data
3,3,9,1.033362,Synthetic assumed household; not measured Eatontown data
3,3,10,0.934263,Synthetic assumed household; not measured Eatontown data
3,3,11,0.811131,Synthetic assumed household; not measured Eatontown data
3,3,12,0.770224,Synthetic assumed household; not measured Eatontown data
3,3,13,0.896209,Synthetic assumed household; not measured Eatontown data
3,3,14,0.957550,Synthetic assumed household; not measured Eatontown data
3,3,15,0.949740,Synthetic assumed household; not measured Eatontown data
3,3,16,1.169015,Synthetic assumed household; not measured Eatontown data
3,3,17,1.428551,Synthetic assumed household; not measured Eatontown data
3,3,18,1.941936,Synthetic assumed household; not measured Eatontown data
3,3,19,2.226286,Synthetic assumed household; not measured Eatontown data
3,3,20,1.996969,Synthetic assumed household; not measured Eatontown data
3,3,21,1.501029,Synthetic assumed household; not measured Eatontown data
3,3,22,1.098232,Synthetic assumed household; not measured Eatontown data
3,3,23,0.745571,Synthetic assumed household; not measured Eatontown data
3,4,0,0.557280,Synthetic assumed household; not measured Eatontown data
3,4,1,0.514939,Synthetic assumed household; not measured Eatontown data
3,4,2,0.529781,Synthetic assumed household; not measured Eatontown data
3,4,3,0.554132,Synthetic assumed household; not measured Eatontown data
3,4,4,0.757495,Synthetic assumed household; not measured Eatontown data
3,4,5,0.887112,Synthetic assumed household; not measured Eatontown data
3,4,6,1.336837,Synthetic assumed household; not measured Eatontown data
3,4,7,1.467596,Synthetic assumed household; not measured Eatontown data
3,4,8,1.470581,Synthetic assumed household; not measured Eatontown data
3,4,9,1.124444,Synthetic assumed household; not measured Eatontown data
3,4,10,0.943636,Synthetic assumed household; not measured Eatontown data
3,4,11,0.802428,Synthetic assumed household; not measured Eatontown data
3,4,12,0.861254,Synthetic assumed household; not measured Eatontown data
3,4,13,1.014577,Synthetic assumed household; not measured Eatontown data
3,4,14,0.997205,Synthetic assumed household; not measured Eatontown data
3,4,15,1.056398,Synthetic assumed household; not measured Eatontown data
3,4,16,1.355462,Synthetic assumed household; not measured Eatontown data
3,4,17,1.776976,Synthetic assumed household; not measured Eatontown data
3,4,18,1.878998,Synthetic assumed household; not measured Eatontown data
3,4,19,2.410447,Synthetic assumed household; not measured Eatontown data
3,4,20,2.046936,Synthetic assumed household; not measured Eatontown data
3,4,21,1.520688,Synthetic assumed household; not measured Eatontown data
3,4,22,1.118108,Synthetic assumed household; not measured Eatontown data
3,4,23,0.749906,Synthetic assumed household; not measured Eatontown data
3,5,0,0.600186,Synthetic assumed household; not measured Eatontown data
3,5,1,0.585084,Synthetic assumed household; not measured Eatontown data
3,5,2,0.539042,Synthetic assumed household; not measured Eatontown data
3,5,3,0.667080,Synthetic assumed household; not measured Eatontown data
3,5,4,0.721535,Synthetic assumed household; not measured Eatontown data
3,5,5,1.083371,Synthetic assumed household; not measured Eatontown data
3,5,6,1.230993,Synthetic assumed household; not measured Eatontown data
3,5,7,1.423947,Synthetic assumed household; not measured Eatontown data
3,5,8,1.318056,Synthetic assumed household; not measured Eatontown data
3,5,9,1.060745,Synthetic assumed household; not measured Eatontown data
3,5,10,0.909476,Synthetic assumed household; not measured Eatontown data
3,5,11,0.931151,Synthetic assumed household; not measured Eatontown data
3,5,12,0.886589,Synthetic assumed household; not measured Eatontown data
3,5,13,1.025444,Synthetic assumed household; not measured Eatontown data
3,5,14,1.053125,Synthetic assumed household; not measured Eatontown data
3,5,15,1.147999,Synthetic assumed household; not measured Eatontown data
3,5,16,1.248478,Synthetic assumed household; not measured Eatontown data
3,5,17,1.751173,Synthetic assumed household; not measured Eatontown data
3,5,18,2.119844,Synthetic assumed household; not measured Eatontown data
3,5,19,2.081304,Synthetic assumed household; not measured Eatontown data
3,5,20,1.953110,Synthetic assumed household; not measured Eatontown data
3,5,21,1.579762,Synthetic assumed household; not measured Eatontown data
3,5,22,1.103125,Synthetic assumed household; not measured Eatontown data
3,5,23,0.738300,Synthetic assumed household; not measured Eatontown data
3,6,0,0.537227,Synthetic assumed household; not measured Eatontown data
3,6,1,0.596346,Synthetic assumed household; not measured Eatontown data
3,6,2,0.610381,Synthetic assumed household; not measured Eatontown data
3,6,3,0.632671,Synthetic assumed household; not measured Eatontown data
3,6,4,0.793616,Synthetic assumed household; not measured Eatontown data
3,6,5,1.029596,Synthetic assumed household; not measured Eatontown data
3,6,6,1.461335,Synthetic assumed household; not measured Eatontown data
3,6,7,1.416075,Synthetic assumed household; not measured Eatontown data
3,6,8,1.307557,Synthetic assumed household; not measured Eatontown data
3,6,9,1.187300,Synthetic assumed household; not measured Eatontown data
3,6,10,0.972244,Synthetic assumed household; not measured Eatontown data
3,6,11,0.935026,Synthetic assumed household; not measured Eatontown data
3,6,12,0.978543,Synthetic assumed household; not measured Eatontown data
3,6,13,0.940996,Synthetic assumed household; not measured Eatontown data
3,6,14,1.018722,Synthetic assumed household; not measured Eatontown data
3,6,15,1.089935,Synthetic assumed household; not measured Eatontown data
3,6,16,1.368335,Synthetic assumed household; not measured Eatontown data
3,6,17,1.658719,Synthetic assumed household; not measured Eatontown data
3,6,18,2.325678,Synthetic assumed household; not measured Eatontown data
3,6,19,2.277074,Synthetic assumed household; not measured Eatontown data
3,6,20,2.190650,Synthetic assumed household; not measured Eatontown data
3,6,21,1.652550,Synthetic assumed household; not measured Eatontown data
3,6,22,1.074295,Synthetic assumed household; not measured Eatontown data
3,6,23,0.734387,Synthetic assumed household; not measured Eatontown data
3,7,0,0.436280,Synthetic assumed household; not measured Eatontown data
3,7,1,0.440875,Synthetic assumed household; not measured Eatontown data
3,7,2,0.420831,Synthetic assumed household; not measured Eatontown data
3,7,3,0.484248,Synthetic assumed household; not measured Eatontown data
3,7,4,0.547018,Synthetic assumed household; not measured Eatontown data
3,7,5,0.811896,Synthetic assumed household; not measured Eatontown data
3,7,6,1.099060,Synthetic assumed household; not measured Eatontown data
3,7,7,1.282720,Synthetic assumed household; not measured Eatontown data
3,7,8,1.205193,Synthetic assumed household; not measured Eatontown data
3,7,9,0.818252,Synthetic assumed household; not measured Eatontown data
3,7,10,0.713715,Synthetic assumed household; not measured Eatontown data
3,7,11,0.703029,Synthetic assumed household; not measured Eatontown data
3,7,12,0.685089,Synthetic assumed household; not measured Eatontown data
3,7,13,0.727331,Synthetic assumed household; not measured Eatontown data
3,7,14,0.723146,Synthetic assumed household; not measured Eatontown data
3,7,15,0.792254,Synthetic assumed household; not measured Eatontown data
3,7,16,0.938711,Synthetic assumed household; not measured Eatontown data
3,7,17,1.269351,Synthetic assumed household; not measured Eatontown data
3,7,18,1.592841,Synthetic assumed household; not measured Eatontown data
3,7,19,1.788664,Synthetic assumed household; not measured Eatontown data
3,7,20,1.500406,Synthetic assumed household; not measured Eatontown data
3,7,21,1.308463,Synthetic assumed household; not measured Eatontown data
3,7,22,0.798422,Synthetic assumed household; not measured Eatontown data
3,7,23,0.593202,Synthetic assumed household; not measured Eatontown data
3,8,0,0.500247,Synthetic assumed household; not measured Eatontown data
3,8,1,0.547153,Synthetic assumed household; not measured Eatontown data
3,8,2,0.519956,Synthetic assumed household; not measured Eatontown data
3,8,3,0.523225,Synthetic assumed household; not measured Eatontown data
3,8,4,0.529561,Synthetic assumed household; not measured Eatontown data
3,8,5,0.544393,Synthetic assumed household; not measured Eatontown data
3,8,6,0.621163,Synthetic assumed household; not measured Eatontown data
3,8,7,1.034900,Synthetic assumed household; not measured Eatontown data
3,8,8,1.296748,Synthetic assumed household; not measured Eatontown data
3,8,9,1.637507,Synthetic assumed household; not measured Eatontown data
3,8,10,1.331000,Synthetic assumed household; not measured Eatontown data
3,8,11,1.132576,Synthetic assumed household; not measured Eatontown data
3,8,12,0.888097,Synthetic assumed household; not measured Eatontown data
3,8,13,0.897276,Synthetic assumed household; not measured Eatontown data
3,8,14,0.967725,Synthetic assumed household; not measured Eatontown data
3,8,15,1.013039,Synthetic assumed household; not measured Eatontown data
3,8,16,1.194743,Synthetic assumed household; not measured Eatontown data
3,8,17,1.570882,Synthetic assumed household; not measured Eatontown data
3,8,18,2.052476,Synthetic assumed household; not measured Eatontown data
3,8,19,2.029317,Synthetic assumed household; not measured Eatontown data
3,8,20,2.001815,Synthetic assumed household; not measured Eatontown data
3,8,21,1.500485,Synthetic assumed household; not measured Eatontown data
3,8,22,1.061571,Synthetic assumed household; not measured Eatontown data
3,8,23,0.703757,Synthetic assumed household; not measured Eatontown data
3,9,0,0.498803,Synthetic assumed household; not measured Eatontown data
3,9,1,0.461925,Synthetic assumed household; not measured Eatontown data
3,9,2,0.497529,Synthetic assumed household; not measured Eatontown data
3,9,3,0.451643,Synthetic assumed household; not measured Eatontown data
3,9,4,0.501760,Synthetic assumed household; not measured Eatontown data
3,9,5,0.564094,Synthetic assumed household; not measured Eatontown data
3,9,6,0.621250,Synthetic assumed household; not measured Eatontown data
3,9,7,0.987380,Synthetic assumed household; not measured Eatontown data
3,9,8,1.270218,Synthetic assumed household; not measured Eatontown data
3,9,9,1.309458,Synthetic assumed household; not measured Eatontown data
3,9,10,1.462770,Synthetic assumed household; not measured Eatontown data
3,9,11,1.080996,Synthetic assumed household; not measured Eatontown data
3,9,12,0.978042,Synthetic assumed household; not measured Eatontown data
3,9,13,0.822745,Synthetic assumed household; not measured Eatontown data
3,9,14,0.925547,Synthetic assumed household; not measured Eatontown data
3,9,15,0.977535,Synthetic assumed household; not measured Eatontown data
3,9,16,1.069005,Synthetic assumed household; not measured Eatontown data
3,9,17,1.478639,Synthetic assumed household; not measured Eatontown data
3,9,18,1.816489,Synthetic assumed household; not measured Eatontown data
3,9,19,1.770461,Synthetic assumed household; not measured Eatontown data
3,9,20,1.632248,Synthetic assumed household; not measured Eatontown data
3,9,21,1.312985,Synthetic assumed household; not measured Eatontown data
3,9,22,0.949359,Synthetic assumed household; not measured Eatontown data
3,9,23,0.678542,Synthetic assumed household; not measured Eatontown data
3,10,0,0.523943,Synthetic assumed household; not measured Eatontown data
3,10,1,0.505098,Synthetic assumed household; not measured Eatontown data
3,10,2,0.541023,Synthetic assumed household; not measured Eatontown data
3,10,3,0.522932,Synthetic assumed household; not measured Eatontown data
3,10,4,0.738143,Synthetic assumed household; not measured Eatontown data
3,10,5,0.964133,Synthetic assumed household; not measured Eatontown data
3,10,6,1.191898,Synthetic assumed household; not measured Eatontown data
3,10,7,1.368737,Synthetic assumed household; not measured Eatontown data
3,10,8,1.387159,Synthetic assumed household; not measured Eatontown data
3,10,9,1.051720,Synthetic assumed household; not measured Eatontown data
3,10,10,0.902769,Synthetic assumed household; not measured Eatontown data
3,10,11,0.788496,Synthetic assumed household; not measured Eatontown data
3,10,12,0.893800,Synthetic assumed household; not measured Eatontown data
3,10,13,0.843262,Synthetic assumed household; not measured Eatontown data
3,10,14,0.928205,Synthetic assumed household; not measured Eatontown data
3,10,15,1.081508,Synthetic assumed household; not measured Eatontown data
3,10,16,1.227867,Synthetic assumed household; not measured Eatontown data
3,10,17,1.660095,Synthetic assumed household; not measured Eatontown data
3,10,18,2.015546,Synthetic assumed household; not measured Eatontown data
3,10,19,2.145609,Synthetic assumed household; not measured Eatontown data
3,10,20,1.691787,Synthetic assumed household; not measured Eatontown data
3,10,21,1.434895,Synthetic assumed household; not measured Eatontown data
3,10,22,1.107963,Synthetic assumed household; not measured Eatontown data
3,10,23,0.767812,Synthetic assumed household; not measured Eatontown data
3,11,0,0.555651,Synthetic assumed household; not measured Eatontown data
3,11,1,0.572229,Synthetic assumed household; not measured Eatontown data
3,11,2,0.563469,Synthetic assumed household; not measured Eatontown data
3,11,3,0.548734,Synthetic assumed household; not measured Eatontown data
3,11,4,0.722313,Synthetic assumed household; not measured Eatontown data
3,11,5,0.986917,Synthetic assumed household; not measured Eatontown data
3,11,6,1.389550,Synthetic assumed household; not measured Eatontown data
3,11,7,1.377896,Synthetic assumed household; not measured Eatontown data
3,11,8,1.412864,Synthetic assumed household; not measured Eatontown data
3,11,9,0.992088,Synthetic assumed household; not measured Eatontown data
3,11,10,0.989164,Synthetic assumed household; not measured Eatontown data
3,11,11,0.793304,Synthetic assumed household; not measured Eatontown data
3,11,12,0.795945,Synthetic assumed household; not measured Eatontown data
3,11,13,0.873433,Synthetic assumed household; not measured Eatontown data
3,11,14,0.874161,Synthetic assumed household; not measured Eatontown data
3,11,15,1.073093,Synthetic assumed household; not measured Eatontown data
3,11,16,1.242388,Synthetic assumed household; not measured Eatontown data
3,11,17,1.731866,Synthetic assumed household; not measured Eatontown data
3,11,18,2.190240,Synthetic assumed household; not measured Eatontown data
3,11,19,2.327664,Synthetic assumed household; not measured Eatontown data
3,11,20,2.049871,Synthetic assumed household; not measured Eatontown data
3,11,21,1.378529,Synthetic assumed household; not measured Eatontown data
3,11,22,0.984646,Synthetic assumed household; not measured Eatontown data
3,11,23,0.716686,Synthetic assumed household; not measured Eatontown data
3,12,0,0.493418,Synthetic assumed household; not measured Eatontown data
3,12,1,0.481058,Synthetic assumed household; not measured Eatontown data
3,12,2,0.466043,Synthetic assumed household; not measured Eatontown data
3,12,3,0.479565,Synthetic assumed household; not measured Eatontown data
3,12,4,0.665726,Synthetic assumed household; not measured Eatontown data
3,12,5,0.815313,Synthetic assumed household; not measured Eatontown data
3,12,6,1.103064,Synthetic assumed household; not measured Eatontown data
3,12,7,1.365158,Synthetic assumed household; not measured Eatontown data
3,12,8,1.243639,Synthetic assumed household; not measured Eatontown data
3,12,9,0.983516,Synthetic assumed household; not measured Eatontown data
3,12,10,0.823563,Synthetic assumed household; not measured Eatontown data
3,12,11,0.768092,Synthetic assumed household; not measured Eatontown data
3,12,12,0.721883,Synthetic assumed household; not measured Eatontown data
3,12,13,0.752253,Synthetic assumed household; not measured Eatontown data
3,12,14,0.830287,Synthetic assumed household; not measured Eatontown data
3,12,15,0.853208,Synthetic assumed household; not measured Eatontown data
3,12,16,1.209478,Synthetic assumed household; not measured Eatontown data
3,12,17,1.375805,Synthetic assumed household; not measured Eatontown data
3,12,18,1.690181,Synthetic assumed household; not measured Eatontown data
3,12,19,1.781251,Synthetic assumed household; not measured Eatontown data
3,12,20,1.779907,Synthetic assumed household; not measured Eatontown data
3,12,21,1.271310,Synthetic assumed household; not measured Eatontown data
3,12,22,0.899111,Synthetic assumed household; not measured Eatontown data
3,12,23,0.722581,Synthetic assumed household; not measured Eatontown data
3,13,0,0.523249,Synthetic assumed household; not measured Eatontown data
3,13,1,0.507382,Synthetic assumed household; not measured Eatontown data
3,13,2,0.574759,Synthetic assumed household; not measured Eatontown data
3,13,3,0.574281,Synthetic assumed household; not measured Eatontown data
3,13,4,0.773069,Synthetic assumed household; not measured Eatontown data
3,13,5,1.026944,Synthetic assumed household; not measured Eatontown data
3,13,6,1.421465,Synthetic assumed household; not measured Eatontown data
3,13,7,1.575287,Synthetic assumed household; not measured Eatontown data
3,13,8,1.308642,Synthetic assumed household; not measured Eatontown data
3,13,9,1.049921,Synthetic assumed household; not measured Eatontown data
3,13,10,0.948270,Synthetic assumed household; not measured Eatontown data
3,13,11,0.835408,Synthetic assumed household; not measured Eatontown data
3,13,12,0.872002,Synthetic assumed household; not measured Eatontown data
3,13,13,0.864506,Synthetic assumed household; not measured Eatontown data
3,13,14,0.937321,Synthetic assumed household; not measured Eatontown data
3,13,15,0.973759,Synthetic assumed household; not measured Eatontown data
3,13,16,1.276982,Synthetic assumed household; not measured Eatontown data
3,13,17,1.786776,Synthetic assumed household; not measured Eatontown data
3,13,18,2.103142,Synthetic assumed household; not measured Eatontown data
3,13,19,2.012405,Synthetic assumed household; not measured Eatontown data
3,13,20,2.006217,Synthetic assumed household; not measured Eatontown data
3,13,21,1.539627,Synthetic assumed household; not measured Eatontown data
3,13,22,1.008509,Synthetic assumed household; not measured Eatontown data
3,13,23,0.788432,Synthetic assumed household; not measured Eatontown data
3,14,0,0.521203,Synthetic assumed household; not measured Eatontown data
3,14,1,0.462497,Synthetic assumed household; not measured Eatontown data
3,14,2,0.504842,Synthetic assumed household; not measured Eatontown data
3,14,3,0.568231,Synthetic assumed household; not measured Eatontown data
3,14,4,0.600588,Synthetic assumed household; not measured Eatontown data
3,14,5,0.941855,Synthetic assumed household; not measured Eatontown data
3,14,6,1.086494,Synthetic assumed household; not measured Eatontown data
3,14,7,1.387937,Synthetic assumed household; not measured Eatontown data
3,14,8,1.372507,Synthetic assumed household; not measured Eatontown data
3,14,9,0.995833,Synthetic assumed household; not measured Eatontown data
3,14,10,0.914732,Synthetic assumed household; not measured Eatontown data
3,14,11,0.857982,Synthetic assumed household; not measured Eatontown data
3,14,12,0.812701,Synthetic assumed household; not measured Eatontown data
3,14,13,0.790452,Synthetic assumed household; not measured Eatontown data
3,14,14,0.951888,Synthetic assumed household; not measured Eatontown data
3,14,15,0.923969,Synthetic assumed household; not measured Eatontown data
3,14,16,1.206925,Synthetic assumed household; not measured Eatontown data
3,14,17,1.645897,Synthetic assumed household; not measured Eatontown data
3,14,18,1.719053,Synthetic assumed household; not measured Eatontown data
3,14,19,2.037779,Synthetic assumed household; not measured Eatontown data
3,14,20,1.827384,Synthetic assumed household; not measured Eatontown data
3,14,21,1.462988,Synthetic assumed household; not measured Eatontown data
3,14,22,1.069921,Synthetic assumed household; not measured Eatontown data
3,14,23,0.763988,Synthetic assumed household; not measured Eatontown data
3,15,0,0.487241,Synthetic assumed household; not measured Eatontown data
3,15,1,0.423357,Synthetic assumed household; not measured Eatontown data
3,15,2,0.491025,Synthetic assumed household; not measured Eatontown data
3,15,3,0.499536,Synthetic assumed household; not measured Eatontown data
3,15,4,0.451824,Synthetic assumed household; not measured Eatontown data
3,15,5,0.492555,Synthetic assumed household; not measured Eatontown data
3,15,6,0.650244,Synthetic assumed household; not measured Eatontown data
3,15,7,0.904128,Synthetic assumed household; not measured Eatontown data
3,15,8,1.224284,Synthetic assumed household; not measured Eatontown data
3,15,9,1.402699,Synthetic assumed household; not measured Eatontown data
3,15,10,1.108601,Synthetic assumed household; not measured Eatontown data
3,15,11,1.030115,Synthetic assumed household; not measured Eatontown data
3,15,12,0.783124,Synthetic assumed household; not measured Eatontown data
3,15,13,0.857835,Synthetic assumed household; not measured Eatontown data
3,15,14,0.749220,Synthetic assumed household; not measured Eatontown data
3,15,15,0.939609,Synthetic assumed household; not measured Eatontown data
3,15,16,1.055766,Synthetic assumed household; not measured Eatontown data
3,15,17,1.356517,Synthetic assumed household; not measured Eatontown data
3,15,18,1.818126,Synthetic assumed household; not measured Eatontown data
3,15,19,1.917994,Synthetic assumed household; not measured Eatontown data
3,15,20,1.609211,Synthetic assumed household; not measured Eatontown data
3,15,21,1.173158,Synthetic assumed household; not measured Eatontown data
3,15,22,0.810179,Synthetic assumed household; not measured Eatontown data
3,15,23,0.587301,Synthetic assumed household; not measured Eatontown data
3,16,0,0.470397,Synthetic assumed household; not measured Eatontown data
3,16,1,0.463446,Synthetic assumed household; not measured Eatontown data
3,16,2,0.518216,Synthetic assumed household; not measured Eatontown data
3,16,3,0.525137,Synthetic assumed household; not measured Eatontown data
3,16,4,0.510722,Synthetic assumed household; not measured Eatontown data
3,16,5,0.566205,Synthetic assumed household; not measured Eatontown data
3,16,6,0.610804,Synthetic assumed household; not measured Eatontown data
3,16,7,0.968383,Synthetic assumed household; not measured Eatontown data
3,16,8,1.330091,Synthetic assumed household; not measured Eatontown data
3,16,9,1.517936,Synthetic assumed household; not measured Eatontown data
3,16,10,1.346763,Synthetic assumed household; not measured Eatontown data
3,16,11,1.018317,Synthetic assumed household; not measured Eatontown data
3,16,12,0.959706,Synthetic assumed household; not measured Eatontown data
3,16,13,0.800575,Synthetic assumed household; not measured Eatontown data
3,16,14,0.793723,Synthetic assumed household; not measured Eatontown data
3,16,15,0.901870,Synthetic assumed household; not measured Eatontown data
3,16,16,1.085662,Synthetic assumed household; not measured Eatontown data
3,16,17,1.412503,Synthetic assumed household; not measured Eatontown data
3,16,18,1.729156,Synthetic assumed household; not measured Eatontown data
3,16,19,2.056856,Synthetic assumed household; not measured Eatontown data
3,16,20,1.929630,Synthetic assumed household; not measured Eatontown data
3,16,21,1.311194,Synthetic assumed household; not measured Eatontown data
3,16,22,1.002000,Synthetic assumed household; not measured Eatontown data
3,16,23,0.620703,Synthetic assumed household; not measured Eatontown data
3,17,0,0.542843,Synthetic assumed household; not measured Eatontown data
3,17,1,0.477622,Synthetic assumed household; not measured Eatontown data
3,17,2,0.489007,Synthetic assumed household; not measured Eatontown data
3,17,3,0.539497,Synthetic assumed household; not measured Eatontown data
3,17,4,0.659935,Synthetic assumed household; not measured Eatontown data
3,17,5,0.921206,Synthetic assumed household; not measured Eatontown data
3,17,6,1.340830,Synthetic assumed household; not measured Eatontown data
3,17,7,1.473690,Synthetic assumed household; not measured Eatontown data
3,17,8,1.253365,Synthetic assumed household; not measured Eatontown data
3,17,9,0.965684,Synthetic assumed household; not measured Eatontown data
3,17,10,0.939374,Synthetic assumed household; not measured Eatontown data
3,17,11,0.788270,Synthetic assumed household; not measured Eatontown data
3,17,12,0.860588,Synthetic assumed household; not measured Eatontown data
3,17,13,0.817989,Synthetic assumed household; not measured Eatontown data
3,17,14,0.831869,Synthetic assumed household; not measured Eatontown data
3,17,15,0.918995,Synthetic assumed household; not measured Eatontown data
3,17,16,1.268379,Synthetic assumed household; not measured Eatontown data
3,17,17,1.601354,Synthetic assumed household; not measured Eatontown data
3,17,18,1.897508,Synthetic assumed household; not measured Eatontown data
3,17,19,2.089673,Synthetic assumed household; not measured Eatontown data
3,17,20,1.859104,Synthetic assumed household; not measured Eatontown data
3,17,21,1.454069,Synthetic assumed household; not measured Eatontown data
3,17,22,1.047299,Synthetic assumed household; not measured Eatontown data
3,17,23,0.686252,Synthetic assumed household; not measured Eatontown data
3,18,0,0.484374,Synthetic assumed household; not measured Eatontown data
3,18,1,0.496021,Synthetic assumed household; not measured Eatontown data
3,18,2,0.427796,Synthetic assumed household; not measured Eatontown data
3,18,3,0.489561,Synthetic assumed household; not measured Eatontown data
3,18,4,0.617302,Synthetic assumed household; not measured Eatontown data
3,18,5,0.743375,Synthetic assumed household; not measured Eatontown data
3,18,6,1.109777,Synthetic assumed household; not measured Eatontown data
3,18,7,1.139182,Synthetic assumed household; not measured Eatontown data
3,18,8,1.159547,Synthetic assumed household; not measured Eatontown data
3,18,9,0.923076,Synthetic assumed household; not measured Eatontown data
3,18,10,0.775789,Synthetic assumed household; not measured Eatontown data
3,18,11,0.674027,Synthetic assumed household; not measured Eatontown data
3,18,12,0.716332,Synthetic assumed household; not measured Eatontown data
3,18,13,0.767315,Synthetic assumed household; not measured Eatontown data
3,18,14,0.730773,Synthetic assumed household; not measured Eatontown data
3,18,15,0.819435,Synthetic assumed household; not measured Eatontown data
3,18,16,1.083339,Synthetic assumed household; not measured Eatontown data
3,18,17,1.269654,Synthetic assumed household; not measured Eatontown data
3,18,18,1.705338,Synthetic assumed household; not measured Eatontown data
3,18,19,1.937292,Synthetic assumed household; not measured Eatontown data
3,18,20,1.633563,Synthetic assumed household; not measured Eatontown data
3,18,21,1.275976,Synthetic assumed household; not measured Eatontown data
3,18,22,0.886405,Synthetic assumed household; not measured Eatontown data
3,18,23,0.584510,Synthetic assumed household; not measured Eatontown data
3,19,0,0.522266,Synthetic assumed household; not measured Eatontown data
3,19,1,0.514796,Synthetic assumed household; not measured Eatontown data
3,19,2,0.488035,Synthetic assumed household; not measured Eatontown data
3,19,3,0.561731,Synthetic assumed household; not measured Eatontown data
3,19,4,0.664373,Synthetic assumed household; not measured Eatontown data
3,19,5,0.880363,Synthetic assumed household; not measured Eatontown data
3,19,6,1.063430,Synthetic assumed household; not measured Eatontown data
3,19,7,1.291612,Synthetic assumed household; not measured Eatontown data
3,19,8,1.119288,Synthetic assumed household; not measured Eatontown data
3,19,9,1.081706,Synthetic assumed household; not measured Eatontown data
3,19,10,0.887341,Synthetic assumed household; not measured Eatontown data
3,19,11,0.707100,Synthetic assumed household; not measured Eatontown data
3,19,12,0.860712,Synthetic assumed household; not measured Eatontown data
3,19,13,0.739477,Synthetic assumed household; not measured Eatontown data
3,19,14,0.829651,Synthetic assumed household; not measured Eatontown data
3,19,15,0.979633,Synthetic assumed household; not measured Eatontown data
3,19,16,1.198169,Synthetic assumed household; not measured Eatontown data
3,19,17,1.617528,Synthetic assumed household; not measured Eatontown data
3,19,18,1.869905,Synthetic assumed household; not measured Eatontown data
3,19,19,1.917010,Synthetic assumed household; not measured Eatontown data
3,19,20,1.933961,Synthetic assumed household; not measured Eatontown data
3,19,21,1.326733,Synthetic assumed household; not measured Eatontown data
3,19,22,1.025167,Synthetic assumed household; not measured Eatontown data
3,19,23,0.740287,Synthetic assumed household; not measured Eatontown data
3,20,0,0.495620,Synthetic assumed household; not measured Eatontown data
3,20,1,0.494348,Synthetic assumed household; not measured Eatontown data
3,20,2,0.488118,Synthetic assumed household; not measured Eatontown data
3,20,3,0.529117,Synthetic assumed household; not measured Eatontown data
3,20,4,0.596598,Synthetic assumed household; not measured Eatontown data
3,20,5,0.788110,Synthetic assumed household; not measured Eatontown data
3,20,6,1.145201,Synthetic assumed household; not measured Eatontown data
3,20,7,1.302833,Synthetic assumed household; not measured Eatontown data
3,20,8,1.245899,Synthetic assumed household; not measured Eatontown data
3,20,9,0.903525,Synthetic assumed household; not measured Eatontown data
3,20,10,0.714516,Synthetic assumed household; not measured Eatontown data
3,20,11,0.680141,Synthetic assumed household; not measured Eatontown data
3,20,12,0.738566,Synthetic assumed household; not measured Eatontown data
3,20,13,0.820323,Synthetic assumed household; not measured Eatontown data
3,20,14,0.828453,Synthetic assumed household; not measured Eatontown data
3,20,15,0.909102,Synthetic assumed household; not measured Eatontown data
3,20,16,1.177003,Synthetic assumed household; not measured Eatontown data
3,20,17,1.362102,Synthetic assumed household; not measured Eatontown data
3,20,18,1.711188,Synthetic assumed household; not measured Eatontown data
3,20,19,1.808007,Synthetic assumed household; not measured Eatontown data
3,20,20,1.860295,Synthetic assumed household; not measured Eatontown data
3,20,21,1.379658,Synthetic assumed household; not measured Eatontown data
3,20,22,0.855776,Synthetic assumed household; not measured Eatontown data
3,20,23,0.706406,Synthetic assumed household; not measured Eatontown data
3,21,0,0.509386,Synthetic assumed household; not measured Eatontown data
3,21,1,0.521542,Synthetic assumed household; not measured Eatontown data
3,21,2,0.442431,Synthetic assumed household; not measured Eatontown data
3,21,3,0.488740,Synthetic assumed household; not measured Eatontown data
3,21,4,0.572735,Synthetic assumed household; not measured Eatontown data
3,21,5,0.772494,Synthetic assumed household; not measured Eatontown data
3,21,6,1.172305,Synthetic assumed household; not measured Eatontown data
3,21,7,1.363546,Synthetic assumed household; not measured Eatontown data
3,21,8,1.096518,Synthetic assumed household; not measured Eatontown data
3,21,9,1.014142,Synthetic assumed household; not measured Eatontown data
3,21,10,0.786743,Synthetic assumed household; not measured Eatontown data
3,21,11,0.720159,Synthetic assumed household; not measured Eatontown data
3,21,12,0.734444,Synthetic assumed household; not measured Eatontown data
3,21,13,0.860278,Synthetic assumed household; not measured Eatontown data
3,21,14,0.756923,Synthetic assumed household; not measured Eatontown data
3,21,15,0.914445,Synthetic assumed household; not measured Eatontown data
3,21,16,1.071105,Synthetic assumed household; not measured Eatontown data
3,21,17,1.542704,Synthetic assumed household; not measured Eatontown data
3,21,18,1.868527,Synthetic assumed household; not measured Eatontown data
3,21,19,1.845387,Synthetic assumed household; not measured Eatontown data
3,21,20,1.764225,Synthetic assumed household; not measured Eatontown data
3,21,21,1.381523,Synthetic assumed household; not measured Eatontown data
3,21,22,0.904627,Synthetic assumed household; not measured Eatontown data
3,21,23,0.646212,Synthetic assumed household; not measured Eatontown data
3,22,0,0.455798,Synthetic assumed household; not measured Eatontown data
3,22,1,0.417075,Synthetic assumed household; not measured Eatontown data
3,22,2,0.424370,Synthetic assumed household; not measured Eatontown data
3,22,3,0.404397,Synthetic assumed household; not measured Eatontown data
3,22,4,0.490504,Synthetic assumed household; not measured Eatontown data
3,22,5,0.517570,Synthetic assumed household; not measured Eatontown data
3,22,6,0.631533,Synthetic assumed household; not measured Eatontown data
3,22,7,0.827885,Synthetic assumed household; not measured Eatontown data
3,22,8,1.084735,Synthetic assumed household; not measured Eatontown data
3,22,9,1.271625,Synthetic assumed household; not measured Eatontown data
3,22,10,1.312692,Synthetic assumed household; not measured Eatontown data
3,22,11,1.079201,Synthetic assumed household; not measured Eatontown data
3,22,12,0.857653,Synthetic assumed household; not measured Eatontown data
3,22,13,0.806903,Synthetic assumed household; not measured Eatontown data
3,22,14,0.736249,Synthetic assumed household; not measured Eatontown data
3,22,15,0.821128,Synthetic assumed household; not measured Eatontown data
3,22,16,0.949636,Synthetic assumed household; not measured Eatontown data
3,22,17,1.292449,Synthetic assumed household; not measured Eatontown data
3,22,18,1.713913,Synthetic assumed household; not measured Eatontown data
3,22,19,1.739384,Synthetic assumed household; not measured Eatontown data
3,22,20,1.690652,Synthetic assumed household; not measured Eatontown data
3,22,21,1.170996,Synthetic assumed household; not measured Eatontown data
3,22,22,0.892464,Synthetic assumed household; not measured Eatontown data
3,22,23,0.652102,Synthetic assumed household; not measured Eatontown data
3,23,0,0.561873,Synthetic assumed household; not measured Eatontown data
3,23,1,0.606967,Synthetic assumed household; not measured Eatontown data
3,23,2,0.561764,Synthetic assumed household; not measured Eatontown data
3,23,3,0.516291,Synthetic assumed household; not measured Eatontown data
3,23,4,0.536516,Synthetic assumed household; not measured Eatontown data
3,23,5,0.568583,Synthetic assumed household; not measured Eatontown data
3,23,6,0.754709,Synthetic assumed household; not measured Eatontown data
3,23,7,1.100393,Synthetic assumed household; not measured Eatontown data
3,23,8,1.479185,Synthetic assumed household; not measured Eatontown data
3,23,9,1.468903,Synthetic assumed household; not measured Eatontown data
3,23,10,1.574793,Synthetic assumed household; not measured Eatontown data
3,23,11,1.168886,Synthetic assumed household; not measured Eatontown data
3,23,12,0.993721,Synthetic assumed household; not measured Eatontown data
3,23,13,0.992401,Synthetic assumed household; not measured Eatontown data
3,23,14,0.979690,Synthetic assumed household; not measured Eatontown data
3,23,15,1.127757,Synthetic assumed household; not measured Eatontown data
3,23,16,1.203256,Synthetic assumed household; not measured Eatontown data
3,23,17,1.752316,Synthetic assumed household; not measured Eatontown data
3,23,18,2.141267,Synthetic assumed household; not measured Eatontown data
3,23,19,2.223113,Synthetic assumed household; not measured Eatontown data
3,23,20,1.977463,Synthetic assumed household; not measured Eatontown data
3,23,21,1.645725,Synthetic assumed household; not measured Eatontown data
3,23,22,1.040751,Synthetic assumed household; not measured Eatontown data
3,23,23,0.842753,Synthetic assumed household; not measured Eatontown data
3,24,0,0.457737,Synthetic assumed household; not measured Eatontown data
3,24,1,0.460516,Synthetic assumed household; not measured Eatontown data
3,24,2,0.393730,Synthetic assumed household; not measured Eatontown data
3,24,3,0.497085,Synthetic assumed household; not measured Eatontown data
3,24,4,0.539423,Synthetic assumed household; not measured Eatontown data
3,24,5,0.703320,Synthetic assumed household; not measured Eatontown data
3,24,6,1.021614,Synthetic assumed household; not measured Eatontown data
3,24,7,1.072976,Synthetic assumed household; not measured Eatontown data
3,24,8,1.136115,Synthetic assumed household; not measured Eatontown data
3,24,9,0.850894,Synthetic assumed household; not measured Eatontown data
3,24,10,0.736858,Synthetic assumed household; not measured Eatontown data
3,24,11,0.646146,Synthetic assumed household; not measured Eatontown data
3,24,12,0.682078,Synthetic assumed household; not measured Eatontown data
3,24,13,0.678305,Synthetic assumed household; not measured Eatontown data
3,24,14,0.688428,Synthetic assumed household; not measured Eatontown data
3,24,15,0.797286,Synthetic assumed household; not measured Eatontown data
3,24,16,0.972702,Synthetic assumed household; not measured Eatontown data
3,24,17,1.161514,Synthetic assumed household; not measured Eatontown data
3,24,18,1.703882,Synthetic assumed household; not measured Eatontown data
3,24,19,1.656281,Synthetic assumed household; not measured Eatontown data
3,24,20,1.608287,Synthetic assumed household; not measured Eatontown data
3,24,21,1.258585,Synthetic assumed household; not measured Eatontown data
3,24,22,0.795495,Synthetic assumed household; not measured Eatontown data
3,24,23,0.575554,Synthetic assumed household; not measured Eatontown data
3,25,0,0.472803,Synthetic assumed household; not measured Eatontown data
3,25,1,0.465945,Synthetic assumed household; not measured Eatontown data
3,25,2,0.482906,Synthetic assumed household; not measured Eatontown data
3,25,3,0.584330,Synthetic assumed household; not measured Eatontown data
3,25,4,0.654577,Synthetic assumed household; not measured Eatontown data
3,25,5,0.867490,Synthetic assumed household; not measured Eatontown data
3,25,6,1.107634,Synthetic assumed household; not measured Eatontown data
3,25,7,1.310347,Synthetic assumed household; not measured Eatontown data
3,25,8,1.217854,Synthetic assumed household; not measured Eatontown data
3,25,9,1.068520,Synthetic assumed household; not measured Eatontown data
3,25,10,0.830624,Synthetic assumed household; not measured Eatontown data
3,25,11,0.811753,Synthetic assumed household; not measured Eatontown data
3,25,12,0.835724,Synthetic assumed household; not measured Eatontown data
3,25,13,0.789940,Synthetic assumed household; not measured Eatontown data
3,25,14,0.915222,Synthetic assumed household; not measured Eatontown data
3,25,15,1.034233,Synthetic assumed household; not measured Eatontown data
3,25,16,1.190498,Synthetic assumed household; not measured Eatontown data
3,25,17,1.499431,Synthetic assumed household; not measured Eatontown data
3,25,18,1.726169,Synthetic assumed household; not measured Eatontown data
3,25,19,2.099241,Synthetic assumed household; not measured Eatontown data
3,25,20,1.672896,Synthetic assumed household; not measured Eatontown data
3,25,21,1.443479,Synthetic assumed household; not measured Eatontown data
3,25,22,0.969116,Synthetic assumed household; not measured Eatontown data
3,25,23,0.754717,Synthetic assumed household; not measured Eatontown data
3,26,0,0.510716,Synthetic assumed household; not measured Eatontown data
3,26,1,0.453471,Synthetic assumed household; not measured Eatontown data
3,26,2,0.456134,Synthetic assumed household; not measured Eatontown data
3,26,3,0.570172,Synthetic assumed household; not measured Eatontown data
3,26,4,0.696027,Synthetic assumed household; not measured Eatontown data
3,26,5,0.904267,Synthetic assumed household; not measured Eatontown data
3,26,6,1.243097,Synthetic assumed household; not measured Eatontown data
3,26,7,1.321866,Synthetic assumed household; not measured Eatontown data
3,26,8,1.322455,Synthetic assumed household; not measured Eatontown data
3,26,9,0.940194,Synthetic assumed household; not measured Eatontown data
3,26,10,0.858104,Synthetic assumed household; not measured Eatontown data
3,26,11,0.704312,Synthetic assumed household; not measured Eatontown data
3,26,12,0.800272,Synthetic assumed household; not measured Eatontown data
3,26,13,0.802580,Synthetic assumed household; not measured Eatontown data
3,26,14,0.873000,Synthetic assumed household; not measured Eatontown data
3,26,15,0.969548,Synthetic assumed household; not measured Eatontown data
3,26,16,1.175006,Synthetic assumed household; not measured Eatontown data
3,26,17,1.484998,Synthetic assumed household; not measured Eatontown data
3,26,18,1.829311,Synthetic assumed household; not measured Eatontown data
3,26,19,1.772113,Synthetic assumed household; not measured Eatontown data
3,26,20,1.795131,Synthetic assumed household; not measured Eatontown data
3,26,21,1.237404,Synthetic assumed household; not measured Eatontown data
3,26,22,0.969131,Synthetic assumed household; not measured Eatontown data
3,26,23,0.659821,Synthetic assumed household; not measured Eatontown data
3,27,0,0.505427,Synthetic assumed household; not measured Eatontown data
3,27,1,0.595374,Synthetic assumed household; not measured Eatontown data
3,27,2,0.586393,Synthetic assumed household; not measured Eatontown data
3,27,3,0.637431,Synthetic assumed household; not measured Eatontown data
3,27,4,0.778976,Synthetic assumed household; not measured Eatontown data
3,27,5,0.908045,Synthetic assumed household; not measured Eatontown data
3,27,6,1.222651,Synthetic assumed household; not measured Eatontown data
3,27,7,1.409210,Synthetic assumed household; not measured Eatontown data
3,27,8,1.308326,Synthetic assumed household; not measured Eatontown data
3,27,9,1.125170,Synthetic assumed household; not measured Eatontown data
3,27,10,0.986712,Synthetic assumed household; not measured Eatontown data
3,27,11,0.838837,Synthetic assumed household; not measured Eatontown data
3,27,12,0.881906,Synthetic assumed household; not measured Eatontown data
3,27,13,0.904080,Synthetic assumed household; not measured Eatontown data
3,27,14,0.942735,Synthetic assumed household; not measured Eatontown data
3,27,15,1.070687,Synthetic assumed household; not measured Eatontown data
3,27,16,1.420325,Synthetic assumed household; not measured Eatontown data
3,27,17,1.586461,Synthetic assumed household; not measured Eatontown data
3,27,18,2.141774,Synthetic assumed household; not measured Eatontown data
3,27,19,2.368936,Synthetic assumed household; not measured Eatontown data
3,27,20,2.063085,Synthetic assumed household; not measured Eatontown data
3,27,21,1.655423,Synthetic assumed household; not measured Eatontown data
3,27,22,1.141689,Synthetic assumed household; not measured Eatontown data
3,27,23,0.715075,Synthetic assumed household; not measured Eatontown data
3,28,0,0.475550,Synthetic assumed household; not measured Eatontown data
3,28,1,0.429447,Synthetic assumed household; not measured Eatontown data
3,28,2,0.429893,Synthetic assumed household; not measured Eatontown data
3,28,3,0.472036,Synthetic assumed household; not measured Eatontown data
3,28,4,0.605592,Synthetic assumed household; not measured Eatontown data
3,28,5,0.818005,Synthetic assumed household; not measured Eatontown data
3,28,6,1.182398,Synthetic assumed household; not measured Eatontown data
3,28,7,1.291683,Synthetic assumed household; not measured Eatontown data
3,28,8,1.256727,Synthetic assumed household; not measured Eatontown data
3,28,9,0.865273,Synthetic assumed household; not measured Eatontown data
3,28,10,0.785155,Synthetic assumed household; not measured Eatontown data
3,28,11,0.672326,Synthetic assumed household; not measured Eatontown data
3,28,12,0.713724,Synthetic assumed household; not measured Eatontown data
3,28,13,0.837732,Synthetic assumed household; not measured Eatontown data
3,28,14,0.870820,Synthetic assumed household; not measured Eatontown data
3,28,15,0.884702,Synthetic assumed household; not measured Eatontown data
3,28,16,0.989367,Synthetic assumed household; not measured Eatontown data
3,28,17,1.291680,Synthetic assumed household; not measured Eatontown data
3,28,18,1.885510,Synthetic assumed household; not measured Eatontown data
3,28,19,2.011816,Synthetic assumed household; not measured Eatontown data
3,28,20,1.704997,Synthetic assumed household; not measured Eatontown data
3,28,21,1.177991,Synthetic assumed household; not measured Eatontown data
3,28,22,0.991230,Synthetic assumed household; not measured Eatontown data
3,28,23,0.630427,Synthetic assumed household; not measured Eatontown data
3,29,0,0.564222,Synthetic assumed household; not measured Eatontown data
3,29,1,0.582642,Synthetic assumed household; not measured Eatontown data
3,29,2,0.578631,Synthetic assumed household; not measured Eatontown data
3,29,3,0.545352,Synthetic assumed household; not measured Eatontown data
3,29,4,0.517392,Synthetic assumed household; not measured Eatontown data
3,29,5,0.563254,Synthetic assumed household; not measured Eatontown data
3,29,6,0.694662,Synthetic assumed household; not measured Eatontown data
3,29,7,1.081878,Synthetic assumed household; not measured Eatontown data
3,29,8,1.351566,Synthetic assumed household; not measured Eatontown data
3,29,9,1.724899,Synthetic assumed household; not measured Eatontown data
3,29,10,1.455379,Synthetic assumed household; not measured Eatontown data
3,29,11,1.308820,Synthetic assumed household; not measured Eatontown data
3,29,12,0.966276,Synthetic assumed household; not measured Eatontown data
3,29,13,1.052064,Synthetic assumed household; not measured Eatontown data
3,29,14,1.002278,Synthetic assumed household; not measured Eatontown data
3,29,15,1.048792,Synthetic assumed household; not measured Eatontown data
3,29,16,1.404066,Synthetic assumed household; not measured Eatontown data
3,29,17,1.515489,Synthetic assumed household; not measured Eatontown data
3,29,18,2.022158,Synthetic assumed household; not measured Eatontown data
3,29,19,2.344473,Synthetic assumed household; not measured Eatontown data
3,29,20,1.921022,Synthetic assumed household; not measured Eatontown data
3,29,21,1.613824,Synthetic assumed household; not measured Eatontown data
3,29,22,1.173867,Synthetic assumed household; not measured Eatontown data
3,29,23,0.755702,Synthetic assumed household; not measured Eatontown data
3,30,0,0.476442,Synthetic assumed household; not measured Eatontown data
3,30,1,0.502158,Synthetic assumed household; not measured Eatontown data
3,30,2,0.578200,Synthetic assumed household; not measured Eatontown data
3,30,3,0.526924,Synthetic assumed household; not measured Eatontown data
3,30,4,0.520558,Synthetic assumed household; not measured Eatontown data
3,30,5,0.623366,Synthetic assumed household; not measured Eatontown data
3,30,6,0.685370,Synthetic assumed household; not measured Eatontown data
3,30,7,0.996184,Synthetic assumed household; not measured Eatontown data
3,30,8,1.352922,Synthetic assumed household; not measured Eatontown data
3,30,9,1.390009,Synthetic assumed household; not measured Eatontown data
3,30,10,1.462141,Synthetic assumed household; not measured Eatontown data
3,30,11,1.251228,Synthetic assumed household; not measured Eatontown data
3,30,12,1.029551,Synthetic assumed household; not measured Eatontown data
3,30,13,0.832937,Synthetic assumed household; not measured Eatontown data
3,30,14,0.846802,Synthetic assumed household; not measured Eatontown data
3,30,15,1.036552,Synthetic assumed household; not measured Eatontown data
3,30,16,1.248728,Synthetic assumed household; not measured Eatontown data
3,30,17,1.653691,Synthetic assumed household; not measured Eatontown data
3,30,18,1.870919,Synthetic assumed household; not measured Eatontown data
3,30,19,1.918451,Synthetic assumed household; not measured Eatontown data
3,30,20,1.695550,Synthetic assumed household; not measured Eatontown data
3,30,21,1.396623,Synthetic assumed household; not measured Eatontown data
3,30,22,0.991807,Synthetic assumed household; not measured Eatontown data
3,30,23,0.698083,Synthetic assumed household; not measured Eatontown data
3,31,0,0.404533,Synthetic assumed household; not measured Eatontown data
3,31,1,0.427729,Synthetic assumed household; not measured Eatontown data
3,31,2,0.441861,Synthetic assumed household; not measured Eatontown data
3,31,3,0.454766,Synthetic assumed household; not measured Eatontown data
3,31,4,0.502704,Synthetic assumed household; not measured Eatontown data
3,31,5,0.737917,Synthetic assumed household; not measured Eatontown data
3,31,6,0.942373,Synthetic assumed household; not measured Eatontown data
3,31,7,1.191948,Synthetic assumed household; not measured Eatontown data
3,31,8,1.037619,Synthetic assumed household; not measured Eatontown data
3,31,9,0.843470,Synthetic assumed household; not measured Eatontown data
3,31,10,0.686120,Synthetic assumed household; not measured Eatontown data
3,31,11,0.663352,Synthetic assumed household; not measured Eatontown data
3,31,12,0.636854,Synthetic assumed household; not measured Eatontown data
3,31,13,0.772892,Synthetic assumed household; not measured Eatontown data
3,31,14,0.801124,Synthetic assumed household; not measured Eatontown data
3,31,15,0.893195,Synthetic assumed household; not measured Eatontown data
3,31,16,1.012047,Synthetic assumed household; not measured Eatontown data
3,31,17,1.209079,Synthetic assumed household; not measured Eatontown data
3,31,18,1.555314,Synthetic assumed household; not measured Eatontown data
3,31,19,1.584929,Synthetic assumed household; not measured Eatontown data
3,31,20,1.482403,Synthetic assumed household; not measured Eatontown data
3,31,21,1.189840,Synthetic assumed household; not measured Eatontown data
3,31,22,0.764012,Synthetic assumed household; not measured Eatontown data
3,31,23,0.592508,Synthetic assumed household; not measured Eatontown data
4,1,0,0.470924,Synthetic assumed household; not measured Eatontown data
4,1,1,0.433080,Synthetic assumed household; not measured Eatontown data
4,1,2,0.454743,Synthetic assumed household; not measured Eatontown data
4,1,3,0.481494,Synthetic assumed household; not measured Eatontown data
4,1,4,0.623159,Synthetic assumed household; not measured Eatontown data
4,1,5,0.847789,Synthetic assumed household; not measured Eatontown data
4,1,6,1.054718,Synthetic assumed household; not measured Eatontown data
4,1,7,1.179231,Synthetic assumed household; not measured Eatontown data
4,1,8,1.131317,Synthetic assumed household; not measured Eatontown data
4,1,9,1.029950,Synthetic assumed household; not measured Eatontown data
4,1,10,0.757484,Synthetic assumed household; not measured Eatontown data
4,1,11,0.760758,Synthetic assumed household; not measured Eatontown data
4,1,12,0.806620,Synthetic assumed household; not measured Eatontown data
4,1,13,0.756605,Synthetic assumed household; not measured Eatontown data
4,1,14,0.784494,Synthetic assumed household; not measured Eatontown data
4,1,15,0.948817,Synthetic assumed household; not measured Eatontown data
4,1,16,1.170791,Synthetic assumed household; not measured Eatontown data
4,1,17,1.551775,Synthetic assumed household; not measured Eatontown data
4,1,18,1.617401,Synthetic assumed household; not measured Eatontown data
4,1,19,1.803172,Synthetic assumed household; not measured Eatontown data
4,1,20,1.841331,Synthetic assumed household; not measured Eatontown data
4,1,21,1.226373,Synthetic assumed household; not measured Eatontown data
4,1,22,0.882422,Synthetic assumed household; not measured Eatontown data
4,1,23,0.718326,Synthetic assumed household; not measured Eatontown data
4,2,0,0.527662,Synthetic assumed household; not measured Eatontown data
4,2,1,0.572945,Synthetic assumed household; not measured Eatontown data
4,2,2,0.556726,Synthetic assumed household; not measured Eatontown data
4,2,3,0.600146,Synthetic assumed household; not measured Eatontown data
4,2,4,0.672108,Synthetic assumed household; not measured Eatontown data
4,2,5,0.945911,Synthetic assumed household; not measured Eatontown data
4,2,6,1.391912,Synthetic assumed household; not measured Eatontown data
4,2,7,1.459785,Synthetic assumed household; not measured Eatontown data
4,2,8,1.266266,Synthetic assumed household; not measured Eatontown data
4,2,9,1.115657,Synthetic assumed household; not measured Eatontown data
4,2,10,0.930403,Synthetic assumed household; not measured Eatontown data
4,2,11,0.873800,Synthetic assumed household; not measured Eatontown data
4,2,12,0.918478,Synthetic assumed household; not measured Eatontown data
4,2,13,0.922145,Synthetic assumed household; not measured Eatontown data
4,2,14,1.031310,Synthetic assumed household; not measured Eatontown data
4,2,15,1.032287,Synthetic assumed household; not measured Eatontown data
4,2,16,1.326149,Synthetic assumed household; not measured Eatontown data
4,2,17,1.631674,Synthetic assumed household; not measured Eatontown data
4,2,18,1.948297,Synthetic assumed household; not measured Eatontown data
4,2,19,2.263972,Synthetic assumed household; not measured Eatontown data
4,2,20,2.095636,Synthetic assumed household; not measured Eatontown data
4,2,21,1.610282,Synthetic assumed household; not measured Eatontown data
4,2,22,1.048807,Synthetic assumed household; not measured Eatontown data
4,2,23,0.765969,Synthetic assumed household; not measured Eatontown data
4,3,0,0.475041,Synthetic assumed household; not measured Eatontown data
4,3,1,0.517543,Synthetic assumed household; not measured Eatontown data
4,3,2,0.529183,Synthetic assumed household; not measured Eatontown data
4,3,3,0.568858,Synthetic assumed household; not measured Eatontown data
4,3,4,0.589671,Synthetic assumed household; not measured Eatontown data
4,3,5,0.968919,Synthetic assumed household; not measured Eatontown data
4,3,6,1.185844,Synthetic assumed household; not measured Eatontown data
4,3,7,1.330042,Synthetic assumed household; not measured Eatontown data
4,3,8,1.249915,Synthetic assumed household; not measured Eatontown data
4,3,9,1.086323,Synthetic assumed household; not measured Eatontown data
4,3,10,0.862883,Synthetic assumed household; not measured Eatontown data
4,3,11,0.794547,Synthetic assumed household; not measured Eatontown data
4,3,12,0.853078,Synthetic assumed household; not measured Eatontown data
4,3,13,0.807183,Synthetic assumed household; not measured Eatontown data
4,3,14,0.928247,Synthetic assumed household; not measured Eatontown data
4,3,15,0.953276,Synthetic assumed household; not measured Eatontown data
4,3,16,1.190086,Synthetic assumed household; not measured Eatontown data
4,3,17,1.378029,Synthetic assumed household; not measured Eatontown data
4,3,18,1.948955,Synthetic assumed household; not measured Eatontown data
4,3,19,2.045468,Synthetic assumed household; not measured Eatontown data
4,3,20,1.740031,Synthetic assumed household; not measured Eatontown data
4,3,21,1.423688,Synthetic assumed household; not measured Eatontown data
4,3,22,0.883151,Synthetic assumed household; not measured Eatontown data
4,3,23,0.764269,Synthetic assumed household; not measured Eatontown data
4,4,0,0.495907,Synthetic assumed household; not measured Eatontown data
4,4,1,0.532429,Synthetic assumed household; not measured Eatontown data
4,4,2,0.560338,Synthetic assumed household; not measured Eatontown data
4,4,3,0.535775,Synthetic assumed household; not measured Eatontown data
4,4,4,0.587513,Synthetic assumed household; not measured Eatontown data
4,4,5,0.848443,Synthetic assumed household; not measured Eatontown data
4,4,6,1.205681,Synthetic assumed household; not measured Eatontown data
4,4,7,1.376159,Synthetic assumed household; not measured Eatontown data
4,4,8,1.281491,Synthetic assumed household; not measured Eatontown data
4,4,9,1.027674,Synthetic assumed household; not measured Eatontown data
4,4,10,0.830515,Synthetic assumed household; not measured Eatontown data
4,4,11,0.778495,Synthetic assumed household; not measured Eatontown data
4,4,12,0.858911,Synthetic assumed household; not measured Eatontown data
4,4,13,0.853977,Synthetic assumed household; not measured Eatontown data
4,4,14,0.869187,Synthetic assumed household; not measured Eatontown data
4,4,15,0.926439,Synthetic assumed household; not measured Eatontown data
4,4,16,1.058807,Synthetic assumed household; not measured Eatontown data
4,4,17,1.398231,Synthetic assumed household; not measured Eatontown data
4,4,18,1.837207,Synthetic assumed household; not measured Eatontown data
4,4,19,2.188497,Synthetic assumed household; not measured Eatontown data
4,4,20,1.671515,Synthetic assumed household; not measured Eatontown data
4,4,21,1.520493,Synthetic assumed household; not measured Eatontown data
4,4,22,0.911411,Synthetic assumed household; not measured Eatontown data
4,4,23,0.677590,Synthetic assumed household; not measured Eatontown data
4,5,0,0.445146,Synthetic assumed household; not measured Eatontown data
4,5,1,0.471331,Synthetic assumed household; not measured Eatontown data
4,5,2,0.470998,Synthetic assumed household; not measured Eatontown data
4,5,3,0.468796,Synthetic assumed household; not measured Eatontown data
4,5,4,0.500914,Synthetic assumed household; not measured Eatontown data
4,5,5,0.496392,Synthetic assumed household; not measured Eatontown data
4,5,6,0.599796,Synthetic assumed household; not measured Eatontown data
4,5,7,0.918265,Synthetic assumed household; not measured Eatontown data
4,5,8,1.087850,Synthetic assumed household; not measured Eatontown data
4,5,9,1.457883,Synthetic assumed household; not measured Eatontown data
4,5,10,1.322195,Synthetic assumed household; not measured Eatontown data
4,5,11,1.099342,Synthetic assumed household; not measured Eatontown data
4,5,12,0.828258,Synthetic assumed household; not measured Eatontown data
4,5,13,0.896326,Synthetic assumed household; not measured Eatontown data
4,5,14,0.776058,Synthetic assumed household; not measured Eatontown data
4,5,15,0.835925,Synthetic assumed household; not measured Eatontown data
4,5,16,1.019159,Synthetic assumed household; not measured Eatontown data
4,5,17,1.435860,Synthetic assumed household; not measured Eatontown data
4,5,18,1.906341,Synthetic assumed household; not measured Eatontown data
4,5,19,1.771860,Synthetic assumed household; not measured Eatontown data
4,5,20,1.659828,Synthetic assumed household; not measured Eatontown data
4,5,21,1.223411,Synthetic assumed household; not measured Eatontown data
4,5,22,0.943246,Synthetic assumed household; not measured Eatontown data
4,5,23,0.649035,Synthetic assumed household; not measured Eatontown data
4,6,0,0.419983,Synthetic assumed household; not measured Eatontown data
4,6,1,0.385819,Synthetic assumed household; not measured Eatontown data
4,6,2,0.418524,Synthetic assumed household; not measured Eatontown data
4,6,3,0.403009,Synthetic assumed household; not measured Eatontown data
4,6,4,0.435632,Synthetic assumed household; not measured Eatontown data
4,6,5,0.420920,Synthetic assumed household; not measured Eatontown data
4,6,6,0.569877,Synthetic assumed household; not measured Eatontown data
4,6,7,0.797150,Synthetic assumed household; not measured Eatontown data
4,6,8,0.933876,Synthetic assumed household; not measured Eatontown data
4,6,9,1.089055,Synthetic assumed household; not measured Eatontown data
4,6,10,1.198077,Synthetic assumed household; not measured Eatontown data
4,6,11,0.864221,Synthetic assumed household; not measured Eatontown data
4,6,12,0.744134,Synthetic assumed household; not measured Eatontown data
4,6,13,0.703614,Synthetic assumed household; not measured Eatontown data
4,6,14,0.676504,Synthetic assumed household; not measured Eatontown data
4,6,15,0.832733,Synthetic assumed household; not measured Eatontown data
4,6,16,0.954783,Synthetic assumed household; not measured Eatontown data
4,6,17,1.266349,Synthetic assumed household; not measured Eatontown data
4,6,18,1.545729,Synthetic assumed household; not measured Eatontown data
4,6,19,1.661961,Synthetic assumed household; not measured Eatontown data
4,6,20,1.494765,Synthetic assumed household; not measured Eatontown data
4,6,21,1.099412,Synthetic assumed household; not measured Eatontown data
4,6,22,0.851730,Synthetic assumed household; not measured Eatontown data
4,6,23,0.584750,Synthetic assumed household; not measured Eatontown data
4,7,0,0.543454,Synthetic assumed household; not measured Eatontown data
4,7,1,0.501548,Synthetic assumed household; not measured Eatontown data
4,7,2,0.540787,Synthetic assumed household; not measured Eatontown data
4,7,3,0.513846,Synthetic assumed household; not measured Eatontown data
4,7,4,0.622531,Synthetic assumed household; not measured Eatontown data
4,7,5,0.849168,Synthetic assumed household; not measured Eatontown data
4,7,6,1.192574,Synthetic assumed household; not measured Eatontown data
4,7,7,1.324399,Synthetic assumed household; not measured Eatontown data
4,7,8,1.351089,Synthetic assumed household; not measured Eatontown data
4,7,9,1.046478,Synthetic assumed household; not measured Eatontown data
4,7,10,0.851813,Synthetic assumed household; not measured Eatontown data
4,7,11,0.761353,Synthetic assumed household; not measured Eatontown data
4,7,12,0.820571,Synthetic assumed household; not measured Eatontown data
4,7,13,0.811055,Synthetic assumed household; not measured Eatontown data
4,7,14,0.920677,Synthetic assumed household; not measured Eatontown data
4,7,15,1.024241,Synthetic assumed household; not measured Eatontown data
4,7,16,1.241850,Synthetic assumed household; not measured Eatontown data
4,7,17,1.722536,Synthetic assumed household; not measured Eatontown data
4,7,18,1.948425,Synthetic assumed household; not measured Eatontown data
4,7,19,2.062087,Synthetic assumed household; not measured Eatontown data
4,7,20,1.733028,Synthetic assumed household; not measured Eatontown data
4,7,21,1.387752,Synthetic assumed household; not measured Eatontown data
4,7,22,1.002661,Synthetic assumed household; not measured Eatontown data
4,7,23,0.661346,Synthetic assumed household; not measured Eatontown data
4,8,0,0.411067,Synthetic assumed household; not measured Eatontown data
4,8,1,0.423265,Synthetic assumed household; not measured Eatontown data
4,8,2,0.490751,Synthetic assumed household; not measured Eatontown data
4,8,3,0.534725,Synthetic assumed household; not measured Eatontown data
4,8,4,0.587176,Synthetic assumed household; not measured Eatontown data
4,8,5,0.802050,Synthetic assumed household; not measured Eatontown data
4,8,6,1.123562,Synthetic assumed household; not measured Eatontown data
4,8,7,1.213909,Synthetic assumed household; not measured Eatontown data
4,8,8,1.213048,Synthetic assumed household; not measured Eatontown data
4,8,9,0.909755,Synthetic assumed household; not measured Eatontown data
4,8,10,0.693057,Synthetic assumed household; not measured Eatontown data
4,8,11,0.649478,Synthetic assumed household; not measured Eatontown data
4,8,12,0.771890,Synthetic assumed household; not measured Eatontown data
4,8,13,0.724289,Synthetic assumed household; not measured Eatontown data
4,8,14,0.747482,Synthetic assumed household; not measured Eatontown data
4,8,15,0.867538,Synthetic assumed household; not measured Eatontown data
4,8,16,0.983849,Synthetic assumed household; not measured Eatontown data
4,8,17,1.355741,Synthetic assumed household; not measured Eatontown data
4,8,18,1.764519,Synthetic assumed household; not measured Eatontown data
4,8,19,1.900326,Synthetic assumed household; not measured Eatontown data
4,8,20,1.646811,Synthetic assumed household; not measured Eatontown data
4,8,21,1.161109,Synthetic assumed household; not measured Eatontown data
4,8,22,0.815970,Synthetic assumed household; not measured Eatontown data
4,8,23,0.668992,Synthetic assumed household; not measured Eatontown data
4,9,0,0.506910,Synthetic assumed household; not measured Eatontown data
4,9,1,0.555199,Synthetic assumed household; not measured Eatontown data
4,9,2,0.479133,Synthetic assumed household; not measured Eatontown data
4,9,3,0.583613,Synthetic assumed household; not measured Eatontown data
4,9,4,0.676409,Synthetic assumed household; not measured Eatontown data
4,9,5,1.007232,Synthetic assumed household; not measured Eatontown data
4,9,6,1.139635,Synthetic assumed household; not measured Eatontown data
4,9,7,1.503993,Synthetic assumed household; not measured Eatontown data
4,9,8,1.363082,Synthetic assumed household; not measured Eatontown data
4,9,9,0.999717,Synthetic assumed household; not measured Eatontown data
4,9,10,0.950309,Synthetic assumed household; not measured Eatontown data
4,9,11,0.810721,Synthetic assumed household; not measured Eatontown data
4,9,12,0.812836,Synthetic assumed household; not measured Eatontown data
4,9,13,0.918200,Synthetic assumed household; not measured Eatontown data
4,9,14,0.883470,Synthetic assumed household; not measured Eatontown data
4,9,15,1.081073,Synthetic assumed household; not measured Eatontown data
4,9,16,1.270452,Synthetic assumed household; not measured Eatontown data
4,9,17,1.480247,Synthetic assumed household; not measured Eatontown data
4,9,18,2.042416,Synthetic assumed household; not measured Eatontown data
4,9,19,2.097975,Synthetic assumed household; not measured Eatontown data
4,9,20,1.807508,Synthetic assumed household; not measured Eatontown data
4,9,21,1.498567,Synthetic assumed household; not measured Eatontown data
4,9,22,1.037135,Synthetic assumed household; not measured Eatontown data
4,9,23,0.676142,Synthetic assumed household; not measured Eatontown data
4,10,0,0.397537,Synthetic assumed household; not measured Eatontown data
4,10,1,0.398152,Synthetic assumed household; not measured Eatontown data
4,10,2,0.390064,Synthetic assumed household; not measured Eatontown data
4,10,3,0.439886,Synthetic assumed household; not measured Eatontown data
4,10,4,0.519690,Synthetic assumed household; not measured Eatontown data
4,10,5,0.749696,Synthetic assumed household; not measured Eatontown data
4,10,6,0.968594,Synthetic assumed household; not measured Eatontown data
4,10,7,1.190805,Synthetic assumed household; not measured Eatontown data
4,10,8,1.008120,Synthetic assumed household; not measured Eatontown data
4,10,9,0.805574,Synthetic assumed household; not measured Eatontown data
4,10,10,0.750839,Synthetic assumed household; not measured Eatontown data
4,10,11,0.728604,Synthetic assumed household; not measured Eatontown data
4,10,12,0.704118,Synthetic assumed household; not measured Eatontown data
4,10,13,0.643555,Synthetic assumed household; not measured Eatontown data
4,10,14,0.792402,Synthetic assumed household; not measured Eatontown data
4,10,15,0.843447,Synthetic assumed household; not measured Eatontown data
4,10,16,1.058207,Synthetic assumed household; not measured Eatontown data
4,10,17,1.391845,Synthetic assumed household; not measured Eatontown data
4,10,18,1.673839,Synthetic assumed household; not measured Eatontown data
4,10,19,1.547159,Synthetic assumed household; not measured Eatontown data
4,10,20,1.621530,Synthetic assumed household; not measured Eatontown data
4,10,21,1.107709,Synthetic assumed household; not measured Eatontown data
4,10,22,0.853932,Synthetic assumed household; not measured Eatontown data
4,10,23,0.626159,Synthetic assumed household; not measured Eatontown data
4,11,0,0.527416,Synthetic assumed household; not measured Eatontown data
4,11,1,0.509137,Synthetic assumed household; not measured Eatontown data
4,11,2,0.524019,Synthetic assumed household; not measured Eatontown data
4,11,3,0.521672,Synthetic assumed household; not measured Eatontown data
4,11,4,0.644383,Synthetic assumed household; not measured Eatontown data
4,11,5,0.888816,Synthetic assumed household; not measured Eatontown data
4,11,6,1.243544,Synthetic assumed household; not measured Eatontown data
4,11,7,1.485123,Synthetic assumed household; not measured Eatontown data
4,11,8,1.166310,Synthetic assumed household; not measured Eatontown data
4,11,9,1.022408,Synthetic assumed household; not measured Eatontown data
4,11,10,0.807756,Synthetic assumed household; not measured Eatontown data
4,11,11,0.871071,Synthetic assumed household; not measured Eatontown data
4,11,12,0.798531,Synthetic assumed household; not measured Eatontown data
4,11,13,0.920803,Synthetic assumed household; not measured Eatontown data
4,11,14,0.844709,Synthetic assumed household; not measured Eatontown data
4,11,15,0.866719,Synthetic assumed household; not measured Eatontown data
4,11,16,1.242488,Synthetic assumed household; not measured Eatontown data
4,11,17,1.599634,Synthetic assumed household; not measured Eatontown data
4,11,18,1.968015,Synthetic assumed household; not measured Eatontown data
4,11,19,2.000151,Synthetic assumed household; not measured Eatontown data
4,11,20,1.882510,Synthetic assumed household; not measured Eatontown data
4,11,21,1.366816,Synthetic assumed household; not measured Eatontown data
4,11,22,0.902033,Synthetic assumed household; not measured Eatontown data
4,11,23,0.713677,Synthetic assumed household; not measured Eatontown data
4,12,0,0.425223,Synthetic assumed household; not measured Eatontown data
4,12,1,0.406503,Synthetic assumed household; not measured Eatontown data
4,12,2,0.411661,Synthetic assumed household; not measured Eatontown data
4,12,3,0.461361,Synthetic assumed household; not measured Eatontown data
4,12,4,0.425309,Synthetic assumed household; not measured Eatontown data
4,12,5,0.477083,Synthetic assumed household; not measured Eatontown data
4,12,6,0.577359,Synthetic assumed household; not measured Eatontown data
4,12,7,0.786291,Synthetic assumed household; not measured Eatontown data
4,12,8,1.041359,Synthetic assumed household; not measured Eatontown data
4,12,9,1.288278,Synthetic assumed household; not measured Eatontown data
4,12,10,1.065490,Synthetic assumed household; not measured Eatontown data
4,12,11,0.890822,Synthetic assumed household; not measured Eatontown data
4,12,12,0.855772,Synthetic assumed household; not measured Eatontown data
4,12,13,0.739353,Synthetic assumed household; not measured Eatontown data
4,12,14,0.689967,Synthetic assumed household; not measured Eatontown data
4,12,15,0.873859,Synthetic assumed household; not measured Eatontown data
4,12,16,0.985629,Synthetic assumed household; not measured Eatontown data
4,12,17,1.164884,Synthetic assumed household; not measured Eatontown data
4,12,18,1.738588,Synthetic assumed household; not measured Eatontown data
4,12,19,1.605980,Synthetic assumed household; not measured Eatontown data
4,12,20,1.601400,Synthetic assumed household; not measured Eatontown data
4,12,21,1.103327,Synthetic assumed household; not measured Eatontown data
4,12,22,0.861904,Synthetic assumed household; not measured Eatontown data
4,12,23,0.559183,Synthetic assumed household; not measured Eatontown data
4,13,0,0.507017,Synthetic assumed household; not measured Eatontown data
4,13,1,0.547524,Synthetic assumed household; not measured Eatontown data
4,13,2,0.504918,Synthetic assumed household; not measured Eatontown data
4,13,3,0.519373,Synthetic assumed household; not measured Eatontown data
4,13,4,0.584921,Synthetic assumed household; not measured Eatontown data
4,13,5,0.539690,Synthetic assumed household; not measured Eatontown data
4,13,6,0.687033,Synthetic assumed household; not measured Eatontown data
4,13,7,0.933180,Synthetic assumed household; not measured Eatontown data
4,13,8,1.376302,Synthetic assumed household; not measured Eatontown data
4,13,9,1.448921,Synthetic assumed household; not measured Eatontown data
4,13,10,1.486952,Synthetic assumed household; not measured Eatontown data
4,13,11,1.240859,Synthetic assumed household; not measured Eatontown data
4,13,12,0.897551,Synthetic assumed household; not measured Eatontown data
4,13,13,0.913471,Synthetic assumed household; not measured Eatontown data
4,13,14,0.851059,Synthetic assumed household; not measured Eatontown data
4,13,15,0.949108,Synthetic assumed household; not measured Eatontown data
4,13,16,1.272153,Synthetic assumed household; not measured Eatontown data
4,13,17,1.436978,Synthetic assumed household; not measured Eatontown data
4,13,18,2.037668,Synthetic assumed household; not measured Eatontown data
4,13,19,2.235842,Synthetic assumed household; not measured Eatontown data
4,13,20,2.085518,Synthetic assumed household; not measured Eatontown data
4,13,21,1.443612,Synthetic assumed household; not measured Eatontown data
4,13,22,0.954496,Synthetic assumed household; not measured Eatontown data
4,13,23,0.675454,Synthetic assumed household; not measured Eatontown data
4,14,0,0.473311,Synthetic assumed household; not measured Eatontown data
4,14,1,0.417072,Synthetic assumed household; not measured Eatontown data
4,14,2,0.441157,Synthetic assumed household; not measured Eatontown data
4,14,3,0.522758,Synthetic assumed household; not measured Eatontown data
4,14,4,0.539984,Synthetic assumed household; not measured Eatontown data
4,14,5,0.840562,Synthetic assumed household; not measured Eatontown data
4,14,6,1.130055,Synthetic assumed household; not measured Eatontown data
4,14,7,1.135765,Synthetic assumed household; not measured Eatontown data
4,14,8,1.238670,Synthetic assumed household; not measured Eatontown data
4,14,9,0.840480,Synthetic assumed household; not measured Eatontown data
4,14,10,0.755210,Synthetic assumed household; not measured Eatontown data
4,14,11,0.641533,Synthetic assumed household; not measured Eatontown data
4,14,12,0.750062,Synthetic assumed household; not measured Eatontown data
4,14,13,0.741187,Synthetic assumed household; not measured Eatontown data
4,14,14,0.811557,Synthetic assumed household; not measured Eatontown data
4,14,15,0.876646,Synthetic assumed household; not measured Eatontown data
4,14,16,0.973116,Synthetic assumed household; not measured Eatontown data
4,14,17,1.333423,Synthetic assumed household; not measured Eatontown data
4,14,18,1.732893,Synthetic assumed household; not measured Eatontown data
4,14,19,1.920087,Synthetic assumed household; not measured Eatontown data
4,14,20,1.484843,Synthetic assumed household; not measured Eatontown data
4,14,21,1.149415,Synthetic assumed household; not measured Eatontown data
4,14,22,0.922028,Synthetic assumed household; not measured Eatontown data
4,14,23,0.640731,Synthetic assumed household; not measured Eatontown data
4,15,0,0.493251,Synthetic assumed household; not measured Eatontown data
4,15,1,0.435322,Synthetic assumed household; not measured Eatontown data
4,15,2,0.424310,Synthetic assumed household; not measured Eatontown data
4,15,3,0.463048,Synthetic assumed household; not measured Eatontown data
4,15,4,0.532641,Synthetic assumed household; not measured Eatontown data
4,15,5,0.803698,Synthetic assumed household; not measured Eatontown data
4,15,6,1.094675,Synthetic assumed household; not measured Eatontown data
4,15,7,1.249291,Synthetic assumed household; not measured Eatontown data
4,15,8,1.187777,Synthetic assumed household; not measured Eatontown data
4,15,9,0.937529,Synthetic assumed household; not measured Eatontown data
4,15,10,0.801076,Synthetic assumed household; not measured Eatontown data
4,15,11,0.732386,Synthetic assumed household; not measured Eatontown data
4,15,12,0.697772,Synthetic assumed household; not measured Eatontown data
4,15,13,0.751167,Synthetic assumed household; not measured Eatontown data
4,15,14,0.776743,Synthetic assumed household; not measured Eatontown data
4,15,15,0.895128,Synthetic assumed household; not measured Eatontown data
4,15,16,1.001051,Synthetic assumed household; not measured Eatontown data
4,15,17,1.233723,Synthetic assumed household; not measured Eatontown data
4,15,18,1.799503,Synthetic assumed household; not measured Eatontown data
4,15,19,1.949678,Synthetic assumed household; not measured Eatontown data
4,15,20,1.613401,Synthetic assumed household; not measured Eatontown data
4,15,21,1.149925,Synthetic assumed household; not measured Eatontown data
4,15,22,0.875692,Synthetic assumed household; not measured Eatontown data
4,15,23,0.639856,Synthetic assumed household; not measured Eatontown data
4,16,0,0.515422,Synthetic assumed household; not measured Eatontown data
4,16,1,0.517051,Synthetic assumed household; not measured Eatontown data
4,16,2,0.517897,Synthetic assumed household; not measured Eatontown data
4,16,3,0.467939,Synthetic assumed household; not measured Eatontown data
4,16,4,0.649151,Synthetic assumed household; not measured Eatontown data
4,16,5,0.840093,Synthetic assumed household; not measured Eatontown data
4,16,6,1.088385,Synthetic assumed household; not measured Eatontown data
4,16,7,1.321212,Synthetic assumed household; not measured Eatontown data
4,16,8,1.234085,Synthetic assumed household; not measured Eatontown data
4,16,9,1.026780,Synthetic assumed household; not measured Eatontown data
4,16,10,0.822774,Synthetic assumed household; not measured Eatontown data
4,16,11,0.668334,Synthetic assumed household; not measured Eatontown data
4,16,12,0.691757,Synthetic assumed household; not measured Eatontown data
4,16,13,0.742989,Synthetic assumed household; not measured Eatontown data
4,16,14,0.733616,Synthetic assumed household; not measured Eatontown data
4,16,15,0.810704,Synthetic assumed household; not measured Eatontown data
4,16,16,1.150706,Synthetic assumed household; not measured Eatontown data
4,16,17,1.413392,Synthetic assumed household; not measured Eatontown data
4,16,18,1.781853,Synthetic assumed household; not measured Eatontown data
4,16,19,1.862962,Synthetic assumed household; not measured Eatontown data
4,16,20,1.654729,Synthetic assumed household; not measured Eatontown data
4,16,21,1.351491,Synthetic assumed household; not measured Eatontown data
4,16,22,0.836493,Synthetic assumed household; not measured Eatontown data
4,16,23,0.659345,Synthetic assumed household; not measured Eatontown data
4,17,0,0.460099,Synthetic assumed household; not measured Eatontown data
4,17,1,0.463909,Synthetic assumed household; not measured Eatontown data
4,17,2,0.488842,Synthetic assumed household; not measured Eatontown data
4,17,3,0.486300,Synthetic assumed household; not measured Eatontown data
4,17,4,0.657869,Synthetic assumed household; not measured Eatontown data
4,17,5,0.854409,Synthetic assumed household; not measured Eatontown data
4,17,6,1.119761,Synthetic assumed household; not measured Eatontown data
4,17,7,1.339569,Synthetic assumed household; not measured Eatontown data
4,17,8,1.280321,Synthetic assumed household; not measured Eatontown data
4,17,9,0.998235,Synthetic assumed household; not measured Eatontown data
4,17,10,0.729583,Synthetic assumed household; not measured Eatontown data
4,17,11,0.787325,Synthetic assumed household; not measured Eatontown data
4,17,12,0.810697,Synthetic assumed household; not measured Eatontown data
4,17,13,0.853751,Synthetic assumed household; not measured Eatontown data
4,17,14,0.753847,Synthetic assumed household; not measured Eatontown data
4,17,15,0.834441,Synthetic assumed household; not measured Eatontown data
4,17,16,1.098746,Synthetic assumed household; not measured Eatontown data
4,17,17,1.431226,Synthetic assumed household; not measured Eatontown data
4,17,18,1.816709,Synthetic assumed household; not measured Eatontown data
4,17,19,1.833632,Synthetic assumed household; not measured Eatontown data
4,17,20,1.806031,Synthetic assumed household; not measured Eatontown data
4,17,21,1.393583,Synthetic assumed household; not measured Eatontown data
4,17,22,0.863067,Synthetic assumed household; not measured Eatontown data
4,17,23,0.697797,Synthetic assumed household; not measured Eatontown data
4,18,0,0.459109,Synthetic assumed household; not measured Eatontown data
4,18,1,0.537591,Synthetic assumed household; not measured Eatontown data
4,18,2,0.500843,Synthetic assumed household; not measured Eatontown data
4,18,3,0.558354,Synthetic assumed household; not measured Eatontown data
4,18,4,0.661389,Synthetic assumed household; not measured Eatontown data
4,18,5,0.809283,Synthetic assumed household; not measured Eatontown data
4,18,6,1.082839,Synthetic assumed household; not measured Eatontown data
4,18,7,1.408414,Synthetic assumed household; not measured Eatontown data
4,18,8,1.169899,Synthetic assumed household; not measured Eatontown data
4,18,9,1.060801,Synthetic assumed household; not measured Eatontown data
4,18,10,0.860946,Synthetic assumed household; not measured Eatontown data
4,18,11,0.701161,Synthetic assumed household; not measured Eatontown data
4,18,12,0.840887,Synthetic assumed household; not measured Eatontown data
4,18,13,0.778901,Synthetic assumed household; not measured Eatontown data
4,18,14,0.771562,Synthetic assumed household; not measured Eatontown data
4,18,15,0.969376,Synthetic assumed household; not measured Eatontown data
4,18,16,1.155453,Synthetic assumed household; not measured Eatontown data
4,18,17,1.351806,Synthetic assumed household; not measured Eatontown data
4,18,18,1.801127,Synthetic assumed household; not measured Eatontown data
4,18,19,1.894079,Synthetic assumed household; not measured Eatontown data
4,18,20,1.760796,Synthetic assumed household; not measured Eatontown data
4,18,21,1.377234,Synthetic assumed household; not measured Eatontown data
4,18,22,0.929602,Synthetic assumed household; not measured Eatontown data
4,18,23,0.651249,Synthetic assumed household; not measured Eatontown data
4,19,0,0.413787,Synthetic assumed household; not measured Eatontown data
4,19,1,0.425997,Synthetic assumed household; not measured Eatontown data
4,19,2,0.385924,Synthetic assumed household; not measured Eatontown data
4,19,3,0.410031,Synthetic assumed household; not measured Eatontown data
4,19,4,0.377690,Synthetic assumed household; not measured Eatontown data
4,19,5,0.476367,Synthetic assumed household; not measured Eatontown data
4,19,6,0.511207,Synthetic assumed household; not measured Eatontown data
4,19,7,0.741365,Synthetic assumed household; not measured Eatontown data
4,19,8,0.992516,Synthetic assumed household; not measured Eatontown data
4,19,9,1.092847,Synthetic assumed household; not measured Eatontown data
4,19,10,1.202861,Synthetic assumed household; not measured Eatontown data
4,19,11,0.980995,Synthetic assumed household; not measured Eatontown data
4,19,12,0.773704,Synthetic assumed household; not measured Eatontown data
4,19,13,0.763051,Synthetic assumed household; not measured Eatontown data
4,19,14,0.739277,Synthetic assumed household; not measured Eatontown data
4,19,15,0.758593,Synthetic assumed household; not measured Eatontown data
4,19,16,0.909318,Synthetic assumed household; not measured Eatontown data
4,19,17,1.203019,Synthetic assumed household; not measured Eatontown data
4,19,18,1.572128,Synthetic assumed household; not measured Eatontown data
4,19,19,1.540614,Synthetic assumed household; not measured Eatontown data
4,19,20,1.335821,Synthetic assumed household; not measured Eatontown data
4,19,21,1.097377,Synthetic assumed household; not measured Eatontown data
4,19,22,0.791465,Synthetic assumed household; not measured Eatontown data
4,19,23,0.612980,Synthetic assumed household; not measured Eatontown data
4,20,0,0.442701,Synthetic assumed household; not measured Eatontown data
4,20,1,0.457555,Synthetic assumed household; not measured Eatontown data
4,20,2,0.455569,Synthetic assumed household; not measured Eatontown data
4,20,3,0.382773,Synthetic assumed household; not measured Eatontown data
4,20,4,0.422344,Synthetic assumed household; not measured Eatontown data
4,20,5,0.434733,Synthetic assumed household; not measured Eatontown data
4,20,6,0.589362,Synthetic assumed household; not measured Eatontown data
4,20,7,0.736667,Synthetic assumed household; not measured Eatontown data
4,20,8,1.051127,Synthetic assumed household; not measured Eatontown data
4,20,9,1.084239,Synthetic assumed household; not measured Eatontown data
4,20,10,1.065438,Synthetic assumed household; not measured Eatontown data
4,20,11,0.948918,Synthetic assumed household; not measured Eatontown data
4,20,12,0.752797,Synthetic assumed household; not measured Eatontown data
4,20,13,0.738900,Synthetic assumed household; not measured Eatontown data
4,20,14,0.716624,Synthetic assumed household; not measured Eatontown data
4,20,15,0.803539,Synthetic assumed household; not measured Eatontown data
4,20,16,0.963707,Synthetic assumed household; not measured Eatontown data
4,20,17,1.320411,Synthetic assumed household; not measured Eatontown data
4,20,18,1.447150,Synthetic assumed household; not measured Eatontown data
4,20,19,1.784579,Synthetic assumed household; not measured Eatontown data
4,20,20,1.570920,Synthetic assumed household; not measured Eatontown data
4,20,21,1.093629,Synthetic assumed household; not measured Eatontown data
4,20,22,0.729722,Synthetic assumed household; not measured Eatontown data
4,20,23,0.570199,Synthetic assumed household; not measured Eatontown data
4,21,0,0.410674,Synthetic assumed household; not measured Eatontown data
4,21,1,0.453132,Synthetic assumed household; not measured Eatontown data
4,21,2,0.461526,Synthetic assumed household; not measured Eatontown data
4,21,3,0.495916,Synthetic assumed household; not measured Eatontown data
4,21,4,0.490885,Synthetic assumed household; not measured Eatontown data
4,21,5,0.769824,Synthetic assumed household; not measured Eatontown data
4,21,6,1.077573,Synthetic assumed household; not measured Eatontown data
4,21,7,1.199989,Synthetic assumed household; not measured Eatontown data
4,21,8,0.972245,Synthetic assumed household; not measured Eatontown data
4,21,9,0.852686,Synthetic assumed household; not measured Eatontown data
4,21,10,0.666133,Synthetic assumed household; not measured Eatontown data
4,21,11,0.665213,Synthetic assumed household; not measured Eatontown data
4,21,12,0.621924,Synthetic assumed household; not measured Eatontown data
4,21,13,0.772341,Synthetic assumed household; not measured Eatontown data
4,21,14,0.758431,Synthetic assumed household; not measured Eatontown data
4,21,15,0.735297,Synthetic assumed household; not measured Eatontown data
4,21,16,1.062134,Synthetic assumed household; not measured Eatontown data
4,21,17,1.372162,Synthetic assumed household; not measured Eatontown data
4,21,18,1.570613,Synthetic assumed household; not measured Eatontown data
4,21,19,1.744728,Synthetic assumed household; not measured Eatontown data
4,21,20,1.477158,Synthetic assumed household; not measured Eatontown data
4,21,21,1.280909,Synthetic assumed household; not measured Eatontown data
4,21,22,0.753715,Synthetic assumed household; not measured Eatontown data
4,21,23,0.541787,Synthetic assumed household; not measured Eatontown data
4,22,0,0.435894,Synthetic assumed household; not measured Eatontown data
4,22,1,0.375396,Synthetic assumed household; not measured Eatontown data
4,22,2,0.420589,Synthetic assumed household; not measured Eatontown data
4,22,3,0.434125,Synthetic assumed household; not measured Eatontown data
4,22,4,0.576169,Synthetic assumed household; not measured Eatontown data
4,22,5,0.683671,Synthetic assumed household; not measured Eatontown data
4,22,6,0.927400,Synthetic assumed household; not measured Eatontown data
4,22,7,1.068808,Synthetic assumed household; not measured Eatontown data
4,22,8,1.082390,Synthetic assumed household; not measured Eatontown data
4,22,9,0.852505,Synthetic assumed household; not measured Eatontown data
4,22,10,0.711692,Synthetic assumed household; not measured Eatontown data
4,22,11,0.620800,Synthetic assumed household; not measured Eatontown data
4,22,12,0.629325,Synthetic assumed household; not measured Eatontown data
4,22,13,0.621504,Synthetic assumed household; not measured Eatontown data
4,22,14,0.661736,Synthetic assumed household; not measured Eatontown data
4,22,15,0.817313,Synthetic assumed household; not measured Eatontown data
4,22,16,0.963252,Synthetic assumed household; not measured Eatontown data
4,22,17,1.144415,Synthetic assumed household; not measured Eatontown data
4,22,18,1.411158,Synthetic assumed household; not measured Eatontown data
4,22,19,1.610872,Synthetic assumed household; not measured Eatontown data
4,22,20,1.438284,Synthetic assumed household; not measured Eatontown data
4,22,21,1.139317,Synthetic assumed household; not measured Eatontown data
4,22,22,0.868629,Synthetic assumed household; not measured Eatontown data
4,22,23,0.536646,Synthetic assumed household; not measured Eatontown data
4,23,0,0.413425,Synthetic assumed household; not measured Eatontown data
4,23,1,0.401430,Synthetic assumed household; not measured Eatontown data
4,23,2,0.409319,Synthetic assumed household; not measured Eatontown data
4,23,3,0.483089,Synthetic assumed household; not measured Eatontown data
4,23,4,0.594725,Synthetic assumed household; not measured Eatontown data
4,23,5,0.794271,Synthetic assumed household; not measured Eatontown data
4,23,6,0.936523,Synthetic assumed household; not measured Eatontown data
4,23,7,1.254220,Synthetic assumed household; not measured Eatontown data
4,23,8,1.043882,Synthetic assumed household; not measured Eatontown data
4,23,9,0.796933,Synthetic assumed household; not measured Eatontown data
4,23,10,0.683500,Synthetic assumed household; not measured Eatontown data
4,23,11,0.662517,Synthetic assumed household; not measured Eatontown data
4,23,12,0.700128,Synthetic assumed household; not measured Eatontown data
4,23,13,0.744796,Synthetic assumed household; not measured Eatontown data
4,23,14,0.709284,Synthetic assumed household; not measured Eatontown data
4,23,15,0.900009,Synthetic assumed household; not measured Eatontown data
4,23,16,0.908944,Synthetic assumed household; not measured Eatontown data
4,23,17,1.276651,Synthetic assumed household; not measured Eatontown data
4,23,18,1.586506,Synthetic assumed household; not measured Eatontown data
4,23,19,1.802650,Synthetic assumed household; not measured Eatontown data
4,23,20,1.474393,Synthetic assumed household; not measured Eatontown data
4,23,21,1.188741,Synthetic assumed household; not measured Eatontown data
4,23,22,0.892749,Synthetic assumed household; not measured Eatontown data
4,23,23,0.560073,Synthetic assumed household; not measured Eatontown data
4,24,0,0.419754,Synthetic assumed household; not measured Eatontown data
4,24,1,0.432377,Synthetic assumed household; not measured Eatontown data
4,24,2,0.369360,Synthetic assumed household; not measured Eatontown data
4,24,3,0.450096,Synthetic assumed household; not measured Eatontown data
4,24,4,0.493759,Synthetic assumed household; not measured Eatontown data
4,24,5,0.711659,Synthetic assumed household; not measured Eatontown data
4,24,6,0.963149,Synthetic assumed household; not measured Eatontown data
4,24,7,1.084251,Synthetic assumed household; not measured Eatontown data
4,24,8,0.933911,Synthetic assumed household; not measured Eatontown data
4,24,9,0.836984,Synthetic assumed household; not measured Eatontown data
4,24,10,0.590776,Synthetic assumed household; not measured Eatontown data
4,24,11,0.565243,Synthetic assumed household; not measured Eatontown data
4,24,12,0.684759,Synthetic assumed household; not measured Eatontown data
4,24,13,0.645470,Synthetic assumed household; not measured Eatontown data
4,24,14,0.625992,Synthetic assumed household; not measured Eatontown data
4,24,15,0.804131,Synthetic assumed household; not measured Eatontown data
4,24,16,0.970317,Synthetic assumed household; not measured Eatontown data
4,24,17,1.141503,Synthetic assumed household; not measured Eatontown data
4,24,18,1.320872,Synthetic assumed household; not measured Eatontown data
4,24,19,1.546619,Synthetic assumed household; not measured Eatontown data
4,24,20,1.315123,Synthetic assumed household; not measured Eatontown data
4,24,21,1.103242,Synthetic assumed household; not measured Eatontown data
4,24,22,0.812994,Synthetic assumed household; not measured Eatontown data
4,24,23,0.536293,Synthetic assumed household; not measured Eatontown data
4,25,0,0.414206,Synthetic assumed household; not measured Eatontown data
4,25,1,0.373971,Synthetic assumed household; not measured Eatontown data
4,25,2,0.381625,Synthetic assumed household; not measured Eatontown data
4,25,3,0.402146,Synthetic assumed household; not measured Eatontown data
4,25,4,0.491566,Synthetic assumed household; not measured Eatontown data
4,25,5,0.757824,Synthetic assumed household; not measured Eatontown data
4,25,6,0.861507,Synthetic assumed household; not measured Eatontown data
4,25,7,1.108277,Synthetic assumed household; not measured Eatontown data
4,25,8,0.945137,Synthetic assumed household; not measured Eatontown data
4,25,9,0.766614,Synthetic assumed household; not measured Eatontown data
4,25,10,0.651253,Synthetic assumed household; not measured Eatontown data
4,25,11,0.634711,Synthetic assumed household; not measured Eatontown data
4,25,12,0.586654,Synthetic assumed household; not measured Eatontown data
4,25,13,0.633338,Synthetic assumed household; not measured Eatontown data
4,25,14,0.636416,Synthetic assumed household; not measured Eatontown data
4,25,15,0.709501,Synthetic assumed household; not measured Eatontown data
4,25,16,0.994894,Synthetic assumed household; not measured Eatontown data
4,25,17,1.204973,Synthetic assumed household; not measured Eatontown data
4,25,18,1.513940,Synthetic assumed household; not measured Eatontown data
4,25,19,1.677446,Synthetic assumed household; not measured Eatontown data
4,25,20,1.513807,Synthetic assumed household; not measured Eatontown data
4,25,21,1.211256,Synthetic assumed household; not measured Eatontown data
4,25,22,0.818861,Synthetic assumed household; not measured Eatontown data
4,25,23,0.540240,Synthetic assumed household; not measured Eatontown data
4,26,0,0.473951,Synthetic assumed household; not measured Eatontown data
4,26,1,0.514730,Synthetic assumed household; not measured Eatontown data
4,26,2,0.476022,Synthetic assumed household; not measured Eatontown data
4,26,3,0.466561,Synthetic assumed household; not measured Eatontown data
4,26,4,0.453507,Synthetic assumed household; not measured Eatontown data
4,26,5,0.499054,Synthetic assumed household; not measured Eatontown data
4,26,6,0.592810,Synthetic assumed household; not measured Eatontown data
4,26,7,0.938073,Synthetic assumed household; not measured Eatontown data
4,26,8,1.250916,Synthetic assumed household; not measured Eatontown data
4,26,9,1.249083,Synthetic assumed household; not measured Eatontown data
4,26,10,1.418007,Synthetic assumed household; not measured Eatontown data
4,26,11,1.073710,Synthetic assumed household; not measured Eatontown data
4,26,12,0.940264,Synthetic assumed household; not measured Eatontown data
4,26,13,0.903718,Synthetic assumed household; not measured Eatontown data
4,26,14,0.900297,Synthetic assumed household; not measured Eatontown data
4,26,15,0.827051,Synthetic assumed household; not measured Eatontown data
4,26,16,1.133846,Synthetic assumed household; not measured Eatontown data
4,26,17,1.359884,Synthetic assumed household; not measured Eatontown data
4,26,18,1.866654,Synthetic assumed household; not measured Eatontown data
4,26,19,2.039401,Synthetic assumed household; not measured Eatontown data
4,26,20,1.549959,Synthetic assumed household; not measured Eatontown data
4,26,21,1.443166,Synthetic assumed household; not measured Eatontown data
4,26,22,0.870631,Synthetic assumed household; not measured Eatontown data
4,26,23,0.707340,Synthetic assumed household; not measured Eatontown data
4,27,0,0.500343,Synthetic assumed household; not measured Eatontown data
4,27,1,0.550358,Synthetic assumed household; not measured Eatontown data
4,27,2,0.551334,Synthetic assumed household; not measured Eatontown data
4,27,3,0.483757,Synthetic assumed household; not measured Eatontown data
4,27,4,0.534920,Synthetic assumed household; not measured Eatontown data
4,27,5,0.595643,Synthetic assumed household; not measured Eatontown data
4,27,6,0.707732,Synthetic assumed household; not measured Eatontown data
4,27,7,1.020235,Synthetic assumed household; not measured Eatontown data
4,27,8,1.163164,Synthetic assumed household; not measured Eatontown data
4,27,9,1.544583,Synthetic assumed household; not measured Eatontown data
4,27,10,1.524709,Synthetic assumed household; not measured Eatontown data
4,27,11,1.171732,Synthetic assumed household; not measured Eatontown data
4,27,12,0.979754,Synthetic assumed household; not measured Eatontown data
4,27,13,0.835047,Synthetic assumed household; not measured Eatontown data
4,27,14,0.978358,Synthetic assumed household; not measured Eatontown data
4,27,15,1.048758,Synthetic assumed household; not measured Eatontown data
4,27,16,1.189770,Synthetic assumed household; not measured Eatontown data
4,27,17,1.487167,Synthetic assumed household; not measured Eatontown data
4,27,18,1.899303,Synthetic assumed household; not measured Eatontown data
4,27,19,1.873097,Synthetic assumed household; not measured Eatontown data
4,27,20,1.745209,Synthetic assumed household; not measured Eatontown data
4,27,21,1.342986,Synthetic assumed household; not measured Eatontown data
4,27,22,1.005097,Synthetic assumed household; not measured Eatontown data
4,27,23,0.645412,Synthetic assumed household; not measured Eatontown data
4,28,0,0.504862,Synthetic assumed household; not measured Eatontown data
4,28,1,0.497976,Synthetic assumed household; not measured Eatontown data
4,28,2,0.567440,Synthetic assumed household; not measured Eatontown data
4,28,3,0.624738,Synthetic assumed household; not measured Eatontown data
4,28,4,0.738549,Synthetic assumed household; not measured Eatontown data
4,28,5,0.912436,Synthetic assumed household; not measured Eatontown data
4,28,6,1.154408,Synthetic assumed household; not measured Eatontown data
4,28,7,1.479785,Synthetic assumed household; not measured Eatontown data
4,28,8,1.449725,Synthetic assumed household; not measured Eatontown data
4,28,9,1.133107,Synthetic assumed household; not measured Eatontown data
4,28,10,0.952537,Synthetic assumed household; not measured Eatontown data
4,28,11,0.905246,Synthetic assumed household; not measured Eatontown data
4,28,12,0.943807,Synthetic assumed household; not measured Eatontown data
4,28,13,0.867759,Synthetic assumed household; not measured Eatontown data
4,28,14,1.003590,Synthetic assumed household; not measured Eatontown data
4,28,15,0.993191,Synthetic assumed household; not measured Eatontown data
4,28,16,1.142344,Synthetic assumed household; not measured Eatontown data
4,28,17,1.547014,Synthetic assumed household; not measured Eatontown data
4,28,18,1.838381,Synthetic assumed household; not measured Eatontown data
4,28,19,1.980024,Synthetic assumed household; not measured Eatontown data
4,28,20,2.093302,Synthetic assumed household; not measured Eatontown data
4,28,21,1.569061,Synthetic assumed household; not measured Eatontown data
4,28,22,1.137591,Synthetic assumed household; not measured Eatontown data
4,28,23,0.769291,Synthetic assumed household; not measured Eatontown data
4,29,0,0.474727,Synthetic assumed household; not measured Eatontown data
4,29,1,0.451506,Synthetic assumed household; not measured Eatontown data
4,29,2,0.477340,Synthetic assumed household; not measured Eatontown data
4,29,3,0.492745,Synthetic assumed household; not measured Eatontown data
4,29,4,0.527650,Synthetic assumed household; not measured Eatontown data
4,29,5,0.778175,Synthetic assumed household; not measured Eatontown data
4,29,6,0.964868,Synthetic assumed household; not measured Eatontown data
4,29,7,1.130434,Synthetic assumed household; not measured Eatontown data
4,29,8,1.122450,Synthetic assumed household; not measured Eatontown data
4,29,9,0.803618,Synthetic assumed household; not measured Eatontown data
4,29,10,0.753070,Synthetic assumed household; not measured Eatontown data
4,29,11,0.743813,Synthetic assumed household; not measured Eatontown data
4,29,12,0.761299,Synthetic assumed household; not measured Eatontown data
4,29,13,0.704073,Synthetic assumed household; not measured Eatontown data
4,29,14,0.819090,Synthetic assumed household; not measured Eatontown data
4,29,15,0.896290,Synthetic assumed household; not measured Eatontown data
4,29,16,0.909671,Synthetic assumed household; not measured Eatontown data
4,29,17,1.328873,Synthetic assumed household; not measured Eatontown data
4,29,18,1.737596,Synthetic assumed household; not measured Eatontown data
4,29,19,1.878993,Synthetic assumed household; not measured Eatontown data
4,29,20,1.466157,Synthetic assumed household; not measured Eatontown data
4,29,21,1.214161,Synthetic assumed household; not measured Eatontown data
4,29,22,0.915570,Synthetic assumed household; not measured Eatontown data
4,29,23,0.560463,Synthetic assumed household; not measured Eatontown data
4,30,0,0.493409,Synthetic assumed household; not measured Eatontown data
4,30,1,0.571773,Synthetic assumed household; not measured Eatontown data
4,30,2,0.492376,Synthetic assumed household; not measured Eatontown data
4,30,3,0.602117,Synthetic assumed household; not measured Eatontown data
4,30,4,0.614971,Synthetic assumed household; not measured Eatontown data
4,30,5,0.955557,Synthetic assumed household; not measured Eatontown data
4,30,6,1.272323,Synthetic assumed household; not measured Eatontown data
4,30,7,1.519715,Synthetic assumed household; not measured Eatontown data
4,30,8,1.283781,Synthetic assumed household; not measured Eatontown data
4,30,9,0.992786,Synthetic assumed household; not measured Eatontown data
4,30,10,0.820613,Synthetic assumed household; not measured Eatontown data
4,30,11,0.748043,Synthetic assumed household; not measured Eatontown data
4,30,12,0.797298,Synthetic assumed household; not measured Eatontown data
4,30,13,0.795681,Synthetic assumed household; not measured Eatontown data
4,30,14,0.805032,Synthetic assumed household; not measured Eatontown data
4,30,15,0.961276,Synthetic assumed household; not measured Eatontown data
4,30,16,1.259884,Synthetic assumed household; not measured Eatontown data
4,30,17,1.708764,Synthetic assumed household; not measured Eatontown data
4,30,18,2.070485,Synthetic assumed household; not measured Eatontown data
4,30,19,2.058537,Synthetic assumed household; not measured Eatontown data
4,30,20,1.817680,Synthetic assumed household; not measured Eatontown data
4,30,21,1.450959,Synthetic assumed household; not measured Eatontown data
4,30,22,0.929622,Synthetic assumed household; not measured Eatontown data
4,30,23,0.721456,Synthetic assumed household; not measured Eatontown data
5,1,0,0.558705,Synthetic assumed household; not measured Eatontown data
5,1,1,0.563463,Synthetic assumed household; not measured Eatontown data
5,1,2,0.512261,Synthetic assumed household; not measured Eatontown data
5,1,3,0.532622,Synthetic assumed household; not measured Eatontown data
5,1,4,0.746197,Synthetic assumed household; not measured Eatontown data
5,1,5,0.916151,Synthetic assumed household; not measured Eatontown data
5,1,6,1.242576,Synthetic assumed household; not measured Eatontown data
5,1,7,1.601967,Synthetic assumed household; not measured Eatontown data
5,1,8,1.236455,Synthetic assumed household; not measured Eatontown data
5,1,9,1.013401,Synthetic assumed household; not measured Eatontown data
5,1,10,0.877372,Synthetic assumed household; not measured Eatontown data
5,1,11,0.892418,Synthetic assumed household; not measured Eatontown data
5,1,12,0.881125,Synthetic assumed household; not measured Eatontown data
5,1,13,0.970839,Synthetic assumed household; not measured Eatontown data
5,1,14,0.855588,Synthetic assumed household; not measured Eatontown data
5,1,15,1.043862,Synthetic assumed household; not measured Eatontown data
5,1,16,1.282408,Synthetic assumed household; not measured Eatontown data
5,1,17,1.621494,Synthetic assumed household; not measured Eatontown data
5,1,18,1.814669,Synthetic assumed household; not measured Eatontown data
5,1,19,2.337036,Synthetic assumed household; not measured Eatontown data
5,1,20,1.810277,Synthetic assumed household; not measured Eatontown data
5,1,21,1.614195,Synthetic assumed household; not measured Eatontown data
5,1,22,0.979966,Synthetic assumed household; not measured Eatontown data
5,1,23,0.694358,Synthetic assumed household; not measured Eatontown data
5,2,0,0.421462,Synthetic assumed household; not measured Eatontown data
5,2,1,0.467734,Synthetic assumed household; not measured Eatontown data
5,2,2,0.475326,Synthetic assumed household; not measured Eatontown data
5,2,3,0.504596,Synthetic assumed household; not measured Eatontown data
5,2,4,0.551092,Synthetic assumed household; not measured Eatontown data
5,2,5,0.756913,Synthetic assumed household; not measured Eatontown data
5,2,6,1.012135,Synthetic assumed household; not measured Eatontown data
5,2,7,1.107629,Synthetic assumed household; not measured Eatontown data
5,2,8,1.135837,Synthetic assumed household; not measured Eatontown data
5,2,9,0.960014,Synthetic assumed household; not measured Eatontown data
5,2,10,0.693825,Synthetic assumed household; not measured Eatontown data
5,2,11,0.686919,Synthetic assumed household; not measured Eatontown data
5,2,12,0.712737,Synthetic assumed household; not measured Eatontown data
5,2,13,0.714407,Synthetic assumed household; not measured Eatontown data
5,2,14,0.796657,Synthetic assumed household; not measured Eatontown data
5,2,15,0.865891,Synthetic assumed household; not measured Eatontown data
5,2,16,0.976465,Synthetic assumed household; not measured Eatontown data
5,2,17,1.220197,Synthetic assumed household; not measured Eatontown data
5,2,18,1.549857,Synthetic assumed household; not measured Eatontown data
5,2,19,1.704765,Synthetic assumed household; not measured Eatontown data
5,2,20,1.473113,Synthetic assumed household; not measured Eatontown data
5,2,21,1.325953,Synthetic assumed household; not measured Eatontown data
5,2,22,0.838271,Synthetic assumed household; not measured Eatontown data
5,2,23,0.612310,Synthetic assumed household; not measured Eatontown data
5,3,0,0.511040,Synthetic assumed household; not measured Eatontown data
5,3,1,0.454683,Synthetic assumed household; not measured Eatontown data
5,3,2,0.499869,Synthetic assumed household; not measured Eatontown data
5,3,3,0.465654,Synthetic assumed household; not measured Eatontown data
5,3,4,0.543504,Synthetic assumed household; not measured Eatontown data
5,3,5,0.525168,Synthetic assumed household; not measured Eatontown data
5,3,6,0.647022,Synthetic assumed household; not measured Eatontown data
5,3,7,0.862407,Synthetic assumed household; not measured Eatontown data
5,3,8,1.225350,Synthetic assumed household; not measured Eatontown data
5,3,9,1.348646,Synthetic assumed household; not measured Eatontown data
5,3,10,1.282312,Synthetic assumed household; not measured Eatontown data
5,3,11,1.014169,Synthetic assumed household; not measured Eatontown data
5,3,12,0.976483,Synthetic assumed household; not measured Eatontown data
5,3,13,0.884302,Synthetic assumed household; not measured Eatontown data
5,3,14,0.785435,Synthetic assumed household; not measured Eatontown data
5,3,15,0.906919,Synthetic assumed household; not measured Eatontown data
5,3,16,1.154370,Synthetic assumed household; not measured Eatontown data
5,3,17,1.625416,Synthetic assumed household; not measured Eatontown data
5,3,18,1.861107,Synthetic assumed household; not measured Eatontown data
5,3,19,1.981278,Synthetic assumed household; not measured Eatontown data
5,3,20,1.892224,Synthetic assumed household; not measured Eatontown data
5,3,21,1.454258,Synthetic assumed household; not measured Eatontown data
5,3,22,0.944957,Synthetic assumed household; not measured Eatontown data
5,3,23,0.693782,Synthetic assumed household; not measured Eatontown data
5,4,0,0.552929,Synthetic assumed household; not measured Eatontown data
5,4,1,0.598244,Synthetic assumed household; not measured Eatontown data
5,4,2,0.553538,Synthetic assumed household; not measured Eatontown data
5,4,3,0.510863,Synthetic assumed household; not measured Eatontown data
5,4,4,0.612023,Synthetic assumed household; not measured Eatontown data
5,4,5,0.631238,Synthetic assumed household; not measured Eatontown data
5,4,6,0.734533,Synthetic assumed household; not measured Eatontown data
5,4,7,1.097511,Synthetic assumed household; not measured Eatontown data
5,4,8,1.468326,Synthetic assumed household; not measured Eatontown data
5,4,9,1.658361,Synthetic assumed household; not measured Eatontown data
5,4,10,1.545515,Synthetic assumed household; not measured Eatontown data
5,4,11,1.153006,Synthetic assumed household; not measured Eatontown data
5,4,12,1.097105,Synthetic assumed household; not measured Eatontown data
5,4,13,0.897597,Synthetic assumed household; not measured Eatontown data
5,4,14,1.054398,Synthetic assumed household; not measured Eatontown data
5,4,15,1.150048,Synthetic assumed household; not measured Eatontown data
5,4,16,1.364370,Synthetic assumed household; not measured Eatontown data
5,4,17,1.542830,Synthetic assumed household; not measured Eatontown data
5,4,18,2.020755,Synthetic assumed household; not measured Eatontown data
5,4,19,2.415208,Synthetic assumed household; not measured Eatontown data
5,4,20,1.962737,Synthetic assumed household; not measured Eatontown data
5,4,21,1.687256,Synthetic assumed household; not measured Eatontown data
5,4,22,1.105667,Synthetic assumed household; not measured Eatontown data
5,4,23,0.824926,Synthetic assumed household; not measured Eatontown data
5,5,0,0.506371,Synthetic assumed household; not measured Eatontown data
5,5,1,0.507436,Synthetic assumed household; not measured Eatontown data
5,5,2,0.432916,Synthetic assumed household; not measured Eatontown data
5,5,3,0.491138,Synthetic assumed household; not measured Eatontown data
5,5,4,0.589818,Synthetic assumed household; not measured Eatontown data
5,5,5,0.795606,Synthetic assumed household; not measured Eatontown data
5,5,6,1.062642,Synthetic assumed household; not measured Eatontown data
5,5,7,1.257065,Synthetic assumed household; not measured Eatontown data
5,5,8,1.253229,Synthetic assumed household; not measured Eatontown data
5,5,9,0.989783,Synthetic assumed household; not measured Eatontown data
5,5,10,0.795445,Synthetic assumed household; not measured Eatontown data
5,5,11,0.739162,Synthetic assumed household; not measured Eatontown data
5,5,12,0.741041,Synthetic assumed household; not measured Eatontown data
5,5,13,0.762591,Synthetic assumed household; not measured Eatontown data
5,5,14,0.747061,Synthetic assumed household; not measured Eatontown data
5,5,15,0.899572,Synthetic assumed household; not measured Eatontown data
5,5,16,1.137785,Synthetic assumed household; not measured Eatontown data
5,5,17,1.527324,Synthetic assumed household; not measured Eatontown data
5,5,18,1.874609,Synthetic assumed household; not measured Eatontown data
5,5,19,1.875707,Synthetic assumed household; not measured Eatontown data
5,5,20,1.540486,Synthetic assumed household; not measured Eatontown data
5,5,21,1.236748,Synthetic assumed household; not measured Eatontown data
5,5,22,0.914244,Synthetic assumed household; not measured Eatontown data
5,5,23,0.630684,Synthetic assumed household; not measured Eatontown data
5,6,0,0.483288,Synthetic assumed household; not measured Eatontown data
5,6,1,0.494167,Synthetic assumed household; not measured Eatontown data
5,6,2,0.512168,Synthetic assumed household; not measured Eatontown data
5,6,3,0.482154,Synthetic assumed household; not measured Eatontown data
5,6,4,0.608241,Synthetic assumed household; not measured Eatontown data
5,6,5,0.809629,Synthetic assumed household; not measured Eatontown data
5,6,6,1.202041,Synthetic assumed household; not measured Eatontown data
5,6,7,1.392578,Synthetic assumed household; not measured Eatontown data
5,6,8,1.119499,Synthetic assumed household; not measured Eatontown data
5,6,9,1.067163,Synthetic assumed household; not measured Eatontown data
5,6,10,0.793361,Synthetic assumed household; not measured Eatontown data
5,6,11,0.737360,Synthetic assumed household; not measured Eatontown data
5,6,12,0.835659,Synthetic assumed household; not measured Eatontown data
5,6,13,0.889594,Synthetic assumed household; not measured Eatontown data
5,6,14,0.917349,Synthetic assumed household; not measured Eatontown data
5,6,15,0.845208,Synthetic assumed household; not measured Eatontown data
5,6,16,1.216789,Synthetic assumed household; not measured Eatontown data
5,6,17,1.426219,Synthetic assumed household; not measured Eatontown data
5,6,18,1.746967,Synthetic assumed household; not measured Eatontown data
5,6,19,1.955844,Synthetic assumed household; not measured Eatontown data
5,6,20,1.839922,Synthetic assumed household; not measured Eatontown data
5,6,21,1.256603,Synthetic assumed household; not measured Eatontown data
5,6,22,1.030864,Synthetic assumed household; not measured Eatontown data
5,6,23,0.638146,Synthetic assumed household; not measured Eatontown data
5,7,0,0.578550,Synthetic assumed household; not measured Eatontown data
5,7,1,0.624266,Synthetic assumed household; not measured Eatontown data
5,7,2,0.565419,Synthetic assumed household; not measured Eatontown data
5,7,3,0.617842,Synthetic assumed household; not measured Eatontown data
5,7,4,0.775037,Synthetic assumed household; not measured Eatontown data
5,7,5,0.966529,Synthetic assumed household; not measured Eatontown data
5,7,6,1.310953,Synthetic assumed household; not measured Eatontown data
5,7,7,1.688133,Synthetic assumed household; not measured Eatontown data
5,7,8,1.528689,Synthetic assumed household; not measured Eatontown data
5,7,9,1.231531,Synthetic assumed household; not measured Eatontown data
5,7,10,1.042226,Synthetic assumed household; not measured Eatontown data
5,7,11,0.979361,Synthetic assumed household; not measured Eatontown data
5,7,12,0.944803,Synthetic assumed household; not measured Eatontown data
5,7,13,0.904152,Synthetic assumed household; not measured Eatontown data
5,7,14,0.967055,Synthetic assumed household; not measured Eatontown data
5,7,15,1.107103,Synthetic assumed household; not measured Eatontown data
5,7,16,1.254449,Synthetic assumed household; not measured Eatontown data
5,7,17,1.879113,Synthetic assumed household; not measured Eatontown data
5,7,18,2.324764,Synthetic assumed household; not measured Eatontown data
5,7,19,2.098531,Synthetic assumed household; not measured Eatontown data
5,7,20,1.965029,Synthetic assumed household; not measured Eatontown data
5,7,21,1.723454,Synthetic assumed household; not measured Eatontown data
5,7,22,1.211817,Synthetic assumed household; not measured Eatontown data
5,7,23,0.773393,Synthetic assumed household; not measured Eatontown data
5,8,0,0.552021,Synthetic assumed household; not measured Eatontown data
5,8,1,0.531064,Synthetic assumed household; not measured Eatontown data
5,8,2,0.492673,Synthetic assumed household; not measured Eatontown data
5,8,3,0.582330,Synthetic assumed household; not measured Eatontown data
5,8,4,0.656265,Synthetic assumed household; not measured Eatontown data
5,8,5,0.921684,Synthetic assumed household; not measured Eatontown data
5,8,6,1.119999,Synthetic assumed household; not measured Eatontown data
5,8,7,1.250538,Synthetic assumed household; not measured Eatontown data
5,8,8,1.237178,Synthetic assumed household; not measured Eatontown data
5,8,9,1.038336,Synthetic assumed household; not measured Eatontown data
5,8,10,0.790697,Synthetic assumed household; not measured Eatontown data
5,8,11,0.860469,Synthetic assumed household; not measured Eatontown data
5,8,12,0.834204,Synthetic assumed household; not measured Eatontown data
5,8,13,0.819304,Synthetic assumed household; not measured Eatontown data
5,8,14,0.816003,Synthetic assumed household; not measured Eatontown data
5,8,15,1.038371,Synthetic assumed household; not measured Eatontown data
5,8,16,1.236486,Synthetic assumed household; not measured Eatontown data
5,8,17,1.586130,Synthetic assumed household; not measured Eatontown data
5,8,18,1.800166,Synthetic assumed household; not measured Eatontown data
5,8,19,1.971040,Synthetic assumed household; not measured Eatontown data
5,8,20,1.699694,Synthetic assumed household; not measured Eatontown data
5,8,21,1.426950,Synthetic assumed household; not measured Eatontown data
5,8,22,1.080187,Synthetic assumed household; not measured Eatontown data
5,8,23,0.759377,Synthetic assumed household; not measured Eatontown data
5,9,0,0.562297,Synthetic assumed household; not measured Eatontown data
5,9,1,0.518689,Synthetic assumed household; not measured Eatontown data
5,9,2,0.540048,Synthetic assumed household; not measured Eatontown data
5,9,3,0.527024,Synthetic assumed household; not measured Eatontown data
5,9,4,0.737969,Synthetic assumed household; not measured Eatontown data
5,9,5,1.007704,Synthetic assumed household; not measured Eatontown data
5,9,6,1.164120,Synthetic assumed household; not measured Eatontown data
5,9,7,1.592133,Synthetic assumed household; not measured Eatontown data
5,9,8,1.393107,Synthetic assumed household; not measured Eatontown data
5,9,9,1.108302,Synthetic assumed household; not measured Eatontown data
5,9,10,0.812330,Synthetic assumed household; not measured Eatontown data
5,9,11,0.811614,Synthetic assumed household; not measured Eatontown data
5,9,12,0.927318,Synthetic assumed household; not measured Eatontown data
5,9,13,0.865317,Synthetic assumed household; not measured Eatontown data
5,9,14,1.019636,Synthetic assumed household; not measured Eatontown data
5,9,15,1.055145,Synthetic assumed household; not measured Eatontown data
5,9,16,1.236324,Synthetic assumed household; not measured Eatontown data
5,9,17,1.588873,Synthetic assumed household; not measured Eatontown data
5,9,18,1.944312,Synthetic assumed household; not measured Eatontown data
5,9,19,2.043072,Synthetic assumed household; not measured Eatontown data
5,9,20,1.929733,Synthetic assumed household; not measured Eatontown data
5,9,21,1.552450,Synthetic assumed household; not measured Eatontown data
5,9,22,1.121745,Synthetic assumed household; not measured Eatontown data
5,9,23,0.739922,Synthetic assumed household; not measured Eatontown data
5,10,0,0.462339,Synthetic assumed household; not measured Eatontown data
5,10,1,0.476333,Synthetic assumed household; not measured Eatontown data
5,10,2,0.493348,Synthetic assumed household; not measured Eatontown data
5,10,3,0.451383,Synthetic assumed household; not measured Eatontown data
5,10,4,0.483988,Synthetic assumed household; not measured Eatontown data
5,10,5,0.513378,Synthetic assumed household; not measured Eatontown data
5,10,6,0.584874,Synthetic assumed household; not measured Eatontown data
5,10,7,0.777323,Synthetic assumed household; not measured Eatontown data
5,10,8,1.049399,Synthetic assumed household; not measured Eatontown data
5,10,9,1.459147,Synthetic assumed household; not measured Eatontown data
5,10,10,1.287935,Synthetic assumed household; not measured Eatontown data
5,10,11,1.110579,Synthetic assumed household; not measured Eatontown data
5,10,12,0.824720,Synthetic assumed household; not measured Eatontown data
5,10,13,0.830857,Synthetic assumed household; not measured Eatontown data
5,10,14,0.860515,Synthetic assumed household; not measured Eatontown data
5,10,15,0.837123,Synthetic assumed household; not measured Eatontown data
5,10,16,0.991997,Synthetic assumed household; not measured Eatontown data
5,10,17,1.457582,Synthetic assumed household; not measured Eatontown data
5,10,18,1.839585,Synthetic assumed household; not measured Eatontown data
5,10,19,1.937936,Synthetic assumed household; not measured Eatontown data
5,10,20,1.750292,Synthetic assumed household; not measured Eatontown data
5,10,21,1.299294,Synthetic assumed household; not measured Eatontown data
5,10,22,0.923712,Synthetic assumed household; not measured Eatontown data
5,10,23,0.665039,Synthetic assumed household; not measured Eatontown data
5,11,0,0.580071,Synthetic assumed household; not measured Eatontown data
5,11,1,0.618660,Synthetic assumed household; not measured Eatontown data
5,11,2,0.535953,Synthetic assumed household; not measured Eatontown data
5,11,3,0.555526,Synthetic assumed household; not measured Eatontown data
5,11,4,0.560575,Synthetic assumed household; not measured Eatontown data
5,11,5,0.555817,Synthetic assumed household; not measured Eatontown data
5,11,6,0.774217,Synthetic assumed household; not measured Eatontown data
5,11,7,1.043491,Synthetic assumed household; not measured Eatontown data
5,11,8,1.315231,Synthetic assumed household; not measured Eatontown data
5,11,9,1.694722,Synthetic assumed household; not measured Eatontown data
5,11,10,1.443001,Synthetic assumed household; not measured Eatontown data
5,11,11,1.271916,Synthetic assumed household; not measured Eatontown data
5,11,12,1.116499,Synthetic assumed household; not measured Eatontown data
5,11,13,1.051338,Synthetic assumed household; not measured Eatontown data
5,11,14,1.006590,Synthetic assumed household; not measured Eatontown data
5,11,15,1.065342,Synthetic assumed household; not measured Eatontown data
5,11,16,1.390826,Synthetic assumed household; not measured Eatontown data
5,11,17,1.803082,Synthetic assumed household; not measured Eatontown data
5,11,18,2.233970,Synthetic assumed household; not measured Eatontown data
5,11,19,2.085436,Synthetic assumed household; not measured Eatontown data
5,11,20,1.850969,Synthetic assumed household; not measured Eatontown data
5,11,21,1.437968,Synthetic assumed household; not measured Eatontown data
5,11,22,1.038850,Synthetic assumed household; not measured Eatontown data
5,11,23,0.831074,Synthetic assumed household; not measured Eatontown data
5,12,0,0.536975,Synthetic assumed household; not measured Eatontown data
5,12,1,0.594801,Synthetic assumed household; not measured Eatontown data
5,12,2,0.561619,Synthetic assumed household; not measured Eatontown data
5,12,3,0.564973,Synthetic assumed household; not measured Eatontown data
5,12,4,0.716454,Synthetic assumed household; not measured Eatontown data
5,12,5,1.059246,Synthetic assumed household; not measured Eatontown data
5,12,6,1.310399,Synthetic assumed household; not measured Eatontown data
5,12,7,1.642682,Synthetic assumed household; not measured Eatontown data
5,12,8,1.380571,Synthetic assumed household; not measured Eatontown data
5,12,9,1.092051,Synthetic assumed household; not measured Eatontown data
5,12,10,0.912013,Synthetic assumed household; not measured Eatontown data
5,12,11,0.964904,Synthetic assumed household; not measured Eatontown data
5,12,12,0.917347,Synthetic assumed household; not measured Eatontown data
5,12,13,1.020275,Synthetic assumed household; not measured Eatontown data
5,12,14,1.001054,Synthetic assumed household; not measured Eatontown data
5,12,15,1.179380,Synthetic assumed household; not measured Eatontown data
5,12,16,1.211874,Synthetic assumed household; not measured Eatontown data
5,12,17,1.854044,Synthetic assumed household; not measured Eatontown data
5,12,18,2.117120,Synthetic assumed household; not measured Eatontown data
5,12,19,2.436540,Synthetic assumed household; not measured Eatontown data
5,12,20,2.002590,Synthetic assumed household; not measured Eatontown data
5,12,21,1.519182,Synthetic assumed household; not measured Eatontown data
5,12,22,1.013034,Synthetic assumed household; not measured Eatontown data
5,12,23,0.854151,Synthetic assumed household; not measured Eatontown data
5,13,0,0.448350,Synthetic assumed household; not measured Eatontown data
5,13,1,0.468969,Synthetic assumed household; not measured Eatontown data
5,13,2,0.489794,Synthetic assumed household; not measured Eatontown data
5,13,3,0.553701,Synthetic assumed household; not measured Eatontown data
5,13,4,0.608571,Synthetic assumed household; not measured Eatontown data
5,13,5,0.809293,Synthetic assumed household; not measured Eatontown data
5,13,6,1.182769,Synthetic assumed household; not measured Eatontown data
5,13,7,1.364174,Synthetic assumed household; not measured Eatontown data
5,13,8,1.185636,Synthetic assumed household; not measured Eatontown data
5,13,9,0.979170,Synthetic assumed household; not measured Eatontown data
5,13,10,0.740146,Synthetic assumed household; not measured Eatontown data
5,13,11,0.770190,Synthetic assumed household; not measured Eatontown data
5,13,12,0.691617,Synthetic assumed household; not measured Eatontown data
5,13,13,0.754992,Synthetic assumed household; not measured Eatontown data
5,13,14,0.861868,Synthetic assumed household; not measured Eatontown data
5,13,15,0.841332,Synthetic assumed household; not measured Eatontown data
5,13,16,1.161047,Synthetic assumed household; not measured Eatontown data
5,13,17,1.427939,Synthetic assumed household; not measured Eatontown data
5,13,18,1.853885,Synthetic assumed household; not measured Eatontown data
5,13,19,1.732596,Synthetic assumed household; not measured Eatontown data
5,13,20,1.745394,Synthetic assumed household; not measured Eatontown data
5,13,21,1.352067,Synthetic assumed household; not measured Eatontown data
5,13,22,0.907382,Synthetic assumed household; not measured Eatontown data
5,13,23,0.725306,Synthetic assumed household; not measured Eatontown data
5,14,0,0.471950,Synthetic assumed household; not measured Eatontown data
5,14,1,0.489490,Synthetic assumed household; not measured Eatontown data
5,14,2,0.513367,Synthetic assumed household; not measured Eatontown data
5,14,3,0.504062,Synthetic assumed household; not measured Eatontown data
5,14,4,0.645437,Synthetic assumed household; not measured Eatontown data
5,14,5,0.977104,Synthetic assumed household; not measured Eatontown data
5,14,6,1.159796,Synthetic assumed household; not measured Eatontown data
5,14,7,1.458632,Synthetic assumed household; not measured Eatontown data
5,14,8,1.328813,Synthetic assumed household; not measured Eatontown data
5,14,9,0.988109,Synthetic assumed household; not measured Eatontown data
5,14,10,0.896178,Synthetic assumed household; not measured Eatontown data
5,14,11,0.792321,Synthetic assumed household; not measured Eatontown data
5,14,12,0.774899,Synthetic assumed household; not measured Eatontown data
5,14,13,0.842179,Synthetic assumed household; not measured Eatontown data
5,14,14,0.908922,Synthetic assumed household; not measured Eatontown data
5,14,15,0.917034,Synthetic assumed household; not measured Eatontown data
5,14,16,1.280221,Synthetic assumed household; not measured Eatontown data
5,14,17,1.497235,Synthetic assumed household; not measured Eatontown data
5,14,18,1.839834,Synthetic assumed household; not measured Eatontown data
5,14,19,2.152569,Synthetic assumed household; not measured Eatontown data
5,14,20,1.896350,Synthetic assumed household; not measured Eatontown data
5,14,21,1.389320,Synthetic assumed household; not measured Eatontown data
5,14,22,1.087138,Synthetic assumed household; not measured Eatontown data
5,14,23,0.795199,Synthetic assumed household; not measured Eatontown data
5,15,0,0.558508,Synthetic assumed household; not measured Eatontown data
5,15,1,0.503195,Synthetic assumed household; not measured Eatontown data
5,15,2,0.491039,Synthetic assumed household; not measured Eatontown data
5,15,3,0.604819,Synthetic assumed household; not measured Eatontown data
5,15,4,0.720991,Synthetic assumed household; not measured Eatontown data
5,15,5,0.893128,Synthetic assumed household; not measured Eatontown data
5,15,6,1.162353,Synthetic assumed household; not measured Eatontown data
5,15,7,1.464272,Synthetic assumed household; not measured Eatontown data
5,15,8,1.193405,Synthetic assumed household; not measured Eatontown data
5,15,9,1.082744,Synthetic assumed household; not measured Eatontown data
5,15,10,0.873153,Synthetic assumed household; not measured Eatontown data
5,15,11,0.759198,Synthetic assumed household; not measured Eatontown data
5,15,12,0.809946,Synthetic assumed household; not measured Eatontown data
5,15,13,0.883055,Synthetic assumed household; not measured Eatontown data
5,15,14,0.805736,Synthetic assumed household; not measured Eatontown data
5,15,15,1.050305,Synthetic assumed household; not measured Eatontown data
5,15,16,1.136970,Synthetic assumed household; not measured Eatontown data
5,15,17,1.561905,Synthetic assumed household; not measured Eatontown data
5,15,18,1.736645,Synthetic assumed household; not measured Eatontown data
5,15,19,2.249286,Synthetic assumed household; not measured Eatontown data
5,15,20,1.909589,Synthetic assumed household; not measured Eatontown data
5,15,21,1.471384,Synthetic assumed household; not measured Eatontown data
5,15,22,0.906649,Synthetic assumed household; not measured Eatontown data
5,15,23,0.746593,Synthetic assumed household; not measured Eatontown data
5,16,0,0.519896,Synthetic assumed household; not measured Eatontown data
5,16,1,0.538485,Synthetic assumed household; not measured Eatontown data
5,16,2,0.536759,Synthetic assumed household; not measured Eatontown data
5,16,3,0.532201,Synthetic assumed household; not measured Eatontown data
5,16,4,0.712239,Synthetic assumed household; not measured Eatontown data
5,16,5,0.962743,Synthetic assumed household; not measured Eatontown data
5,16,6,1.215945,Synthetic assumed household; not measured Eatontown data
5,16,7,1.489686,Synthetic assumed household; not measured Eatontown data
5,16,8,1.370572,Synthetic assumed household; not measured Eatontown data
5,16,9,1.016603,Synthetic assumed household; not measured Eatontown data
5,16,10,0.902398,Synthetic assumed household; not measured Eatontown data
5,16,11,0.776845,Synthetic assumed household; not measured Eatontown data
5,16,12,0.914031,Synthetic assumed household; not measured Eatontown data
5,16,13,0.813404,Synthetic assumed household; not measured Eatontown data
5,16,14,0.954787,Synthetic assumed household; not measured Eatontown data
5,16,15,0.929375,Synthetic assumed household; not measured Eatontown data
5,16,16,1.136462,Synthetic assumed household; not measured Eatontown data
5,16,17,1.472233,Synthetic assumed household; not measured Eatontown data
5,16,18,1.848234,Synthetic assumed household; not measured Eatontown data
5,16,19,1.982104,Synthetic assumed household; not measured Eatontown data
5,16,20,1.815323,Synthetic assumed household; not measured Eatontown data
5,16,21,1.477554,Synthetic assumed household; not measured Eatontown data
5,16,22,0.971690,Synthetic assumed household; not measured Eatontown data
5,16,23,0.771218,Synthetic assumed household; not measured Eatontown data
5,17,0,0.468586,Synthetic assumed household; not measured Eatontown data
5,17,1,0.515839,Synthetic assumed household; not measured Eatontown data
5,17,2,0.486353,Synthetic assumed household; not measured Eatontown data
5,17,3,0.562972,Synthetic assumed household; not measured Eatontown data
5,17,4,0.508219,Synthetic assumed household; not measured Eatontown data
5,17,5,0.506258,Synthetic assumed household; not measured Eatontown data
5,17,6,0.705318,Synthetic assumed household; not measured Eatontown data
5,17,7,1.020526,Synthetic assumed household; not measured Eatontown data
5,17,8,1.372656,Synthetic assumed household; not measured Eatontown data
5,17,9,1.537670,Synthetic assumed household; not measured Eatontown data
5,17,10,1.303322,Synthetic assumed household; not measured Eatontown data
5,17,11,1.063855,Synthetic assumed household; not measured Eatontown data
5,17,12,0.971357,Synthetic assumed household; not measured Eatontown data
5,17,13,0.931885,Synthetic assumed household; not measured Eatontown data
5,17,14,0.821592,Synthetic assumed household; not measured Eatontown data
5,17,15,0.928298,Synthetic assumed household; not measured Eatontown data
5,17,16,1.129354,Synthetic assumed household; not measured Eatontown data
5,17,17,1.700046,Synthetic assumed household; not measured Eatontown data
5,17,18,1.828229,Synthetic assumed household; not measured Eatontown data
5,17,19,2.028958,Synthetic assumed household; not measured Eatontown data
5,17,20,1.698943,Synthetic assumed household; not measured Eatontown data
5,17,21,1.332559,Synthetic assumed household; not measured Eatontown data
5,17,22,0.909166,Synthetic assumed household; not measured Eatontown data
5,17,23,0.688080,Synthetic assumed household; not measured Eatontown data
5,18,0,0.580998,Synthetic assumed household; not measured Eatontown data
5,18,1,0.632509,Synthetic assumed household; not measured Eatontown data
5,18,2,0.555167,Synthetic assumed household; not measured Eatontown data
5,18,3,0.637192,Synthetic assumed household; not measured Eatontown data
5,18,4,0.559324,Synthetic assumed household; not measured Eatontown data
5,18,5,0.703731,Synthetic assumed household; not measured Eatontown data
5,18,6,0.823540,Synthetic assumed household; not measured Eatontown data
5,18,7,1.030949,Synthetic assumed household; not measured Eatontown data
5,18,8,1.461568,Synthetic assumed household; not measured Eatontown data
5,18,9,1.717814,Synthetic assumed household; not measured Eatontown data
5,18,10,1.679181,Synthetic assumed household; not measured Eatontown data
5,18,11,1.457862,Synthetic assumed household; not measured Eatontown data
5,18,12,1.041071,Synthetic assumed household; not measured Eatontown data
5,18,13,1.108897,Synthetic assumed household; not measured Eatontown data
5,18,14,0.977877,Synthetic assumed household; not measured Eatontown data
5,18,15,1.118706,Synthetic assumed household; not measured Eatontown data
5,18,16,1.524875,Synthetic assumed household; not measured Eatontown data
5,18,17,1.728520,Synthetic assumed household; not measured Eatontown data
5,18,18,2.178076,Synthetic assumed household; not measured Eatontown data
5,18,19,2.557530,Synthetic assumed household; not measured Eatontown data
5,18,20,2.289297,Synthetic assumed household; not measured Eatontown data
5,18,21,1.716477,Synthetic assumed household; not measured Eatontown data
5,18,22,1.240676,Synthetic assumed household; not measured Eatontown data
5,18,23,0.774883,Synthetic assumed household; not measured Eatontown data
5,19,0,0.537909,Synthetic assumed household; not measured Eatontown data
5,19,1,0.643149,Synthetic assumed household; not measured Eatontown data
5,19,2,0.556887,Synthetic assumed household; not measured Eatontown data
5,19,3,0.622794,Synthetic assumed household; not measured Eatontown data
5,19,4,0.773045,Synthetic assumed household; not measured Eatontown data
5,19,5,1.102116,Synthetic assumed household; not measured Eatontown data
5,19,6,1.452667,Synthetic assumed household; not measured Eatontown data
5,19,7,1.496466,Synthetic assumed household; not measured Eatontown data
5,19,8,1.434961,Synthetic assumed household; not measured Eatontown data
5,19,9,1.146952,Synthetic assumed household; not measured Eatontown data
5,19,10,0.886609,Synthetic assumed household; not measured Eatontown data
5,19,11,0.962022,Synthetic assumed household; not measured Eatontown data
5,19,12,1.013916,Synthetic assumed household; not measured Eatontown data
5,19,13,1.070889,Synthetic assumed household; not measured Eatontown data
5,19,14,0.938383,Synthetic assumed household; not measured Eatontown data
5,19,15,1.208348,Synthetic assumed household; not measured Eatontown data
5,19,16,1.258498,Synthetic assumed household; not measured Eatontown data
5,19,17,1.738689,Synthetic assumed household; not measured Eatontown data
5,19,18,1.980661,Synthetic assumed household; not measured Eatontown data
5,19,19,2.224359,Synthetic assumed household; not measured Eatontown data
5,19,20,2.032360,Synthetic assumed household; not measured Eatontown data
5,19,21,1.695709,Synthetic assumed household; not measured Eatontown data
5,19,22,1.185306,Synthetic assumed household; not measured Eatontown data
5,19,23,0.864755,Synthetic assumed household; not measured Eatontown data
5,20,0,0.581129,Synthetic assumed household; not measured Eatontown data
5,20,1,0.629431,Synthetic assumed household; not measured Eatontown data
5,20,2,0.600806,Synthetic assumed household; not measured Eatontown data
5,20,3,0.595994,Synthetic assumed household; not measured Eatontown data
5,20,4,0.741676,Synthetic assumed household; not measured Eatontown data
5,20,5,1.051082,Synthetic assumed household; not measured Eatontown data
5,20,6,1.253425,Synthetic assumed household; not measured Eatontown data
5,20,7,1.604416,Synthetic assumed household; not measured Eatontown data
5,20,8,1.357766,Synthetic assumed household; not measured Eatontown data
5,20,9,1.112280,Synthetic assumed household; not measured Eatontown data
5,20,10,0.985339,Synthetic assumed household; not measured Eatontown data
5,20,11,0.881361,Synthetic assumed household; not measured Eatontown data
5,20,12,0.985965,Synthetic assumed household; not measured Eatontown data
5,20,13,0.962302,Synthetic assumed household; not measured Eatontown data
5,20,14,1.081320,Synthetic assumed household; not measured Eatontown data
5,20,15,0.987250,Synthetic assumed household; not measured Eatontown data
5,20,16,1.364408,Synthetic assumed household; not measured Eatontown data
5,20,17,1.603044,Synthetic assumed household; not measured Eatontown data
5,20,18,2.266013,Synthetic assumed household; not measured Eatontown data
5,20,19,2.430947,Synthetic assumed household; not measured Eatontown data
5,20,20,2.204038,Synthetic assumed household; not measured Eatontown data
5,20,21,1.449319,Synthetic assumed household; not measured Eatontown data
5,20,22,1.111060,Synthetic assumed household; not measured Eatontown data
5,20,23,0.756772,Synthetic assumed household; not measured Eatontown data
5,21,0,0.586011,Synthetic assumed household; not measured Eatontown data
5,21,1,0.609108,Synthetic assumed household; not measured Eatontown data
5,21,2,0.670917,Synthetic assumed household; not measured Eatontown data
5,21,3,0.677960,Synthetic assumed household; not measured Eatontown data
5,21,4,0.784749,Synthetic assumed household; not measured Eatontown data
5,21,5,1.125009,Synthetic assumed household; not measured Eatontown data
5,21,6,1.623072,Synthetic assumed household; not measured Eatontown data
5,21,7,1.726355,Synthetic assumed household; not measured Eatontown data
5,21,8,1.719169,Synthetic assumed household; not measured Eatontown data
5,21,9,1.274588,Synthetic assumed household; not measured Eatontown data
5,21,10,0.986861,Synthetic assumed household; not measured Eatontown data
5,21,11,1.012070,Synthetic assumed household; not measured Eatontown data
5,21,12,1.068216,Synthetic assumed household; not measured Eatontown data
5,21,13,0.982831,Synthetic assumed household; not measured Eatontown data
5,21,14,1.086460,Synthetic assumed household; not measured Eatontown data
5,21,15,1.230419,Synthetic assumed household; not measured Eatontown data
5,21,16,1.339960,Synthetic assumed household; not measured Eatontown data
5,21,17,1.773830,Synthetic assumed household; not measured Eatontown data
5,21,18,2.427164,Synthetic assumed household; not measured Eatontown data
5,21,19,2.609933,Synthetic assumed household; not measured Eatontown data
5,21,20,2.213695,Synthetic assumed household; not measured Eatontown data
5,21,21,1.780935,Synthetic assumed household; not measured Eatontown data
5,21,22,1.175960,Synthetic assumed household; not measured Eatontown data
5,21,23,0.926591,Synthetic assumed household; not measured Eatontown data
5,22,0,0.626945,Synthetic assumed household; not measured Eatontown data
5,22,1,0.587971,Synthetic assumed household; not measured Eatontown data
5,22,2,0.616694,Synthetic assumed household; not measured Eatontown data
5,22,3,0.685722,Synthetic assumed household; not measured Eatontown data
5,22,4,0.839475,Synthetic assumed household; not measured Eatontown data
5,22,5,1.162617,Synthetic assumed household; not measured Eatontown data
5,22,6,1.524131,Synthetic assumed household; not measured Eatontown data
5,22,7,1.801094,Synthetic assumed household; not measured Eatontown data
5,22,8,1.675692,Synthetic assumed household; not measured Eatontown data
5,22,9,1.189968,Synthetic assumed household; not measured Eatontown data
5,22,10,1.124860,Synthetic assumed household; not measured Eatontown data
5,22,11,0.957205,Synthetic assumed household; not measured Eatontown data
5,22,12,1.004542,Synthetic assumed household; not measured Eatontown data
5,22,13,1.139260,Synthetic assumed household; not measured Eatontown data
5,22,14,1.209774,Synthetic assumed household; not measured Eatontown data
5,22,15,1.167072,Synthetic assumed household; not measured Eatontown data
5,22,16,1.496828,Synthetic assumed household; not measured Eatontown data
5,22,17,2.011993,Synthetic assumed household; not measured Eatontown data
5,22,18,2.163779,Synthetic assumed household; not measured Eatontown data
5,22,19,2.380374,Synthetic assumed household; not measured Eatontown data
5,22,20,2.140200,Synthetic assumed household; not measured Eatontown data
5,22,21,1.856935,Synthetic assumed household; not measured Eatontown data
5,22,22,1.305858,Synthetic assumed household; not measured Eatontown data
5,22,23,0.826270,Synthetic assumed household; not measured Eatontown data
5,23,0,0.553438,Synthetic assumed household; not measured Eatontown data
5,23,1,0.642071,Synthetic assumed household; not measured Eatontown data
5,23,2,0.585133,Synthetic assumed household; not measured Eatontown data
5,23,3,0.628353,Synthetic assumed household; not measured Eatontown data
5,23,4,0.802462,Synthetic assumed household; not measured Eatontown data
5,23,5,1.084975,Synthetic assumed household; not measured Eatontown data
5,23,6,1.293338,Synthetic assumed household; not measured Eatontown data
5,23,7,1.571923,Synthetic assumed household; not measured Eatontown data
5,23,8,1.596699,Synthetic assumed household; not measured Eatontown data
5,23,9,1.260724,Synthetic assumed household; not measured Eatontown data
5,23,10,0.996815,Synthetic assumed household; not measured Eatontown data
5,23,11,0.978857,Synthetic assumed household; not measured Eatontown data
5,23,12,0.940762,Synthetic assumed household; not measured Eatontown data
5,23,13,1.009844,Synthetic assumed household; not measured Eatontown data
5,23,14,1.106312,Synthetic assumed household; not measured Eatontown data
5,23,15,1.033778,Synthetic assumed household; not measured Eatontown data
5,23,16,1.364564,Synthetic assumed household; not measured Eatontown data
5,23,17,1.781874,Synthetic assumed household; not measured Eatontown data
5,23,18,1.982938,Synthetic assumed household; not measured Eatontown data
5,23,19,2.540538,Synthetic assumed household; not measured Eatontown data
5,23,20,2.255115,Synthetic assumed household; not measured Eatontown data
5,23,21,1.624435,Synthetic assumed household; not measured Eatontown data
5,23,22,1.147145,Synthetic assumed household; not measured Eatontown data
5,23,23,0.890490,Synthetic assumed household; not measured Eatontown data
5,24,0,0.527217,Synthetic assumed household; not measured Eatontown data
5,24,1,0.543079,Synthetic assumed household; not measured Eatontown data
5,24,2,0.480874,Synthetic assumed household; not measured Eatontown data
5,24,3,0.509301,Synthetic assumed household; not measured Eatontown data
5,24,4,0.539666,Synthetic assumed household; not measured Eatontown data
5,24,5,0.608631,Synthetic assumed household; not measured Eatontown data
5,24,6,0.686346,Synthetic assumed household; not measured Eatontown data
5,24,7,0.927195,Synthetic assumed household; not measured Eatontown data
5,24,8,1.417779,Synthetic assumed household; not measured Eatontown data
5,24,9,1.620262,Synthetic assumed household; not measured Eatontown data
5,24,10,1.483610,Synthetic assumed household; not measured Eatontown data
5,24,11,1.112671,Synthetic assumed household; not measured Eatontown data
5,24,12,1.064954,Synthetic assumed household; not measured Eatontown data
5,24,13,0.981479,Synthetic assumed household; not measured Eatontown data
5,24,14,0.889387,Synthetic assumed household; not measured Eatontown data
5,24,15,0.909519,Synthetic assumed household; not measured Eatontown data
5,24,16,1.179358,Synthetic assumed household; not measured Eatontown data
5,24,17,1.619785,Synthetic assumed household; not measured Eatontown data
5,24,18,2.012045,Synthetic assumed household; not measured Eatontown data
5,24,19,1.972509,Synthetic assumed household; not measured Eatontown data
5,24,20,1.932085,Synthetic assumed household; not measured Eatontown data
5,24,21,1.536788,Synthetic assumed household; not measured Eatontown data
5,24,22,1.049768,Synthetic assumed household; not measured Eatontown data
5,24,23,0.785148,Synthetic assumed household; not measured Eatontown data
5,25,0,0.565171,Synthetic assumed household; not measured Eatontown data
5,25,1,0.616160,Synthetic assumed household; not measured Eatontown data
5,25,2,0.576422,Synthetic assumed household; not measured Eatontown data
5,25,3,0.584745,Synthetic assumed household; not measured Eatontown data
5,25,4,0.633795,Synthetic assumed household; not measured Eatontown data
5,25,5,0.717780,Synthetic assumed household; not measured Eatontown data
5,25,6,0.818053,Synthetic assumed household; not measured Eatontown data
5,25,7,1.199904,Synthetic assumed household; not measured Eatontown data
5,25,8,1.499429,Synthetic assumed household; not measured Eatontown data
5,25,9,1.799667,Synthetic assumed household; not measured Eatontown data
5,25,10,1.574526,Synthetic assumed household; not measured Eatontown data
5,25,11,1.245894,Synthetic assumed household; not measured Eatontown data
5,25,12,1.095329,Synthetic assumed household; not measured Eatontown data
5,25,13,1.034824,Synthetic assumed household; not measured Eatontown data
5,25,14,1.054505,Synthetic assumed household; not measured Eatontown data
5,25,15,1.174672,Synthetic assumed household; not measured Eatontown data
5,25,16,1.367144,Synthetic assumed household; not measured Eatontown data
5,25,17,1.893155,Synthetic assumed household; not measured Eatontown data
5,25,18,2.371445,Synthetic assumed household; not measured Eatontown data
5,25,19,2.278204,Synthetic assumed household; not measured Eatontown data
5,25,20,2.300293,Synthetic assumed household; not measured Eatontown data
5,25,21,1.762374,Synthetic assumed household; not measured Eatontown data
5,25,22,1.171628,Synthetic assumed household; not measured Eatontown data
5,25,23,0.757018,Synthetic assumed household; not measured Eatontown data
5,26,0,0.537401,Synthetic assumed household; not measured Eatontown data
5,26,1,0.489235,Synthetic assumed household; not measured Eatontown data
5,26,2,0.552746,Synthetic assumed household; not measured Eatontown data
5,26,3,0.520135,Synthetic assumed household; not measured Eatontown data
5,26,4,0.640272,Synthetic assumed household; not measured Eatontown data
5,26,5,0.869809,Synthetic assumed household; not measured Eatontown data
5,26,6,1.319395,Synthetic assumed household; not measured Eatontown data
5,26,7,1.461619,Synthetic assumed household; not measured Eatontown data
5,26,8,1.242101,Synthetic assumed household; not measured Eatontown data
5,26,9,1.092456,Synthetic assumed household; not measured Eatontown data
5,26,10,0.781592,Synthetic assumed household; not measured Eatontown data
5,26,11,0.868596,Synthetic assumed household; not measured Eatontown data
5,26,12,0.769989,Synthetic assumed household; not measured Eatontown data
5,26,13,0.925150,Synthetic assumed household; not measured Eatontown data
5,26,14,0.935276,Synthetic assumed household; not measured Eatontown data
5,26,15,1.053491,Synthetic assumed household; not measured Eatontown data
5,26,16,1.259851,Synthetic assumed household; not measured Eatontown data
5,26,17,1.578336,Synthetic assumed household; not measured Eatontown data
5,26,18,1.818253,Synthetic assumed household; not measured Eatontown data
5,26,19,2.174463,Synthetic assumed household; not measured Eatontown data
5,26,20,1.970450,Synthetic assumed household; not measured Eatontown data
5,26,21,1.374045,Synthetic assumed household; not measured Eatontown data
5,26,22,1.041394,Synthetic assumed household; not measured Eatontown data
5,26,23,0.784725,Synthetic assumed household; not measured Eatontown data
5,27,0,0.616829,Synthetic assumed household; not measured Eatontown data
5,27,1,0.619906,Synthetic assumed household; not measured Eatontown data
5,27,2,0.551040,Synthetic assumed household; not measured Eatontown data
5,27,3,0.613148,Synthetic assumed household; not measured Eatontown data
5,27,4,0.656517,Synthetic assumed household; not measured Eatontown data
5,27,5,0.946114,Synthetic assumed household; not measured Eatontown data
5,27,6,1.376099,Synthetic assumed household; not measured Eatontown data
5,27,7,1.617242,Synthetic assumed household; not measured Eatontown data
5,27,8,1.512820,Synthetic assumed household; not measured Eatontown data
5,27,9,1.205372,Synthetic assumed household; not measured Eatontown data
5,27,10,1.014905,Synthetic assumed household; not measured Eatontown data
5,27,11,0.925192,Synthetic assumed household; not measured Eatontown data
5,27,12,0.936587,Synthetic assumed household; not measured Eatontown data
5,27,13,0.984978,Synthetic assumed household; not measured Eatontown data
5,27,14,0.979713,Synthetic assumed household; not measured Eatontown data
5,27,15,1.089885,Synthetic assumed household; not measured Eatontown data
5,27,16,1.378964,Synthetic assumed household; not measured Eatontown data
5,27,17,1.853197,Synthetic assumed household; not measured Eatontown data
5,27,18,2.001053,Synthetic assumed household; not measured Eatontown data
5,27,19,2.093239,Synthetic assumed household; not measured Eatontown data
5,27,20,2.095978,Synthetic assumed household; not measured Eatontown data
5,27,21,1.462920,Synthetic assumed household; not measured Eatontown data
5,27,22,1.024956,Synthetic assumed household; not measured Eatontown data
5,27,23,0.788530,Synthetic assumed household; not measured Eatontown data
5,28,0,0.558474,Synthetic assumed household; not measured Eatontown data
5,28,1,0.573837,Synthetic assumed household; not measured Eatontown data
5,28,2,0.531422,Synthetic assumed household; not measured Eatontown data
5,28,3,0.618513,Synthetic assumed household; not measured Eatontown data
5,28,4,0.693409,Synthetic assumed household; not measured Eatontown data
5,28,5,0.964224,Synthetic assumed household; not measured Eatontown data
5,28,6,1.403450,Synthetic assumed household; not measured Eatontown data
5,28,7,1.428959,Synthetic assumed household; not measured Eatontown data
5,28,8,1.314182,Synthetic assumed household; not measured Eatontown data
5,28,9,1.093283,Synthetic assumed household; not measured Eatontown data
5,28,10,0.855569,Synthetic assumed household; not measured Eatontown data
5,28,11,0.968023,Synthetic assumed household; not measured Eatontown data
5,28,12,0.933021,Synthetic assumed household; not measured Eatontown data
5,28,13,0.969855,Synthetic assumed household; not measured Eatontown data
5,28,14,0.971182,Synthetic assumed household; not measured Eatontown data
5,28,15,1.085957,Synthetic assumed household; not measured Eatontown data
5,28,16,1.272783,Synthetic assumed household; not measured Eatontown data
5,28,17,1.796414,Synthetic assumed household; not measured Eatontown data
5,28,18,2.015820,Synthetic assumed household; not measured Eatontown data
5,28,19,2.117404,Synthetic assumed household; not measured Eatontown data
5,28,20,1.898856,Synthetic assumed household; not measured Eatontown data
5,28,21,1.429301,Synthetic assumed household; not measured Eatontown data
5,28,22,1.100284,Synthetic assumed household; not measured Eatontown data
5,28,23,0.775008,Synthetic assumed household; not measured Eatontown data
5,29,0,0.549282,Synthetic assumed household; not measured Eatontown data
5,29,1,0.565578,Synthetic assumed household; not measured Eatontown data
5,29,2,0.571075,Synthetic assumed household; not measured Eatontown data
5,29,3,0.620543,Synthetic assumed household; not measured Eatontown data
5,29,4,0.748266,Synthetic assumed household; not measured Eatontown data
5,29,5,0.994237,Synthetic assumed household; not measured Eatontown data
5,29,6,1.493740,Synthetic assumed household; not measured Eatontown data
5,29,7,1.630197,Synthetic assumed household; not measured Eatontown data
5,29,8,1.638567,Synthetic assumed household; not measured Eatontown data
5,29,9,1.274008,Synthetic assumed household; not measured Eatontown data
5,29,10,1.087785,Synthetic assumed household; not measured Eatontown data
5,29,11,0.848140,Synthetic assumed household; not measured Eatontown data
5,29,12,0.995190,Synthetic assumed household; not measured Eatontown data
5,29,13,0.980921,Synthetic assumed household; not measured Eatontown data
5,29,14,1.110243,Synthetic assumed household; not measured Eatontown data
5,29,15,1.155637,Synthetic assumed household; not measured Eatontown data
5,29,16,1.416335,Synthetic assumed household; not measured Eatontown data
5,29,17,1.959101,Synthetic assumed household; not measured Eatontown data
5,29,18,2.289033,Synthetic assumed household; not measured Eatontown data
5,29,19,2.283008,Synthetic assumed household; not measured Eatontown data
5,29,20,2.317775,Synthetic assumed household; not measured Eatontown data
5,29,21,1.798410,Synthetic assumed household; not measured Eatontown data
5,29,22,1.133814,Synthetic assumed household; not measured Eatontown data
5,29,23,0.838807,Synthetic assumed household; not measured Eatontown data
5,30,0,0.601747,Synthetic assumed household; not measured Eatontown data
5,30,1,0.592701,Synthetic assumed household; not measured Eatontown data
5,30,2,0.549092,Synthetic assumed household; not measured Eatontown data
5,30,3,0.633101,Synthetic assumed household; not measured Eatontown data
5,30,4,0.707741,Synthetic assumed household; not measured Eatontown data
5,30,5,0.890074,Synthetic assumed household; not measured Eatontown data
5,30,6,1.427127,Synthetic assumed household; not measured Eatontown data
5,30,7,1.413662,Synthetic assumed household; not measured Eatontown data
5,30,8,1.389485,Synthetic assumed household; not measured Eatontown data
5,30,9,1.212061,Synthetic assumed household; not measured Eatontown data
5,30,10,0.861110,Synthetic assumed household; not measured Eatontown data
5,30,11,0.954143,Synthetic assumed household; not measured Eatontown data
5,30,12,0.901720,Synthetic assumed household; not measured Eatontown data
5,30,13,0.831074,Synthetic assumed household; not measured Eatontown data
5,30,14,0.871886,Synthetic assumed household; not measured Eatontown data
5,30,15,1.086215,Synthetic assumed household; not measured Eatontown data
5,30,16,1.355867,Synthetic assumed household; not measured Eatontown data
5,30,17,1.789900,Synthetic assumed household; not measured Eatontown data
5,30,18,2.021883,Synthetic assumed household; not measured Eatontown data
5,30,19,2.026822,Synthetic assumed household; not measured Eatontown data
5,30,20,2.004224,Synthetic assumed household; not measured Eatontown data
5,30,21,1.597479,Synthetic assumed household; not measured Eatontown data
5,30,22,1.181386,Synthetic assumed household; not measured Eatontown data
5,30,23,0.816135,Synthetic assumed household; not measured Eatontown data
5,31,0,0.679066,Synthetic assumed household; not measured Eatontown data
5,31,1,0.655098,Synthetic assumed household; not measured Eatontown data
5,31,2,0.581419,Synthetic assumed household; not measured Eatontown data
5,31,3,0.621433,Synthetic assumed household; not measured Eatontown data
5,31,4,0.614743,Synthetic assumed household; not measured Eatontown data
5,31,5,0.623758,Synthetic assumed household; not measured Eatontown data
5,31,6,0.751137,Synthetic assumed household; not measured Eatontown data
5,31,7,1.208431,Synthetic assumed household; not measured Eatontown data
5,31,8,1.573756,Synthetic assumed household; not measured Eatontown data
5,31,9,1.825704,Synthetic assumed household; not measured Eatontown data
5,31,10,1.602753,Synthetic assumed household; not measured Eatontown data
5,31,11,1.333793,Synthetic assumed household; not measured Eatontown data
5,31,12,1.145698,Synthetic assumed household; not measured Eatontown data
5,31,13,1.106813,Synthetic assumed household; not measured Eatontown data
5,31,14,1.065205,Synthetic assumed household; not measured Eatontown data
5,31,15,1.066199,Synthetic assumed household; not measured Eatontown data
5,31,16,1.493389,Synthetic assumed household; not measured Eatontown data
5,31,17,1.885914,Synthetic assumed household; not measured Eatontown data
5,31,18,2.370149,Synthetic assumed household; not measured Eatontown data
5,31,19,2.529821,Synthetic assumed household; not measured Eatontown data
5,31,20,2.347654,Synthetic assumed household; not measured Eatontown data
5,31,21,1.753148,Synthetic assumed household; not measured Eatontown data
5,31,22,1.259680,Synthetic assumed household; not measured Eatontown data
5,31,23,0.794250,Synthetic assumed household; not measured Eatontown data
6,1,0,0.624793,Synthetic assumed household; not measured Eatontown data
6,1,1,0.717250,Synthetic assumed household; not measured Eatontown data
6,1,2,0.651802,Synthetic assumed household; not measured Eatontown data
6,1,3,0.624494,Synthetic assumed household; not measured Eatontown data
6,1,4,0.727913,Synthetic assumed household; not measured Eatontown data
6,1,5,0.729503,Synthetic assumed household; not measured Eatontown data
6,1,6,0.877262,Synthetic assumed household; not measured Eatontown data
6,1,7,1.279962,Synthetic assumed household; not measured Eatontown data
6,1,8,1.681598,Synthetic assumed household; not measured Eatontown data
6,1,9,1.967574,Synthetic assumed household; not measured Eatontown data
6,1,10,1.707918,Synthetic assumed household; not measured Eatontown data
6,1,11,1.489594,Synthetic assumed household; not measured Eatontown data
6,1,12,1.349187,Synthetic assumed household; not measured Eatontown data
6,1,13,1.182846,Synthetic assumed household; not measured Eatontown data
6,1,14,1.281118,Synthetic assumed household; not measured Eatontown data
6,1,15,1.191143,Synthetic assumed household; not measured Eatontown data
6,1,16,1.623955,Synthetic assumed household; not measured Eatontown data
6,1,17,2.203610,Synthetic assumed household; not measured Eatontown data
6,1,18,2.652320,Synthetic assumed household; not measured Eatontown data
6,1,19,2.808482,Synthetic assumed household; not measured Eatontown data
6,1,20,2.365137,Synthetic assumed household; not measured Eatontown data
6,1,21,2.041247,Synthetic assumed household; not measured Eatontown data
6,1,22,1.329976,Synthetic assumed household; not measured Eatontown data
6,1,23,0.954088,Synthetic assumed household; not measured Eatontown data
6,2,0,0.482869,Synthetic assumed household; not measured Eatontown data
6,2,1,0.547091,Synthetic assumed household; not measured Eatontown data
6,2,2,0.546867,Synthetic assumed household; not measured Eatontown data
6,2,3,0.626823,Synthetic assumed household; not measured Eatontown data
6,2,4,0.662746,Synthetic assumed household; not measured Eatontown data
6,2,5,0.990930,Synthetic assumed household; not measured Eatontown data
6,2,6,1.376919,Synthetic assumed household; not measured Eatontown data
6,2,7,1.406545,Synthetic assumed household; not measured Eatontown data
6,2,8,1.312252,Synthetic assumed household; not measured Eatontown data
6,2,9,1.103461,Synthetic assumed household; not measured Eatontown data
6,2,10,0.891385,Synthetic assumed household; not measured Eatontown data
6,2,11,0.785624,Synthetic assumed household; not measured Eatontown data
6,2,12,0.814428,Synthetic assumed household; not measured Eatontown data
6,2,13,0.948105,Synthetic assumed household; not measured Eatontown data
6,2,14,0.864111,Synthetic assumed household; not measured Eatontown data
6,2,15,0.947963,Synthetic assumed household; not measured Eatontown data
6,2,16,1.313354,Synthetic assumed household; not measured Eatontown data
6,2,17,1.721163,Synthetic assumed household; not measured Eatontown data
6,2,18,2.117915,Synthetic assumed household; not measured Eatontown data
6,2,19,2.305149,Synthetic assumed household; not measured Eatontown data
6,2,20,2.106906,Synthetic assumed household; not measured Eatontown data
6,2,21,1.468310,Synthetic assumed household; not measured Eatontown data
6,2,22,1.050015,Synthetic assumed household; not measured Eatontown data
6,2,23,0.714397,Synthetic assumed household; not measured Eatontown data
6,3,0,0.485999,Synthetic assumed household; not measured Eatontown data
6,3,1,0.553127,Synthetic assumed household; not measured Eatontown data
6,3,2,0.533909,Synthetic assumed household; not measured Eatontown data
6,3,3,0.548186,Synthetic assumed household; not measured Eatontown data
6,3,4,0.629521,Synthetic assumed household; not measured Eatontown data
6,3,5,0.959861,Synthetic assumed household; not measured Eatontown data
6,3,6,1.155864,Synthetic assumed household; not measured Eatontown data
6,3,7,1.465908,Synthetic assumed household; not measured Eatontown data
6,3,8,1.422393,Synthetic assumed household; not measured Eatontown data
6,3,9,1.018722,Synthetic assumed household; not measured Eatontown data
6,3,10,0.868127,Synthetic assumed household; not measured Eatontown data
6,3,11,0.850383,Synthetic assumed household; not measured Eatontown data
6,3,12,0.817538,Synthetic assumed household; not measured Eatontown data
6,3,13,0.891000,Synthetic assumed household; not measured Eatontown data
6,3,14,0.919472,Synthetic assumed household; not measured Eatontown data
6,3,15,0.971343,Synthetic assumed household; not measured Eatontown data
6,3,16,1.176970,Synthetic assumed household; not measured Eatontown data
6,3,17,1.562783,Synthetic assumed household; not measured Eatontown data
6,3,18,1.758069,Synthetic assumed household; not measured Eatontown data
6,3,19,1.985951,Synthetic assumed household; not measured Eatontown data
6,3,20,1.785374,Synthetic assumed household; not measured Eatontown data
6,3,21,1.529173,Synthetic assumed household; not measured Eatontown data
6,3,22,1.012126,Synthetic assumed household; not measured Eatontown data
6,3,23,0.785254,Synthetic assumed household; not measured Eatontown data
6,4,0,0.568674,Synthetic assumed household; not measured Eatontown data
6,4,1,0.585287,Synthetic assumed household; not measured Eatontown data
6,4,2,0.546274,Synthetic assumed household; not measured Eatontown data
6,4,3,0.566886,Synthetic assumed household; not measured Eatontown data
6,4,4,0.672049,Synthetic assumed household; not measured Eatontown data
6,4,5,0.967036,Synthetic assumed household; not measured Eatontown data
6,4,6,1.207996,Synthetic assumed household; not measured Eatontown data
6,4,7,1.503418,Synthetic assumed household; not measured Eatontown data
6,4,8,1.446675,Synthetic assumed household; not measured Eatontown data
6,4,9,1.165028,Synthetic assumed household; not measured Eatontown data
6,4,10,0.836580,Synthetic assumed household; not measured Eatontown data
6,4,11,0.861061,Synthetic assumed household; not measured Eatontown data
6,4,12,0.833150,Synthetic assumed household; not measured Eatontown data
6,4,13,0.970552,Synthetic assumed household; not measured Eatontown data
6,4,14,0.854101,Synthetic assumed household; not measured Eatontown data
6,4,15,0.939359,Synthetic assumed household; not measured Eatontown data
6,4,16,1.135334,Synthetic assumed household; not measured Eatontown data
6,4,17,1.632531,Synthetic assumed household; not measured Eatontown data
6,4,18,1.818183,Synthetic assumed household; not measured Eatontown data
6,4,19,2.186341,Synthetic assumed household; not measured Eatontown data
6,4,20,1.907065,Synthetic assumed household; not measured Eatontown data
6,4,21,1.527317,Synthetic assumed household; not measured Eatontown data
6,4,22,1.139768,Synthetic assumed household; not measured Eatontown data
6,4,23,0.763759,Synthetic assumed household; not measured Eatontown data
6,5,0,0.683264,Synthetic assumed household; not measured Eatontown data
6,5,1,0.618741,Synthetic assumed household; not measured Eatontown data
6,5,2,0.663941,Synthetic assumed household; not measured Eatontown data
6,5,3,0.649141,Synthetic assumed household; not measured Eatontown data
6,5,4,0.755305,Synthetic assumed household; not measured Eatontown data
6,5,5,1.154001,Synthetic assumed household; not measured Eatontown data
6,5,6,1.545942,Synthetic assumed household; not measured Eatontown data
6,5,7,1.612809,Synthetic assumed household; not measured Eatontown data
6,5,8,1.537405,Synthetic assumed household; not measured Eatontown data
6,5,9,1.245548,Synthetic assumed household; not measured Eatontown data
6,5,10,1.009512,Synthetic assumed household; not measured Eatontown data
6,5,11,0.977445,Synthetic assumed household; not measured Eatontown data
6,5,12,1.032542,Synthetic assumed household; not measured Eatontown data
6,5,13,1.101861,Synthetic assumed household; not measured Eatontown data
6,5,14,1.132405,Synthetic assumed household; not measured Eatontown data
6,5,15,1.200543,Synthetic assumed household; not measured Eatontown data
6,5,16,1.340473,Synthetic assumed household; not measured Eatontown data
6,5,17,1.869287,Synthetic assumed household; not measured Eatontown data
6,5,18,2.269393,Synthetic assumed household; not measured Eatontown data
6,5,19,2.301814,Synthetic assumed household; not measured Eatontown data
6,5,20,2.422254,Synthetic assumed household; not measured Eatontown data
6,5,21,1.770190,Synthetic assumed household; not measured Eatontown data
6,5,22,1.318059,Synthetic assumed household; not measured Eatontown data
6,5,23,0.905174,Synthetic assumed household; not measured Eatontown data
6,6,0,0.595865,Synthetic assumed household; not measured Eatontown data
6,6,1,0.579555,Synthetic assumed household; not measured Eatontown data
6,6,2,0.619553,Synthetic assumed household; not measured Eatontown data
6,6,3,0.600777,Synthetic assumed household; not measured Eatontown data
6,6,4,0.768506,Synthetic assumed household; not measured Eatontown data
6,6,5,0.981377,Synthetic assumed household; not measured Eatontown data
6,6,6,1.372271,Synthetic assumed household; not measured Eatontown data
6,6,7,1.796654,Synthetic assumed household; not measured Eatontown data
6,6,8,1.485718,Synthetic assumed household; not measured Eatontown data
6,6,9,1.219293,Synthetic assumed household; not measured Eatontown data
6,6,10,1.008105,Synthetic assumed household; not measured Eatontown data
6,6,11,0.876795,Synthetic assumed household; not measured Eatontown data
6,6,12,1.081814,Synthetic assumed household; not measured Eatontown data
6,6,13,0.980942,Synthetic assumed household; not measured Eatontown data
6,6,14,1.095970,Synthetic assumed household; not measured Eatontown data
6,6,15,1.163400,Synthetic assumed household; not measured Eatontown data
6,6,16,1.511191,Synthetic assumed household; not measured Eatontown data
6,6,17,1.962893,Synthetic assumed household; not measured Eatontown data
6,6,18,2.156942,Synthetic assumed household; not measured Eatontown data
6,6,19,2.449074,Synthetic assumed household; not measured Eatontown data
6,6,20,2.050659,Synthetic assumed household; not measured Eatontown data
6,6,21,1.745137,Synthetic assumed household; not measured Eatontown data
6,6,22,1.157523,Synthetic assumed household; not measured Eatontown data
6,6,23,0.879266,Synthetic assumed household; not measured Eatontown data
6,7,0,0.683624,Synthetic assumed household; not measured Eatontown data
6,7,1,0.664609,Synthetic assumed household; not measured Eatontown data
6,7,2,0.737447,Synthetic assumed household; not measured Eatontown data
6,7,3,0.686181,Synthetic assumed household; not measured Eatontown data
6,7,4,0.674005,Synthetic assumed household; not measured Eatontown data
6,7,5,0.796704,Synthetic assumed household; not measured Eatontown data
6,7,6,0.897836,Synthetic assumed household; not measured Eatontown data
6,7,7,1.241375,Synthetic assumed household; not measured Eatontown data
6,7,8,1.733601,Synthetic assumed household; not measured Eatontown data
6,7,9,1.964248,Synthetic assumed household; not measured Eatontown data
6,7,10,1.716771,Synthetic assumed household; not measured Eatontown data
6,7,11,1.427519,Synthetic assumed household; not measured Eatontown data
6,7,12,1.171102,Synthetic assumed household; not measured Eatontown data
6,7,13,1.211335,Synthetic assumed household; not measured Eatontown data
6,7,14,1.110579,Synthetic assumed household; not measured Eatontown data
6,7,15,1.207686,Synthetic assumed household; not measured Eatontown data
6,7,16,1.532178,Synthetic assumed household; not measured Eatontown data
6,7,17,2.133300,Synthetic assumed household; not measured Eatontown data
6,7,18,2.324056,Synthetic assumed household; not measured Eatontown data
6,7,19,2.552243,Synthetic assumed household; not measured Eatontown data
6,7,20,2.589653,Synthetic assumed household; not measured Eatontown data
6,7,21,1.964430,Synthetic assumed household; not measured Eatontown data
6,7,22,1.317086,Synthetic assumed household; not measured Eatontown data
6,7,23,0.944040,Synthetic assumed household; not measured Eatontown data
6,8,0,0.529444,Synthetic assumed household; not measured Eatontown data
6,8,1,0.605885,Synthetic assumed household; not measured Eatontown data
6,8,2,0.514096,Synthetic assumed household; not measured Eatontown data
6,8,3,0.517990,Synthetic assumed household; not measured Eatontown data
6,8,4,0.587332,Synthetic assumed household; not measured Eatontown data
6,8,5,0.576652,Synthetic assumed household; not measured Eatontown data
6,8,6,0.769774,Synthetic assumed household; not measured Eatontown data
6,8,7,0.942722,Synthetic assumed household; not measured Eatontown data
6,8,8,1.435947,Synthetic assumed household; not measured Eatontown data
6,8,9,1.491274,Synthetic assumed household; not measured Eatontown data
6,8,10,1.467758,Synthetic assumed household; not measured Eatontown data
6,8,11,1.193545,Synthetic assumed household; not measured Eatontown data
6,8,12,1.164055,Synthetic assumed household; not measured Eatontown data
6,8,13,1.001010,Synthetic assumed household; not measured Eatontown data
6,8,14,0.994865,Synthetic assumed household; not measured Eatontown data
6,8,15,0.970485,Synthetic assumed household; not measured Eatontown data
6,8,16,1.370954,Synthetic assumed household; not measured Eatontown data
6,8,17,1.759211,Synthetic assumed household; not measured Eatontown data
6,8,18,2.006405,Synthetic assumed household; not measured Eatontown data
6,8,19,2.062314,Synthetic assumed household; not measured Eatontown data
6,8,20,2.011416,Synthetic assumed household; not measured Eatontown data
6,8,21,1.722868,Synthetic assumed household; not measured Eatontown data
6,8,22,1.182835,Synthetic assumed household; not measured Eatontown data
6,8,23,0.738158,Synthetic assumed household; not measured Eatontown data
6,9,0,0.700528,Synthetic assumed household; not measured Eatontown data
6,9,1,0.728217,Synthetic assumed household; not measured Eatontown data
6,9,2,0.740111,Synthetic assumed household; not measured Eatontown data
6,9,3,0.690338,Synthetic assumed household; not measured Eatontown data
6,9,4,0.911914,Synthetic assumed household; not measured Eatontown data
6,9,5,1.152646,Synthetic assumed household; not measured Eatontown data
6,9,6,1.705691,Synthetic assumed household; not measured Eatontown data
6,9,7,1.801771,Synthetic assumed household; not measured Eatontown data
6,9,8,1.695363,Synthetic assumed household; not measured Eatontown data
6,9,9,1.398665,Synthetic assumed household; not measured Eatontown data
6,9,10,1.077711,Synthetic assumed household; not measured Eatontown data
6,9,11,1.055109,Synthetic assumed household; not measured Eatontown data
6,9,12,1.018724,Synthetic assumed household; not measured Eatontown data
6,9,13,1.070803,Synthetic assumed household; not measured Eatontown data
6,9,14,1.264096,Synthetic assumed household; not measured Eatontown data
6,9,15,1.298435,Synthetic assumed household; not measured Eatontown data
6,9,16,1.562186,Synthetic assumed household; not measured Eatontown data
6,9,17,1.915797,Synthetic assumed household; not measured Eatontown data
6,9,18,2.330785,Synthetic assumed household; not measured Eatontown data
6,9,19,2.705394,Synthetic assumed household; not measured Eatontown data
6,9,20,2.513089,Synthetic assumed household; not measured Eatontown data
6,9,21,1.721238,Synthetic assumed household; not measured Eatontown data
6,9,22,1.407787,Synthetic assumed household; not measured Eatontown data
6,9,23,0.955995,Synthetic assumed household; not measured Eatontown data
6,10,0,0.553530,Synthetic assumed household; not measured Eatontown data
6,10,1,0.515194,Synthetic assumed household; not measured Eatontown data
6,10,2,0.574311,Synthetic assumed household; not measured Eatontown data
6,10,3,0.635475,Synthetic assumed household; not measured Eatontown data
6,10,4,0.771643,Synthetic assumed household; not measured Eatontown data
6,10,5,1.032336,Synthetic assumed household; not measured Eatontown data
6,10,6,1.360055,Synthetic assumed household; not measured Eatontown data
6,10,7,1.511568,Synthetic assumed household; not measured Eatontown data
6,10,8,1.348492,Synthetic assumed household; not measured Eatontown data
6,10,9,1.009862,Synthetic assumed household; not measured Eatontown data
6,10,10,0.927135,Synthetic assumed household; not measured Eatontown data
6,10,11,0.826301,Synthetic assumed household; not measured Eatontown data
6,10,12,0.948172,Synthetic assumed household; not measured Eatontown data
6,10,13,0.974420,Synthetic assumed household; not measured Eatontown data
6,10,14,0.931345,Synthetic assumed household; not measured Eatontown data
6,10,15,1.068171,Synthetic assumed household; not measured Eatontown data
6,10,16,1.346372,Synthetic assumed household; not measured Eatontown data
6,10,17,1.753812,Synthetic assumed household; not measured Eatontown data
6,10,18,2.131841,Synthetic assumed household; not measured Eatontown data
6,10,19,2.022257,Synthetic assumed household; not measured Eatontown data
6,10,20,1.841880,Synthetic assumed household; not measured Eatontown data
6,10,21,1.526827,Synthetic assumed household; not measured Eatontown data
6,10,22,1.020022,Synthetic assumed household; not measured Eatontown data
6,10,23,0.828357,Synthetic assumed household; not measured Eatontown data
6,11,0,0.633628,Synthetic assumed household; not measured Eatontown data
6,11,1,0.579318,Synthetic assumed household; not measured Eatontown data
6,11,2,0.559706,Synthetic assumed household; not measured Eatontown data
6,11,3,0.659078,Synthetic assumed household; not measured Eatontown data
6,11,4,0.802179,Synthetic assumed household; not measured Eatontown data
6,11,5,1.054138,Synthetic assumed household; not measured Eatontown data
6,11,6,1.293745,Synthetic assumed household; not measured Eatontown data
6,11,7,1.438964,Synthetic assumed household; not measured Eatontown data
6,11,8,1.513815,Synthetic assumed household; not measured Eatontown data
6,11,9,1.223079,Synthetic assumed household; not measured Eatontown data
6,11,10,0.941597,Synthetic assumed household; not measured Eatontown data
6,11,11,0.901073,Synthetic assumed household; not measured Eatontown data
6,11,12,0.882914,Synthetic assumed household; not measured Eatontown data
6,11,13,1.006616,Synthetic assumed household; not measured Eatontown data
6,11,14,0.962062,Synthetic assumed household; not measured Eatontown data
6,11,15,1.192226,Synthetic assumed household; not measured Eatontown data
6,11,16,1.341511,Synthetic assumed household; not measured Eatontown data
6,11,17,1.720311,Synthetic assumed household; not measured Eatontown data
6,11,18,2.078010,Synthetic assumed household; not measured Eatontown data
6,11,19,2.416970,Synthetic assumed household; not measured Eatontown data
6,11,20,2.215559,Synthetic assumed household; not measured Eatontown data
6,11,21,1.598724,Synthetic assumed household; not measured Eatontown data
6,11,22,1.207980,Synthetic assumed household; not measured Eatontown data
6,11,23,0.816903,Synthetic assumed household; not measured Eatontown data
6,12,0,0.614889,Synthetic assumed household; not measured Eatontown data
6,12,1,0.579114,Synthetic assumed household; not measured Eatontown data
6,12,2,0.592230,Synthetic assumed household; not measured Eatontown data
6,12,3,0.632668,Synthetic assumed household; not measured Eatontown data
6,12,4,0.814882,Synthetic assumed household; not measured Eatontown data
6,12,5,1.121908,Synthetic assumed household; not measured Eatontown data
6,12,6,1.548603,Synthetic assumed household; not measured Eatontown data
6,12,7,1.700212,Synthetic assumed household; not measured Eatontown data
6,12,8,1.590855,Synthetic assumed household; not measured Eatontown data
6,12,9,1.203789,Synthetic assumed household; not measured Eatontown data
6,12,10,1.049309,Synthetic assumed household; not measured Eatontown data
6,12,11,0.891752,Synthetic assumed household; not measured Eatontown data
6,12,12,0.923042,Synthetic assumed household; not measured Eatontown data
6,12,13,0.988415,Synthetic assumed household; not measured Eatontown data
6,12,14,1.010771,Synthetic assumed household; not measured Eatontown data
6,12,15,1.160678,Synthetic assumed household; not measured Eatontown data
6,12,16,1.461647,Synthetic assumed household; not measured Eatontown data
6,12,17,1.900232,Synthetic assumed household; not measured Eatontown data
6,12,18,2.093379,Synthetic assumed household; not measured Eatontown data
6,12,19,2.631581,Synthetic assumed household; not measured Eatontown data
6,12,20,1.960675,Synthetic assumed household; not measured Eatontown data
6,12,21,1.542027,Synthetic assumed household; not measured Eatontown data
6,12,22,1.096227,Synthetic assumed household; not measured Eatontown data
6,12,23,0.918258,Synthetic assumed household; not measured Eatontown data
6,13,0,0.568800,Synthetic assumed household; not measured Eatontown data
6,13,1,0.589323,Synthetic assumed household; not measured Eatontown data
6,13,2,0.578149,Synthetic assumed household; not measured Eatontown data
6,13,3,0.607161,Synthetic assumed household; not measured Eatontown data
6,13,4,0.783359,Synthetic assumed household; not measured Eatontown data
6,13,5,1.204014,Synthetic assumed household; not measured Eatontown data
6,13,6,1.515171,Synthetic assumed household; not measured Eatontown data
6,13,7,1.695226,Synthetic assumed household; not measured Eatontown data
6,13,8,1.618627,Synthetic assumed household; not measured Eatontown data
6,13,9,1.270931,Synthetic assumed household; not measured Eatontown data
6,13,10,1.125992,Synthetic assumed household; not measured Eatontown data
6,13,11,1.042664,Synthetic assumed household; not measured Eatontown data
6,13,12,1.031099,Synthetic assumed household; not measured Eatontown data
6,13,13,1.020595,Synthetic assumed household; not measured Eatontown data
6,13,14,1.006297,Synthetic assumed household; not measured Eatontown data
6,13,15,1.214175,Synthetic assumed household; not measured Eatontown data
6,13,16,1.528284,Synthetic assumed household; not measured Eatontown data
6,13,17,1.789505,Synthetic assumed household; not measured Eatontown data
6,13,18,2.086221,Synthetic assumed household; not measured Eatontown data
6,13,19,2.516011,Synthetic assumed household; not measured Eatontown data
6,13,20,2.236389,Synthetic assumed household; not measured Eatontown data
6,13,21,1.628223,Synthetic assumed household; not measured Eatontown data
6,13,22,1.128953,Synthetic assumed household; not measured Eatontown data
6,13,23,0.786498,Synthetic assumed household; not measured Eatontown data
6,14,0,0.529249,Synthetic assumed household; not measured Eatontown data
6,14,1,0.547821,Synthetic assumed household; not measured Eatontown data
6,14,2,0.646970,Synthetic assumed household; not measured Eatontown data
6,14,3,0.623267,Synthetic assumed household; not measured Eatontown data
6,14,4,0.581703,Synthetic assumed household; not measured Eatontown data
6,14,5,0.627033,Synthetic assumed household; not measured Eatontown data
6,14,6,0.790261,Synthetic assumed household; not measured Eatontown data
6,14,7,1.078986,Synthetic assumed household; not measured Eatontown data
6,14,8,1.535022,Synthetic assumed household; not measured Eatontown data
6,14,9,1.548350,Synthetic assumed household; not measured Eatontown data
6,14,10,1.466010,Synthetic assumed household; not measured Eatontown data
6,14,11,1.263362,Synthetic assumed household; not measured Eatontown data
6,14,12,1.176877,Synthetic assumed household; not measured Eatontown data
6,14,13,1.100587,Synthetic assumed household; not measured Eatontown data
6,14,14,0.986229,Synthetic assumed household; not measured Eatontown data
6,14,15,1.214897,Synthetic assumed household; not measured Eatontown data
6,14,16,1.298981,Synthetic assumed household; not measured Eatontown data
6,14,17,1.801919,Synthetic assumed household; not measured Eatontown data
6,14,18,2.038783,Synthetic assumed household; not measured Eatontown data
6,14,19,2.528272,Synthetic assumed household; not measured Eatontown data
6,14,20,2.135487,Synthetic assumed household; not measured Eatontown data
6,14,21,1.546217,Synthetic assumed household; not measured Eatontown data
6,14,22,1.119691,Synthetic assumed household; not measured Eatontown data
6,14,23,0.753789,Synthetic assumed household; not measured Eatontown data
6,15,0,0.535281,Synthetic assumed household; not measured Eatontown data
6,15,1,0.608262,Synthetic assumed household; not measured Eatontown data
6,15,2,0.592559,Synthetic assumed household; not measured Eatontown data
6,15,3,0.611560,Synthetic assumed household; not measured Eatontown data
6,15,4,0.611771,Synthetic assumed household; not measured Eatontown data
6,15,5,0.646128,Synthetic assumed household; not measured Eatontown data
6,15,6,0.748610,Synthetic assumed household; not measured Eatontown data
6,15,7,1.060393,Synthetic assumed household; not measured Eatontown data
6,15,8,1.521086,Synthetic assumed household; not measured Eatontown data
6,15,9,1.629102,Synthetic assumed household; not measured Eatontown data
6,15,10,1.597931,Synthetic assumed household; not measured Eatontown data
6,15,11,1.317984,Synthetic assumed household; not measured Eatontown data
6,15,12,1.144869,Synthetic assumed household; not measured Eatontown data
6,15,13,0.956858,Synthetic assumed household; not measured Eatontown data
6,15,14,0.958060,Synthetic assumed household; not measured Eatontown data
6,15,15,1.073925,Synthetic assumed household; not measured Eatontown data
6,15,16,1.168901,Synthetic assumed household; not measured Eatontown data
6,15,17,1.546522,Synthetic assumed household; not measured Eatontown data
6,15,18,1.883235,Synthetic assumed household; not measured Eatontown data
6,15,19,2.269423,Synthetic assumed household; not measured Eatontown data
6,15,20,2.194899,Synthetic assumed household; not measured Eatontown data
6,15,21,1.596154,Synthetic assumed household; not measured Eatontown data
6,15,22,1.024628,Synthetic assumed household; not measured Eatontown data
6,15,23,0.748145,Synthetic assumed household; not measured Eatontown data
6,16,0,0.733174,Synthetic assumed household; not measured Eatontown data
6,16,1,0.660082,Synthetic assumed household; not measured Eatontown data
6,16,2,0.789360,Synthetic assumed household; not measured Eatontown data
6,16,3,0.745070,Synthetic assumed household; not measured Eatontown data
6,16,4,0.863879,Synthetic assumed household; not measured Eatontown data
6,16,5,1.331986,Synthetic assumed household; not measured Eatontown data
6,16,6,1.848855,Synthetic assumed household; not measured Eatontown data
6,16,7,1.811863,Synthetic assumed household; not measured Eatontown data
6,16,8,1.978274,Synthetic assumed household; not measured Eatontown data
6,16,9,1.455110,Synthetic assumed household; not measured Eatontown data
6,16,10,1.176898,Synthetic assumed household; not measured Eatontown data
6,16,11,1.239796,Synthetic assumed household; not measured Eatontown data
6,16,12,1.121880,Synthetic assumed household; not measured Eatontown data
6,16,13,1.320029,Synthetic assumed household; not measured Eatontown data
6,16,14,1.300950,Synthetic assumed household; not measured Eatontown data
6,16,15,1.493775,Synthetic assumed household; not measured Eatontown data
6,16,16,1.689238,Synthetic assumed household; not measured Eatontown data
6,16,17,2.060756,Synthetic assumed household; not measured Eatontown data
6,16,18,2.825324,Synthetic assumed household; not measured Eatontown data
6,16,19,3.108705,Synthetic assumed household; not measured Eatontown data
6,16,20,2.461101,Synthetic assumed household; not measured Eatontown data
6,16,21,1.897810,Synthetic assumed household; not measured Eatontown data
6,16,22,1.346706,Synthetic assumed household; not measured Eatontown data
6,16,23,1.040806,Synthetic assumed household; not measured Eatontown data
6,17,0,0.533183,Synthetic assumed household; not measured Eatontown data
6,17,1,0.628267,Synthetic assumed household; not measured Eatontown data
6,17,2,0.606779,Synthetic assumed household; not measured Eatontown data
6,17,3,0.641626,Synthetic assumed household; not measured Eatontown data
6,17,4,0.761699,Synthetic assumed household; not measured Eatontown data
6,17,5,1.073287,Synthetic assumed household; not measured Eatontown data
6,17,6,1.387211,Synthetic assumed household; not measured Eatontown data
6,17,7,1.424264,Synthetic assumed household; not measured Eatontown data
6,17,8,1.437096,Synthetic assumed household; not measured Eatontown data
6,17,9,1.185700,Synthetic assumed household; not measured Eatontown data
6,17,10,0.958663,Synthetic assumed household; not measured Eatontown data
6,17,11,0.998390,Synthetic assumed household; not measured Eatontown data
6,17,12,1.005417,Synthetic assumed household; not measured Eatontown data
6,17,13,1.030321,Synthetic assumed household; not measured Eatontown data
6,17,14,0.992024,Synthetic assumed household; not measured Eatontown data
6,17,15,1.199234,Synthetic assumed household; not measured Eatontown data
6,17,16,1.449334,Synthetic assumed household; not measured Eatontown data
6,17,17,1.659943,Synthetic assumed household; not measured Eatontown data
6,17,18,2.018050,Synthetic assumed household; not measured Eatontown data
6,17,19,2.326181,Synthetic assumed household; not measured Eatontown data
6,17,20,1.885794,Synthetic assumed household; not measured Eatontown data
6,17,21,1.693545,Synthetic assumed household; not measured Eatontown data
6,17,22,1.117819,Synthetic assumed household; not measured Eatontown data
6,17,23,0.811702,Synthetic assumed household; not measured Eatontown data
6,18,0,0.634334,Synthetic assumed household; not measured Eatontown data
6,18,1,0.673259,Synthetic assumed household; not measured Eatontown data
6,18,2,0.613771,Synthetic assumed household; not measured Eatontown data
6,18,3,0.762149,Synthetic assumed household; not measured Eatontown data
6,18,4,0.867133,Synthetic assumed household; not measured Eatontown data
6,18,5,1.132556,Synthetic assumed household; not measured Eatontown data
6,18,6,1.599109,Synthetic assumed household; not measured Eatontown data
6,18,7,1.584388,Synthetic assumed household; not measured Eatontown data
6,18,8,1.521733,Synthetic assumed household; not measured Eatontown data
6,18,9,1.317620,Synthetic assumed household; not measured Eatontown data
6,18,10,1.037744,Synthetic assumed household; not measured Eatontown data
6,18,11,1.042183,Synthetic assumed household; not measured Eatontown data
6,18,12,0.993037,Synthetic assumed household; not measured Eatontown data
6,18,13,1.085070,Synthetic assumed household; not measured Eatontown data
6,18,14,1.054532,Synthetic assumed household; not measured Eatontown data
6,18,15,1.217421,Synthetic assumed household; not measured Eatontown data
6,18,16,1.532371,Synthetic assumed household; not measured Eatontown data
6,18,17,1.892335,Synthetic assumed household; not measured Eatontown data
6,18,18,2.392502,Synthetic assumed household; not measured Eatontown data
6,18,19,2.417279,Synthetic assumed household; not measured Eatontown data
6,18,20,2.411803,Synthetic assumed household; not measured Eatontown data
6,18,21,1.743843,Synthetic assumed household; not measured Eatontown data
6,18,22,1.346434,Synthetic assumed household; not measured Eatontown data
6,18,23,0.861958,Synthetic assumed household; not measured Eatontown data
6,19,0,0.544150,Synthetic assumed household; not measured Eatontown data
6,19,1,0.597290,Synthetic assumed household; not measured Eatontown data
6,19,2,0.562762,Synthetic assumed household; not measured Eatontown data
6,19,3,0.580274,Synthetic assumed household; not measured Eatontown data
6,19,4,0.721264,Synthetic assumed household; not measured Eatontown data
6,19,5,0.980206,Synthetic assumed household; not measured Eatontown data
6,19,6,1.377751,Synthetic assumed household; not measured Eatontown data
6,19,7,1.553674,Synthetic assumed household; not measured Eatontown data
6,19,8,1.360394,Synthetic assumed household; not measured Eatontown data
6,19,9,1.283266,Synthetic assumed household; not measured Eatontown data
6,19,10,0.906392,Synthetic assumed household; not measured Eatontown data
6,19,11,0.980345,Synthetic assumed household; not measured Eatontown data
6,19,12,0.884440,Synthetic assumed household; not measured Eatontown data
6,19,13,0.974040,Synthetic assumed household; not measured Eatontown data
6,19,14,1.108938,Synthetic assumed household; not measured Eatontown data
6,19,15,1.187471,Synthetic assumed household; not measured Eatontown data
6,19,16,1.362942,Synthetic assumed household; not measured Eatontown data
6,19,17,1.840355,Synthetic assumed household; not measured Eatontown data
6,19,18,2.293049,Synthetic assumed household; not measured Eatontown data
6,19,19,2.232815,Synthetic assumed household; not measured Eatontown data
6,19,20,2.127966,Synthetic assumed household; not measured Eatontown data
6,19,21,1.644170,Synthetic assumed household; not measured Eatontown data
6,19,22,1.116571,Synthetic assumed household; not measured Eatontown data
6,19,23,0.848509,Synthetic assumed household; not measured Eatontown data
6,20,0,0.601574,Synthetic assumed household; not measured Eatontown data
6,20,1,0.564225,Synthetic assumed household; not measured Eatontown data
6,20,2,0.588237,Synthetic assumed household; not measured Eatontown data
6,20,3,0.601633,Synthetic assumed household; not measured Eatontown data
6,20,4,0.704365,Synthetic assumed household; not measured Eatontown data
6,20,5,0.969387,Synthetic assumed household; not measured Eatontown data
6,20,6,1.361949,Synthetic assumed household; not measured Eatontown data
6,20,7,1.665945,Synthetic assumed household; not measured Eatontown data
6,20,8,1.342302,Synthetic assumed household; not measured Eatontown data
6,20,9,1.023684,Synthetic assumed household; not measured Eatontown data
6,20,10,0.867991,Synthetic assumed household; not measured Eatontown data
6,20,11,0.955546,Synthetic assumed household; not measured Eatontown data
6,20,12,0.995473,Synthetic assumed household; not measured Eatontown data
6,20,13,0.882053,Synthetic assumed household; not measured Eatontown data
6,20,14,0.986869,Synthetic assumed household; not measured Eatontown data
6,20,15,1.101296,Synthetic assumed household; not measured Eatontown data
6,20,16,1.223554,Synthetic assumed household; not measured Eatontown data
6,20,17,1.793475,Synthetic assumed household; not measured Eatontown data
6,20,18,2.029512,Synthetic assumed household; not measured Eatontown data
6,20,19,2.318562,Synthetic assumed household; not measured Eatontown data
6,20,20,2.020062,Synthetic assumed household; not measured Eatontown data
6,20,21,1.636889,Synthetic assumed household; not measured Eatontown data
6,20,22,1.183703,Synthetic assumed household; not measured Eatontown data
6,20,23,0.768795,Synthetic assumed household; not measured Eatontown data
6,21,0,0.628438,Synthetic assumed household; not measured Eatontown data
6,21,1,0.568909,Synthetic assumed household; not measured Eatontown data
6,21,2,0.572064,Synthetic assumed household; not measured Eatontown data
6,21,3,0.652462,Synthetic assumed household; not measured Eatontown data
6,21,4,0.603769,Synthetic assumed household; not measured Eatontown data
6,21,5,0.684432,Synthetic assumed household; not measured Eatontown data
6,21,6,0.820570,Synthetic assumed household; not measured Eatontown data
6,21,7,1.197711,Synthetic assumed household; not measured Eatontown data
6,21,8,1.395284,Synthetic assumed household; not measured Eatontown data
6,21,9,1.645269,Synthetic assumed household; not measured Eatontown data
6,21,10,1.572484,Synthetic assumed household; not measured Eatontown data
6,21,11,1.324456,Synthetic assumed household; not measured Eatontown data
6,21,12,1.101696,Synthetic assumed household; not measured Eatontown data
6,21,13,1.009006,Synthetic assumed household; not measured Eatontown data
6,21,14,1.089788,Synthetic assumed household; not measured Eatontown data
6,21,15,1.104836,Synthetic assumed household; not measured Eatontown data
6,21,16,1.400328,Synthetic assumed household; not measured Eatontown data
6,21,17,1.970589,Synthetic assumed household; not measured Eatontown data
6,21,18,2.199270,Synthetic assumed household; not measured Eatontown data
6,21,19,2.466505,Synthetic assumed household; not measured Eatontown data
6,21,20,2.394866,Synthetic assumed household; not measured Eatontown data
6,21,21,1.661793,Synthetic assumed household; not measured Eatontown data
6,21,22,1.112902,Synthetic assumed household; not measured Eatontown data
6,21,23,0.770723,Synthetic assumed household; not measured Eatontown data
6,22,0,0.723875,Synthetic assumed household; not measured Eatontown data
6,22,1,0.763042,Synthetic assumed household; not measured Eatontown data
6,22,2,0.729892,Synthetic assumed household; not measured Eatontown data
6,22,3,0.644707,Synthetic assumed household; not measured Eatontown data
6,22,4,0.667011,Synthetic assumed household; not measured Eatontown data
6,22,5,0.703057,Synthetic assumed household; not measured Eatontown data
6,22,6,0.845545,Synthetic assumed household; not measured Eatontown data
6,22,7,1.379138,Synthetic assumed household; not measured Eatontown data
6,22,8,1.764489,Synthetic assumed household; not measured Eatontown data
6,22,9,1.829186,Synthetic assumed household; not measured Eatontown data
6,22,10,1.864935,Synthetic assumed household; not measured Eatontown data
6,22,11,1.657730,Synthetic assumed household; not measured Eatontown data
6,22,12,1.206759,Synthetic assumed household; not measured Eatontown data
6,22,13,1.154197,Synthetic assumed household; not measured Eatontown data
6,22,14,1.129213,Synthetic assumed household; not measured Eatontown data
6,22,15,1.366860,Synthetic assumed household; not measured Eatontown data
6,22,16,1.746384,Synthetic assumed household; not measured Eatontown data
6,22,17,2.023651,Synthetic assumed household; not measured Eatontown data
6,22,18,2.458434,Synthetic assumed household; not measured Eatontown data
6,22,19,2.656304,Synthetic assumed household; not measured Eatontown data
6,22,20,2.572244,Synthetic assumed household; not measured Eatontown data
6,22,21,1.793441,Synthetic assumed household; not measured Eatontown data
6,22,22,1.452496,Synthetic assumed household; not measured Eatontown data
6,22,23,0.883623,Synthetic assumed household; not measured Eatontown data
6,23,0,0.740516,Synthetic assumed household; not measured Eatontown data
6,23,1,0.667571,Synthetic assumed household; not measured Eatontown data
6,23,2,0.696303,Synthetic assumed household; not measured Eatontown data
6,23,3,0.812044,Synthetic assumed household; not measured Eatontown data
6,23,4,0.896129,Synthetic assumed household; not measured Eatontown data
6,23,5,1.161370,Synthetic assumed household; not measured Eatontown data
6,23,6,1.624015,Synthetic assumed household; not measured Eatontown data
6,23,7,2.047017,Synthetic assumed household; not measured Eatontown data
6,23,8,1.789426,Synthetic assumed household; not measured Eatontown data
6,23,9,1.292622,Synthetic assumed household; not measured Eatontown data
6,23,10,1.168365,Synthetic assumed household; not measured Eatontown data
6,23,11,1.114689,Synthetic assumed household; not measured Eatontown data
6,23,12,1.141980,Synthetic assumed household; not measured Eatontown data
6,23,13,1.159959,Synthetic assumed household; not measured Eatontown data
6,23,14,1.191810,Synthetic assumed household; not measured Eatontown data
6,23,15,1.341377,Synthetic assumed household; not measured Eatontown data
6,23,16,1.536229,Synthetic assumed household; not measured Eatontown data
6,23,17,2.009007,Synthetic assumed household; not measured Eatontown data
6,23,18,2.570702,Synthetic assumed household; not measured Eatontown data
6,23,19,2.901208,Synthetic assumed household; not measured Eatontown data
6,23,20,2.442474,Synthetic assumed household; not measured Eatontown data
6,23,21,1.856034,Synthetic assumed household; not measured Eatontown data
6,23,22,1.275646,Synthetic assumed household; not measured Eatontown data
6,23,23,0.923245,Synthetic assumed household; not measured Eatontown data
6,24,0,0.596778,Synthetic assumed household; not measured Eatontown data
6,24,1,0.601323,Synthetic assumed household; not measured Eatontown data
6,24,2,0.550854,Synthetic assumed household; not measured Eatontown data
6,24,3,0.598993,Synthetic assumed household; not measured Eatontown data
6,24,4,0.651392,Synthetic assumed household; not measured Eatontown data
6,24,5,1.072353,Synthetic assumed household; not measured Eatontown data
6,24,6,1.453885,Synthetic assumed household; not measured Eatontown data
6,24,7,1.513849,Synthetic assumed household; not measured Eatontown data
6,24,8,1.261655,Synthetic assumed household; not measured Eatontown data
6,24,9,1.107451,Synthetic assumed household; not measured Eatontown data
6,24,10,0.892798,Synthetic assumed household; not measured Eatontown data
6,24,11,0.835332,Synthetic assumed household; not measured Eatontown data
6,24,12,0.814504,Synthetic assumed household; not measured Eatontown data
6,24,13,0.907283,Synthetic assumed household; not measured Eatontown data
6,24,14,0.947061,Synthetic assumed household; not measured Eatontown data
6,24,15,1.073407,Synthetic assumed household; not measured Eatontown data
6,24,16,1.270606,Synthetic assumed household; not measured Eatontown data
6,24,17,1.570806,Synthetic assumed household; not measured Eatontown data
6,24,18,2.171105,Synthetic assumed household; not measured Eatontown data
6,24,19,2.173403,Synthetic assumed household; not measured Eatontown data
6,24,20,1.959530,Synthetic assumed household; not measured Eatontown data
6,24,21,1.476558,Synthetic assumed household; not measured Eatontown data
6,24,22,1.072117,Synthetic assumed household; not measured Eatontown data
6,24,23,0.740337,Synthetic assumed household; not measured Eatontown data
6,25,0,0.773519,Synthetic assumed household; not measured Eatontown data
6,25,1,0.760003,Synthetic assumed household; not measured Eatontown data
6,25,2,0.750862,Synthetic assumed household; not measured Eatontown data
6,25,3,0.734492,Synthetic assumed household; not measured Eatontown data
6,25,4,0.964719,Synthetic assumed household; not measured Eatontown data
6,25,5,1.337109,Synthetic assumed household; not measured Eatontown data
6,25,6,1.669987,Synthetic assumed household; not measured Eatontown data
6,25,7,2.073692,Synthetic assumed household; not measured Eatontown data
6,25,8,1.668459,Synthetic assumed household; not measured Eatontown data
6,25,9,1.370052,Synthetic assumed household; not measured Eatontown data
6,25,10,1.218575,Synthetic assumed household; not measured Eatontown data
6,25,11,1.150701,Synthetic assumed household; not measured Eatontown data
6,25,12,1.098238,Synthetic assumed household; not measured Eatontown data
6,25,13,1.214483,Synthetic assumed household; not measured Eatontown data
6,25,14,1.151091,Synthetic assumed household; not measured Eatontown data
6,25,15,1.220802,Synthetic assumed household; not measured Eatontown data
6,25,16,1.504026,Synthetic assumed household; not measured Eatontown data
6,25,17,2.159871,Synthetic assumed household; not measured Eatontown data
6,25,18,2.473910,Synthetic assumed household; not measured Eatontown data
6,25,19,2.605117,Synthetic assumed household; not measured Eatontown data
6,25,20,2.439619,Synthetic assumed household; not measured Eatontown data
6,25,21,2.058928,Synthetic assumed household; not measured Eatontown data
6,25,22,1.449906,Synthetic assumed household; not measured Eatontown data
6,25,23,0.941476,Synthetic assumed household; not measured Eatontown data
6,26,0,0.593837,Synthetic assumed household; not measured Eatontown data
6,26,1,0.576653,Synthetic assumed household; not measured Eatontown data
6,26,2,0.579571,Synthetic assumed household; not measured Eatontown data
6,26,3,0.676618,Synthetic assumed household; not measured Eatontown data
6,26,4,0.841408,Synthetic assumed household; not measured Eatontown data
6,26,5,1.039805,Synthetic assumed household; not measured Eatontown data
6,26,6,1.495978,Synthetic assumed household; not measured Eatontown data
6,26,7,1.556164,Synthetic assumed household; not measured Eatontown data
6,26,8,1.583630,Synthetic assumed household; not measured Eatontown data
6,26,9,1.297011,Synthetic assumed household; not measured Eatontown data
6,26,10,0.898911,Synthetic assumed household; not measured Eatontown data
6,26,11,0.986595,Synthetic assumed household; not measured Eatontown data
6,26,12,0.875002,Synthetic assumed household; not measured Eatontown data
6,26,13,0.980020,Synthetic assumed household; not measured Eatontown data
6,26,14,0.958286,Synthetic assumed household; not measured Eatontown data
6,26,15,1.200077,Synthetic assumed household; not measured Eatontown data
6,26,16,1.461989,Synthetic assumed household; not measured Eatontown data
6,26,17,1.901049,Synthetic assumed household; not measured Eatontown data
6,26,18,2.029511,Synthetic assumed household; not measured Eatontown data
6,26,19,2.480221,Synthetic assumed household; not measured Eatontown data
6,26,20,2.020475,Synthetic assumed household; not measured Eatontown data
6,26,21,1.730852,Synthetic assumed household; not measured Eatontown data
6,26,22,1.140364,Synthetic assumed household; not measured Eatontown data
6,26,23,0.866566,Synthetic assumed household; not measured Eatontown data
6,27,0,0.568319,Synthetic assumed household; not measured Eatontown data
6,27,1,0.604745,Synthetic assumed household; not measured Eatontown data
6,27,2,0.582645,Synthetic assumed household; not measured Eatontown data
6,27,3,0.674283,Synthetic assumed household; not measured Eatontown data
6,27,4,0.733145,Synthetic assumed household; not measured Eatontown data
6,27,5,1.045636,Synthetic assumed household; not measured Eatontown data
6,27,6,1.310600,Synthetic assumed household; not measured Eatontown data
6,27,7,1.496893,Synthetic assumed household; not measured Eatontown data
6,27,8,1.464377,Synthetic assumed household; not measured Eatontown data
6,27,9,1.041029,Synthetic assumed household; not measured Eatontown data
6,27,10,1.033486,Synthetic assumed household; not measured Eatontown data
6,27,11,0.904542,Synthetic assumed household; not measured Eatontown data
6,27,12,0.876476,Synthetic assumed household; not measured Eatontown data
6,27,13,0.976081,Synthetic assumed household; not measured Eatontown data
6,27,14,0.924446,Synthetic assumed household; not measured Eatontown data
6,27,15,1.166041,Synthetic assumed household; not measured Eatontown data
6,27,16,1.420692,Synthetic assumed household; not measured Eatontown data
6,27,17,1.621546,Synthetic assumed household; not measured Eatontown data
6,27,18,1.951300,Synthetic assumed household; not measured Eatontown data
6,27,19,2.327975,Synthetic assumed household; not measured Eatontown data
6,27,20,1.977381,Synthetic assumed household; not measured Eatontown data
6,27,21,1.476392,Synthetic assumed household; not measured Eatontown data
6,27,22,1.061480,Synthetic assumed household; not measured Eatontown data
6,27,23,0.736307,Synthetic assumed household; not measured Eatontown data
6,28,0,0.654334,Synthetic assumed household; not measured Eatontown data
6,28,1,0.659240,Synthetic assumed household; not measured Eatontown data
6,28,2,0.767359,Synthetic assumed household; not measured Eatontown data
6,28,3,0.724753,Synthetic assumed household; not measured Eatontown data
6,28,4,0.753760,Synthetic assumed household; not measured Eatontown data
6,28,5,0.769990,Synthetic assumed household; not measured Eatontown data
6,28,6,0.879948,Synthetic assumed household; not measured Eatontown data
6,28,7,1.235904,Synthetic assumed household; not measured Eatontown data
6,28,8,1.660694,Synthetic assumed household; not measured Eatontown data
6,28,9,2.140650,Synthetic assumed household; not measured Eatontown data
6,28,10,2.140338,Synthetic assumed household; not measured Eatontown data
6,28,11,1.791107,Synthetic assumed household; not measured Eatontown data
6,28,12,1.396479,Synthetic assumed household; not measured Eatontown data
6,28,13,1.143602,Synthetic assumed household; not measured Eatontown data
6,28,14,1.291404,Synthetic assumed household; not measured Eatontown data
6,28,15,1.427269,Synthetic assumed household; not measured Eatontown data
6,28,16,1.775720,Synthetic assumed household; not measured Eatontown data
6,28,17,2.014277,Synthetic assumed household; not measured Eatontown data
6,28,18,2.536250,Synthetic assumed household; not measured Eatontown data
6,28,19,3.149679,Synthetic assumed household; not measured Eatontown data
6,28,20,2.746077,Synthetic assumed household; not measured Eatontown data
6,28,21,2.106598,Synthetic assumed household; not measured Eatontown data
6,28,22,1.493842,Synthetic assumed household; not measured Eatontown data
6,28,23,0.997246,Synthetic assumed household; not measured Eatontown data
6,29,0,0.630711,Synthetic assumed household; not measured Eatontown data
6,29,1,0.590567,Synthetic assumed household; not measured Eatontown data
6,29,2,0.563772,Synthetic assumed household; not measured Eatontown data
6,29,3,0.658657,Synthetic assumed household; not measured Eatontown data
6,29,4,0.617557,Synthetic assumed household; not measured Eatontown data
6,29,5,0.653639,Synthetic assumed household; not measured Eatontown data
6,29,6,0.769938,Synthetic assumed household; not measured Eatontown data
6,29,7,1.154966,Synthetic assumed household; not measured Eatontown data
6,29,8,1.420680,Synthetic assumed household; not measured Eatontown data
6,29,9,1.641537,Synthetic assumed household; not measured Eatontown data
6,29,10,1.600100,Synthetic assumed household; not measured Eatontown data
6,29,11,1.427903,Synthetic assumed household; not measured Eatontown data
6,29,12,1.089763,Synthetic assumed household; not measured Eatontown data
6,29,13,1.119872,Synthetic assumed household; not measured Eatontown data
6,29,14,1.138332,Synthetic assumed household; not measured Eatontown data
6,29,15,1.161639,Synthetic assumed household; not measured Eatontown data
6,29,16,1.284126,Synthetic assumed household; not measured Eatontown data
6,29,17,1.697664,Synthetic assumed household; not measured Eatontown data
6,29,18,2.152458,Synthetic assumed household; not measured Eatontown data
6,29,19,2.292267,Synthetic assumed household; not measured Eatontown data
6,29,20,2.116636,Synthetic assumed household; not measured Eatontown data
6,29,21,1.510603,Synthetic assumed household; not measured Eatontown data
6,29,22,1.211637,Synthetic assumed household; not measured Eatontown data
6,29,23,0.825130,Synthetic assumed household; not measured Eatontown data
6,30,0,0.549254,Synthetic assumed household; not measured Eatontown data
6,30,1,0.652091,Synthetic assumed household; not measured Eatontown data
6,30,2,0.649574,Synthetic assumed household; not measured Eatontown data
6,30,3,0.618418,Synthetic assumed household; not measured Eatontown data
6,30,4,0.816699,Synthetic assumed household; not measured Eatontown data
6,30,5,1.104477,Synthetic assumed household; not measured Eatontown data
6,30,6,1.456118,Synthetic assumed household; not measured Eatontown data
6,30,7,1.609440,Synthetic assumed household; not measured Eatontown data
6,30,8,1.521889,Synthetic assumed household; not measured Eatontown data
6,30,9,1.215280,Synthetic assumed household; not measured Eatontown data
6,30,10,1.018709,Synthetic assumed household; not measured Eatontown data
6,30,11,0.977339,Synthetic assumed household; not measured Eatontown data
6,30,12,0.943509,Synthetic assumed household; not measured Eatontown data
6,30,13,1.036116,Synthetic assumed household; not measured Eatontown data
6,30,14,0.962426,Synthetic assumed household; not measured Eatontown data
6,30,15,1.153523,Synthetic assumed household; not measured Eatontown data
6,30,16,1.283396,Synthetic assumed household; not measured Eatontown data
6,30,17,1.945638,Synthetic assumed household; not measured Eatontown data
6,30,18,2.077917,Synthetic assumed household; not measured Eatontown data
6,30,19,2.585785,Synthetic assumed household; not measured Eatontown data
6,30,20,2.044786,Synthetic assumed household; not measured Eatontown data
6,30,21,1.673204,Synthetic assumed household; not measured Eatontown data
6,30,22,1.084425,Synthetic assumed household; not measured Eatontown data
6,30,23,0.857562,Synthetic assumed household; not measured Eatontown data
7,1,0,0.763870,Synthetic assumed household; not measured Eatontown data
7,1,1,0.745408,Synthetic assumed household; not measured Eatontown data
7,1,2,0.780229,Synthetic assumed household; not measured Eatontown data
7,1,3,0.756202,Synthetic assumed household; not measured Eatontown data
7,1,4,0.927466,Synthetic assumed household; not measured Eatontown data
7,1,5,1.332031,Synthetic assumed household; not measured Eatontown data
7,1,6,1.609317,Synthetic assumed household; not measured Eatontown data
7,1,7,2.178673,Synthetic assumed household; not measured Eatontown data
7,1,8,1.737874,Synthetic assumed household; not measured Eatontown data
7,1,9,1.478865,Synthetic assumed household; not measured Eatontown data
7,1,10,1.324308,Synthetic assumed household; not measured Eatontown data
7,1,11,1.066630,Synthetic assumed household; not measured Eatontown data
7,1,12,1.263603,Synthetic assumed household; not measured Eatontown data
7,1,13,1.119920,Synthetic assumed household; not measured Eatontown data
7,1,14,1.286440,Synthetic assumed household; not measured Eatontown data
7,1,15,1.521567,Synthetic assumed household; not measured Eatontown data
7,1,16,1.683272,Synthetic assumed household; not measured Eatontown data
7,1,17,2.163437,Synthetic assumed household; not measured Eatontown data
7,1,18,2.848144,Synthetic assumed household; not measured Eatontown data
7,1,19,3.121269,Synthetic assumed household; not measured Eatontown data
7,1,20,2.525118,Synthetic assumed household; not measured Eatontown data
7,1,21,1.856762,Synthetic assumed household; not measured Eatontown data
7,1,22,1.313103,Synthetic assumed household; not measured Eatontown data
7,1,23,0.989810,Synthetic assumed household; not measured Eatontown data
7,2,0,0.834413,Synthetic assumed household; not measured Eatontown data
7,2,1,0.703509,Synthetic assumed household; not measured Eatontown data
7,2,2,0.808736,Synthetic assumed household; not measured Eatontown data
7,2,3,0.825487,Synthetic assumed household; not measured Eatontown data
7,2,4,0.922178,Synthetic assumed household; not measured Eatontown data
7,2,5,1.352925,Synthetic assumed household; not measured Eatontown data
7,2,6,1.725123,Synthetic assumed household; not measured Eatontown data
7,2,7,2.121749,Synthetic assumed household; not measured Eatontown data
7,2,8,1.781782,Synthetic assumed household; not measured Eatontown data
7,2,9,1.604706,Synthetic assumed household; not measured Eatontown data
7,2,10,1.246109,Synthetic assumed household; not measured Eatontown data
7,2,11,1.106695,Synthetic assumed household; not measured Eatontown data
7,2,12,1.263849,Synthetic assumed household; not measured Eatontown data
7,2,13,1.230854,Synthetic assumed household; not measured Eatontown data
7,2,14,1.301295,Synthetic assumed household; not measured Eatontown data
7,2,15,1.491146,Synthetic assumed household; not measured Eatontown data
7,2,16,1.901752,Synthetic assumed household; not measured Eatontown data
7,2,17,2.139516,Synthetic assumed household; not measured Eatontown data
7,2,18,2.640794,Synthetic assumed household; not measured Eatontown data
7,2,19,2.965197,Synthetic assumed household; not measured Eatontown data
7,2,20,2.644623,Synthetic assumed household; not measured Eatontown data
7,2,21,1.965401,Synthetic assumed household; not measured Eatontown data
7,2,22,1.629979,Synthetic assumed household; not measured Eatontown data
7,2,23,1.050864,Synthetic assumed household; not measured Eatontown data
7,3,0,0.621754,Synthetic assumed household; not measured Eatontown data
7,3,1,0.710131,Synthetic assumed household; not measured Eatontown data
7,3,2,0.631014,Synthetic assumed household; not measured Eatontown data
7,3,3,0.675379,Synthetic assumed household; not measured Eatontown data
7,3,4,0.874761,Synthetic assumed household; not measured Eatontown data
7,3,5,1.121501,Synthetic assumed household; not measured Eatontown data
7,3,6,1.604222,Synthetic assumed household; not measured Eatontown data
7,3,7,1.787003,Synthetic assumed household; not measured Eatontown data
7,3,8,1.629288,Synthetic assumed household; not measured Eatontown data
7,3,9,1.217734,Synthetic assumed household; not measured Eatontown data
7,3,10,1.128079,Synthetic assumed household; not measured Eatontown data
7,3,11,1.101813,Synthetic assumed household; not measured Eatontown data
7,3,12,0.988057,Synthetic assumed household; not measured Eatontown data
7,3,13,1.169346,Synthetic assumed household; not measured Eatontown data
7,3,14,1.097131,Synthetic assumed household; not measured Eatontown data
7,3,15,1.194632,Synthetic assumed household; not measured Eatontown data
7,3,16,1.560291,Synthetic assumed household; not measured Eatontown data
7,3,17,2.124109,Synthetic assumed household; not measured Eatontown data
7,3,18,2.429561,Synthetic assumed household; not measured Eatontown data
7,3,19,2.564974,Synthetic assumed household; not measured Eatontown data
7,3,20,2.537759,Synthetic assumed household; not measured Eatontown data
7,3,21,1.712023,Synthetic assumed household; not measured Eatontown data
7,3,22,1.202489,Synthetic assumed household; not measured Eatontown data
7,3,23,0.848275,Synthetic assumed household; not measured Eatontown data
7,4,0,0.677494,Synthetic assumed household; not measured Eatontown data
7,4,1,0.798575,Synthetic assumed household; not measured Eatontown data
7,4,2,0.787611,Synthetic assumed household; not measured Eatontown data
7,4,3,0.768283,Synthetic assumed household; not measured Eatontown data
7,4,4,0.974451,Synthetic assumed household; not measured Eatontown data
7,4,5,1.334539,Synthetic assumed household; not measured Eatontown data
7,4,6,1.932746,Synthetic assumed household; not measured Eatontown data
7,4,7,1.889415,Synthetic assumed household; not measured Eatontown data
7,4,8,1.694385,Synthetic assumed household; not measured Eatontown data
7,4,9,1.455501,Synthetic assumed household; not measured Eatontown data
7,4,10,1.153047,Synthetic assumed household; not measured Eatontown data
7,4,11,1.146780,Synthetic assumed household; not measured Eatontown data
7,4,12,1.225626,Synthetic assumed household; not measured Eatontown data
7,4,13,1.175846,Synthetic assumed household; not measured Eatontown data
7,4,14,1.366628,Synthetic assumed household; not measured Eatontown data
7,4,15,1.299823,Synthetic assumed household; not measured Eatontown data
7,4,16,1.697398,Synthetic assumed household; not measured Eatontown data
7,4,17,2.435492,Synthetic assumed household; not measured Eatontown data
7,4,18,2.895807,Synthetic assumed household; not measured Eatontown data
7,4,19,3.098486,Synthetic assumed household; not measured Eatontown data
7,4,20,2.837249,Synthetic assumed household; not measured Eatontown data
7,4,21,1.933231,Synthetic assumed household; not measured Eatontown data
7,4,22,1.548039,Synthetic assumed household; not measured Eatontown data
7,4,23,1.081807,Synthetic assumed household; not measured Eatontown data
7,5,0,0.750212,Synthetic assumed household; not measured Eatontown data
7,5,1,0.706984,Synthetic assumed household; not measured Eatontown data
7,5,2,0.666507,Synthetic assumed household; not measured Eatontown data
7,5,3,0.728433,Synthetic assumed household; not measured Eatontown data
7,5,4,0.717762,Synthetic assumed household; not measured Eatontown data
7,5,5,0.691833,Synthetic assumed household; not measured Eatontown data
7,5,6,0.835062,Synthetic assumed household; not measured Eatontown data
7,5,7,1.337049,Synthetic assumed household; not measured Eatontown data
7,5,8,1.676292,Synthetic assumed household; not measured Eatontown data
7,5,9,2.125777,Synthetic assumed household; not measured Eatontown data
7,5,10,1.852344,Synthetic assumed household; not measured Eatontown data
7,5,11,1.672036,Synthetic assumed household; not measured Eatontown data
7,5,12,1.398734,Synthetic assumed household; not measured Eatontown data
7,5,13,1.133287,Synthetic assumed household; not measured Eatontown data
7,5,14,1.236526,Synthetic assumed household; not measured Eatontown data
7,5,15,1.338464,Synthetic assumed household; not measured Eatontown data
7,5,16,1.447311,Synthetic assumed household; not measured Eatontown data
7,5,17,2.196849,Synthetic assumed household; not measured Eatontown data
7,5,18,2.501356,Synthetic assumed household; not measured Eatontown data
7,5,19,2.639220,Synthetic assumed household; not measured Eatontown data
7,5,20,2.254202,Synthetic assumed household; not measured Eatontown data
7,5,21,1.930821,Synthetic assumed household; not measured Eatontown data
7,5,22,1.251524,Synthetic assumed household; not measured Eatontown data
7,5,23,0.965641,Synthetic assumed household; not measured Eatontown data
7,6,0,0.566524,Synthetic assumed household; not measured Eatontown data
7,6,1,0.651419,Synthetic assumed household; not measured Eatontown data
7,6,2,0.609642,Synthetic assumed household; not measured Eatontown data
7,6,3,0.618051,Synthetic assumed household; not measured Eatontown data
7,6,4,0.646505,Synthetic assumed household; not measured Eatontown data
7,6,5,0.678645,Synthetic assumed household; not measured Eatontown data
7,6,6,0.776709,Synthetic assumed household; not measured Eatontown data
7,6,7,1.090336,Synthetic assumed household; not measured Eatontown data
7,6,8,1.518686,Synthetic assumed household; not measured Eatontown data
7,6,9,1.661912,Synthetic assumed household; not measured Eatontown data
7,6,10,1.549361,Synthetic assumed household; not measured Eatontown data
7,6,11,1.417621,Synthetic assumed household; not measured Eatontown data
7,6,12,1.063423,Synthetic assumed household; not measured Eatontown data
7,6,13,1.054112,Synthetic assumed household; not measured Eatontown data
7,6,14,0.987394,Synthetic assumed household; not measured Eatontown data
7,6,15,1.177473,Synthetic assumed household; not measured Eatontown data
7,6,16,1.518291,Synthetic assumed household; not measured Eatontown data
7,6,17,1.729725,Synthetic assumed household; not measured Eatontown data
7,6,18,2.130856,Synthetic assumed household; not measured Eatontown data
7,6,19,2.493871,Synthetic assumed household; not measured Eatontown data
7,6,20,2.221879,Synthetic assumed household; not measured Eatontown data
7,6,21,1.771318,Synthetic assumed household; not measured Eatontown data
7,6,22,1.134344,Synthetic assumed household; not measured Eatontown data
7,6,23,0.886236,Synthetic assumed household; not measured Eatontown data
7,7,0,0.691777,Synthetic assumed household; not measured Eatontown data
7,7,1,0.667315,Synthetic assumed household; not measured Eatontown data
7,7,2,0.779020,Synthetic assumed household; not measured Eatontown data
7,7,3,0.754792,Synthetic assumed household; not measured Eatontown data
7,7,4,1.017411,Synthetic assumed household; not measured Eatontown data
7,7,5,1.178374,Synthetic assumed household; not measured Eatontown data
7,7,6,1.792054,Synthetic assumed household; not measured Eatontown data
7,7,7,1.944126,Synthetic assumed household; not measured Eatontown data
7,7,8,1.761065,Synthetic assumed household; not measured Eatontown data
7,7,9,1.405693,Synthetic assumed household; not measured Eatontown data
7,7,10,1.231796,Synthetic assumed household; not measured Eatontown data
7,7,11,1.036970,Synthetic assumed household; not measured Eatontown data
7,7,12,1.127196,Synthetic assumed household; not measured Eatontown data
7,7,13,1.326213,Synthetic assumed household; not measured Eatontown data
7,7,14,1.280648,Synthetic assumed household; not measured Eatontown data
7,7,15,1.511781,Synthetic assumed household; not measured Eatontown data
7,7,16,1.665479,Synthetic assumed household; not measured Eatontown data
7,7,17,2.031570,Synthetic assumed household; not measured Eatontown data
7,7,18,2.445954,Synthetic assumed household; not measured Eatontown data
7,7,19,3.068711,Synthetic assumed household; not measured Eatontown data
7,7,20,2.450669,Synthetic assumed household; not measured Eatontown data
7,7,21,1.961458,Synthetic assumed household; not measured Eatontown data
7,7,22,1.486674,Synthetic assumed household; not measured Eatontown data
7,7,23,1.085443,Synthetic assumed household; not measured Eatontown data
7,8,0,0.548796,Synthetic assumed household; not measured Eatontown data
7,8,1,0.657538,Synthetic assumed household; not measured Eatontown data
7,8,2,0.662322,Synthetic assumed household; not measured Eatontown data
7,8,3,0.694539,Synthetic assumed household; not measured Eatontown data
7,8,4,0.824971,Synthetic assumed household; not measured Eatontown data
7,8,5,0.958065,Synthetic assumed household; not measured Eatontown data
7,8,6,1.487815,Synthetic assumed household; not measured Eatontown data
7,8,7,1.505284,Synthetic assumed household; not measured Eatontown data
7,8,8,1.486436,Synthetic assumed household; not measured Eatontown data
7,8,9,1.090259,Synthetic assumed household; not measured Eatontown data
7,8,10,0.941392,Synthetic assumed household; not measured Eatontown data
7,8,11,0.954625,Synthetic assumed household; not measured Eatontown data
7,8,12,0.912267,Synthetic assumed household; not measured Eatontown data
7,8,13,1.003606,Synthetic assumed household; not measured Eatontown data
7,8,14,0.984726,Synthetic assumed household; not measured Eatontown data
7,8,15,1.134351,Synthetic assumed household; not measured Eatontown data
7,8,16,1.457014,Synthetic assumed household; not measured Eatontown data
7,8,17,1.677892,Synthetic assumed household; not measured Eatontown data
7,8,18,2.313001,Synthetic assumed household; not measured Eatontown data
7,8,19,2.155399,Synthetic assumed household; not measured Eatontown data
7,8,20,2.191224,Synthetic assumed household; not measured Eatontown data
7,8,21,1.717934,Synthetic assumed household; not measured Eatontown data
7,8,22,1.062078,Synthetic assumed household; not measured Eatontown data
7,8,23,0.782935,Synthetic assumed household; not measured Eatontown data
7,9,0,0.675486,Synthetic assumed household; not measured Eatontown data
7,9,1,0.654586,Synthetic assumed household; not measured Eatontown data
7,9,2,0.588976,Synthetic assumed household; not measured Eatontown data
7,9,3,0.706793,Synthetic assumed household; not measured Eatontown data
7,9,4,0.740957,Synthetic assumed household; not measured Eatontown data
7,9,5,1.099786,Synthetic assumed household; not measured Eatontown data
7,9,6,1.448647,Synthetic assumed household; not measured Eatontown data
7,9,7,1.851743,Synthetic assumed household; not measured Eatontown data
7,9,8,1.642308,Synthetic assumed household; not measured Eatontown data
7,9,9,1.370566,Synthetic assumed household; not measured Eatontown data
7,9,10,0.957528,Synthetic assumed household; not measured Eatontown data
7,9,11,1.077953,Synthetic assumed household; not measured Eatontown data
7,9,12,1.058501,Synthetic assumed household; not measured Eatontown data
7,9,13,1.001858,Synthetic assumed household; not measured Eatontown data
7,9,14,1.070468,Synthetic assumed household; not measured Eatontown data
7,9,15,1.321378,Synthetic assumed household; not measured Eatontown data
7,9,16,1.358155,Synthetic assumed household; not measured Eatontown data
7,9,17,1.845093,Synthetic assumed household; not measured Eatontown data
7,9,18,2.530757,Synthetic assumed household; not measured Eatontown data
7,9,19,2.543944,Synthetic assumed household; not measured Eatontown data
7,9,20,2.141253,Synthetic assumed household; not measured Eatontown data
7,9,21,1.763385,Synthetic assumed household; not measured Eatontown data
7,9,22,1.228383,Synthetic assumed household; not measured Eatontown data
7,9,23,0.964157,Synthetic assumed household; not measured Eatontown data
7,10,0,0.556030,Synthetic assumed household; not measured Eatontown data
7,10,1,0.589933,Synthetic assumed household; not measured Eatontown data
7,10,2,0.573423,Synthetic assumed household; not measured Eatontown data
7,10,3,0.615334,Synthetic assumed household; not measured Eatontown data
7,10,4,0.701939,Synthetic assumed household; not measured Eatontown data
7,10,5,0.999975,Synthetic assumed household; not measured Eatontown data
7,10,6,1.350995,Synthetic assumed household; not measured Eatontown data
7,10,7,1.626250,Synthetic assumed household; not measured Eatontown data
7,10,8,1.382429,Synthetic assumed household; not measured Eatontown data
7,10,9,1.283647,Synthetic assumed household; not measured Eatontown data
7,10,10,0.971843,Synthetic assumed household; not measured Eatontown data
7,10,11,0.978363,Synthetic assumed household; not measured Eatontown data
7,10,12,0.966297,Synthetic assumed household; not measured Eatontown data
7,10,13,1.044550,Synthetic assumed household; not measured Eatontown data
7,10,14,1.084248,Synthetic assumed household; not measured Eatontown data
7,10,15,1.176041,Synthetic assumed household; not measured Eatontown data
7,10,16,1.226569,Synthetic assumed household; not measured Eatontown data
7,10,17,1.776285,Synthetic assumed household; not measured Eatontown data
7,10,18,2.067277,Synthetic assumed household; not measured Eatontown data
7,10,19,2.156916,Synthetic assumed household; not measured Eatontown data
7,10,20,2.261567,Synthetic assumed household; not measured Eatontown data
7,10,21,1.667738,Synthetic assumed household; not measured Eatontown data
7,10,22,1.042433,Synthetic assumed household; not measured Eatontown data
7,10,23,0.795558,Synthetic assumed household; not measured Eatontown data
7,11,0,0.796824,Synthetic assumed household; not measured Eatontown data
7,11,1,0.800044,Synthetic assumed household; not measured Eatontown data
7,11,2,0.746316,Synthetic assumed household; not measured Eatontown data
7,11,3,0.793235,Synthetic assumed household; not measured Eatontown data
7,11,4,0.933239,Synthetic assumed household; not measured Eatontown data
7,11,5,1.501952,Synthetic assumed household; not measured Eatontown data
7,11,6,2.004505,Synthetic assumed household; not measured Eatontown data
7,11,7,2.039140,Synthetic assumed household; not measured Eatontown data
7,11,8,1.958510,Synthetic assumed household; not measured Eatontown data
7,11,9,1.467629,Synthetic assumed household; not measured Eatontown data
7,11,10,1.199479,Synthetic assumed household; not measured Eatontown data
7,11,11,1.235630,Synthetic assumed household; not measured Eatontown data
7,11,12,1.329611,Synthetic assumed household; not measured Eatontown data
7,11,13,1.385858,Synthetic assumed household; not measured Eatontown data
7,11,14,1.287219,Synthetic assumed household; not measured Eatontown data
7,11,15,1.532687,Synthetic assumed household; not measured Eatontown data
7,11,16,1.810373,Synthetic assumed household; not measured Eatontown data
7,11,17,2.167507,Synthetic assumed household; not measured Eatontown data
7,11,18,3.162755,Synthetic assumed household; not measured Eatontown data
7,11,19,3.378757,Synthetic assumed household; not measured Eatontown data
7,11,20,2.590200,Synthetic assumed household; not measured Eatontown data
7,11,21,2.338132,Synthetic assumed household; not measured Eatontown data
7,11,22,1.637957,Synthetic assumed household; not measured Eatontown data
7,11,23,1.044643,Synthetic assumed household; not measured Eatontown data
7,12,0,0.759803,Synthetic assumed household; not measured Eatontown data
7,12,1,0.644136,Synthetic assumed household; not measured Eatontown data
7,12,2,0.672357,Synthetic assumed household; not measured Eatontown data
7,12,3,0.753037,Synthetic assumed household; not measured Eatontown data
7,12,4,0.742908,Synthetic assumed household; not measured Eatontown data
7,12,5,0.799753,Synthetic assumed household; not measured Eatontown data
7,12,6,0.991235,Synthetic assumed household; not measured Eatontown data
7,12,7,1.252974,Synthetic assumed household; not measured Eatontown data
7,12,8,1.706973,Synthetic assumed household; not measured Eatontown data
7,12,9,1.986423,Synthetic assumed household; not measured Eatontown data
7,12,10,2.057813,Synthetic assumed household; not measured Eatontown data
7,12,11,1.688921,Synthetic assumed household; not measured Eatontown data
7,12,12,1.422588,Synthetic assumed household; not measured Eatontown data
7,12,13,1.150497,Synthetic assumed household; not measured Eatontown data
7,12,14,1.273396,Synthetic assumed household; not measured Eatontown data
7,12,15,1.214726,Synthetic assumed household; not measured Eatontown data
7,12,16,1.510687,Synthetic assumed household; not measured Eatontown data
7,12,17,2.201951,Synthetic assumed household; not measured Eatontown data
7,12,18,2.632478,Synthetic assumed household; not measured Eatontown data
7,12,19,2.631938,Synthetic assumed household; not measured Eatontown data
7,12,20,2.528249,Synthetic assumed household; not measured Eatontown data
7,12,21,1.821812,Synthetic assumed household; not measured Eatontown data
7,12,22,1.280348,Synthetic assumed household; not measured Eatontown data
7,12,23,1.006529,Synthetic assumed household; not measured Eatontown data
7,13,0,0.681992,Synthetic assumed household; not measured Eatontown data
7,13,1,0.654291,Synthetic assumed household; not measured Eatontown data
7,13,2,0.658101,Synthetic assumed household; not measured Eatontown data
7,13,3,0.673574,Synthetic assumed household; not measured Eatontown data
7,13,4,0.698285,Synthetic assumed household; not measured Eatontown data
7,13,5,0.697838,Synthetic assumed household; not measured Eatontown data
7,13,6,0.929525,Synthetic assumed household; not measured Eatontown data
7,13,7,1.199723,Synthetic assumed household; not measured Eatontown data
7,13,8,1.519395,Synthetic assumed household; not measured Eatontown data
7,13,9,1.777896,Synthetic assumed household; not measured Eatontown data
7,13,10,1.617960,Synthetic assumed household; not measured Eatontown data
7,13,11,1.553816,Synthetic assumed household; not measured Eatontown data
7,13,12,1.114370,Synthetic assumed household; not measured Eatontown data
7,13,13,1.083623,Synthetic assumed household; not measured Eatontown data
7,13,14,1.117132,Synthetic assumed household; not measured Eatontown data
7,13,15,1.303047,Synthetic assumed household; not measured Eatontown data
7,13,16,1.668295,Synthetic assumed household; not measured Eatontown data
7,13,17,2.073830,Synthetic assumed household; not measured Eatontown data
7,13,18,2.216540,Synthetic assumed household; not measured Eatontown data
7,13,19,2.824634,Synthetic assumed household; not measured Eatontown data
7,13,20,2.580136,Synthetic assumed household; not measured Eatontown data
7,13,21,1.948282,Synthetic assumed household; not measured Eatontown data
7,13,22,1.272662,Synthetic assumed household; not measured Eatontown data
7,13,23,0.882505,Synthetic assumed household; not measured Eatontown data
7,14,0,0.643924,Synthetic assumed household; not measured Eatontown data
7,14,1,0.666353,Synthetic assumed household; not measured Eatontown data
7,14,2,0.624065,Synthetic assumed household; not measured Eatontown data
7,14,3,0.762493,Synthetic assumed household; not measured Eatontown data
7,14,4,0.851997,Synthetic assumed household; not measured Eatontown data
7,14,5,1.150096,Synthetic assumed household; not measured Eatontown data
7,14,6,1.648471,Synthetic assumed household; not measured Eatontown data
7,14,7,1.926644,Synthetic assumed household; not measured Eatontown data
7,14,8,1.722053,Synthetic assumed household; not measured Eatontown data
7,14,9,1.363804,Synthetic assumed household; not measured Eatontown data
7,14,10,1.209904,Synthetic assumed household; not measured Eatontown data
7,14,11,1.127835,Synthetic assumed household; not measured Eatontown data
7,14,12,1.096229,Synthetic assumed household; not measured Eatontown data
7,14,13,1.113761,Synthetic assumed household; not measured Eatontown data
7,14,14,1.241032,Synthetic assumed household; not measured Eatontown data
7,14,15,1.164152,Synthetic assumed household; not measured Eatontown data
7,14,16,1.723735,Synthetic assumed household; not measured Eatontown data
7,14,17,2.042585,Synthetic assumed household; not measured Eatontown data
7,14,18,2.452178,Synthetic assumed household; not measured Eatontown data
7,14,19,2.811534,Synthetic assumed household; not measured Eatontown data
7,14,20,2.454640,Synthetic assumed household; not measured Eatontown data
7,14,21,1.878870,Synthetic assumed household; not measured Eatontown data
7,14,22,1.350232,Synthetic assumed household; not measured Eatontown data
7,14,23,0.858602,Synthetic assumed household; not measured Eatontown data
7,15,0,0.631445,Synthetic assumed household; not measured Eatontown data
7,15,1,0.620309,Synthetic assumed household; not measured Eatontown data
7,15,2,0.695682,Synthetic assumed household; not measured Eatontown data
7,15,3,0.686704,Synthetic assumed household; not measured Eatontown data
7,15,4,0.816667,Synthetic assumed household; not measured Eatontown data
7,15,5,1.161162,Synthetic assumed household; not measured Eatontown data
7,15,6,1.395905,Synthetic assumed household; not measured Eatontown data
7,15,7,1.752206,Synthetic assumed household; not measured Eatontown data
7,15,8,1.491453,Synthetic assumed household; not measured Eatontown data
7,15,9,1.374651,Synthetic assumed household; not measured Eatontown data
7,15,10,1.059111,Synthetic assumed household; not measured Eatontown data
7,15,11,1.058794,Synthetic assumed household; not measured Eatontown data
7,15,12,0.957236,Synthetic assumed household; not measured Eatontown data
7,15,13,1.128374,Synthetic assumed household; not measured Eatontown data
7,15,14,1.203938,Synthetic assumed household; not measured Eatontown data
7,15,15,1.265550,Synthetic assumed household; not measured Eatontown data
7,15,16,1.381635,Synthetic assumed household; not measured Eatontown data
7,15,17,1.900478,Synthetic assumed household; not measured Eatontown data
7,15,18,2.356709,Synthetic assumed household; not measured Eatontown data
7,15,19,2.387989,Synthetic assumed household; not measured Eatontown data
7,15,20,2.347780,Synthetic assumed household; not measured Eatontown data
7,15,21,1.855511,Synthetic assumed household; not measured Eatontown data
7,15,22,1.175954,Synthetic assumed household; not measured Eatontown data
7,15,23,0.888672,Synthetic assumed household; not measured Eatontown data
7,16,0,0.661056,Synthetic assumed household; not measured Eatontown data
7,16,1,0.689508,Synthetic assumed household; not measured Eatontown data
7,16,2,0.683093,Synthetic assumed household; not measured Eatontown data
7,16,3,0.713378,Synthetic assumed household; not measured Eatontown data
7,16,4,0.757621,Synthetic assumed household; not measured Eatontown data
7,16,5,1.034935,Synthetic assumed household; not measured Eatontown data
7,16,6,1.498226,Synthetic assumed household; not measured Eatontown data
7,16,7,1.677480,Synthetic assumed household; not measured Eatontown data
7,16,8,1.594154,Synthetic assumed household; not measured Eatontown data
7,16,9,1.244147,Synthetic assumed household; not measured Eatontown data
7,16,10,1.117751,Synthetic assumed household; not measured Eatontown data
7,16,11,1.003500,Synthetic assumed household; not measured Eatontown data
7,16,12,1.116891,Synthetic assumed household; not measured Eatontown data
7,16,13,1.030007,Synthetic assumed household; not measured Eatontown data
7,16,14,1.067249,Synthetic assumed household; not measured Eatontown data
7,16,15,1.267309,Synthetic assumed household; not measured Eatontown data
7,16,16,1.593336,Synthetic assumed household; not measured Eatontown data
7,16,17,1.935096,Synthetic assumed household; not measured Eatontown data
7,16,18,2.425759,Synthetic assumed household; not measured Eatontown data
7,16,19,2.344047,Synthetic assumed household; not measured Eatontown data
7,16,20,2.445715,Synthetic assumed household; not measured Eatontown data
7,16,21,1.644983,Synthetic assumed household; not measured Eatontown data
7,16,22,1.287469,Synthetic assumed household; not measured Eatontown data
7,16,23,0.871502,Synthetic assumed household; not measured Eatontown data
7,17,0,0.684288,Synthetic assumed household; not measured Eatontown data
7,17,1,0.643369,Synthetic assumed household; not measured Eatontown data
7,17,2,0.674407,Synthetic assumed household; not measured Eatontown data
7,17,3,0.643887,Synthetic assumed household; not measured Eatontown data
7,17,4,0.774139,Synthetic assumed household; not measured Eatontown data
7,17,5,1.075957,Synthetic assumed household; not measured Eatontown data
7,17,6,1.581706,Synthetic assumed household; not measured Eatontown data
7,17,7,1.672436,Synthetic assumed household; not measured Eatontown data
7,17,8,1.604992,Synthetic assumed household; not measured Eatontown data
7,17,9,1.391537,Synthetic assumed household; not measured Eatontown data
7,17,10,1.086795,Synthetic assumed household; not measured Eatontown data
7,17,11,0.920271,Synthetic assumed household; not measured Eatontown data
7,17,12,1.125247,Synthetic assumed household; not measured Eatontown data
7,17,13,1.020318,Synthetic assumed household; not measured Eatontown data
7,17,14,1.135079,Synthetic assumed household; not measured Eatontown data
7,17,15,1.220911,Synthetic assumed household; not measured Eatontown data
7,17,16,1.474476,Synthetic assumed household; not measured Eatontown data
7,17,17,1.784447,Synthetic assumed household; not measured Eatontown data
7,17,18,2.445851,Synthetic assumed household; not measured Eatontown data
7,17,19,2.439656,Synthetic assumed household; not measured Eatontown data
7,17,20,2.345327,Synthetic assumed household; not measured Eatontown data
7,17,21,1.836050,Synthetic assumed household; not measured Eatontown data
7,17,22,1.274331,Synthetic assumed household; not measured Eatontown data
7,17,23,0.962263,Synthetic assumed household; not measured Eatontown data
7,18,0,0.554010,Synthetic assumed household; not measured Eatontown data
7,18,1,0.615111,Synthetic assumed household; not measured Eatontown data
7,18,2,0.547689,Synthetic assumed household; not measured Eatontown data
7,18,3,0.685093,Synthetic assumed household; not measured Eatontown data
7,18,4,0.792530,Synthetic assumed household; not measured Eatontown data
7,18,5,1.120728,Synthetic assumed household; not measured Eatontown data
7,18,6,1.359646,Synthetic assumed household; not measured Eatontown data
7,18,7,1.750204,Synthetic assumed household; not measured Eatontown data
7,18,8,1.351189,Synthetic assumed household; not measured Eatontown data
7,18,9,1.172426,Synthetic assumed household; not measured Eatontown data
7,18,10,0.925093,Synthetic assumed household; not measured Eatontown data
7,18,11,0.969397,Synthetic assumed household; not measured Eatontown data
7,18,12,0.980501,Synthetic assumed household; not measured Eatontown data
7,18,13,1.025965,Synthetic assumed household; not measured Eatontown data
7,18,14,1.042879,Synthetic assumed household; not measured Eatontown data
7,18,15,1.190557,Synthetic assumed household; not measured Eatontown data
7,18,16,1.288950,Synthetic assumed household; not measured Eatontown data
7,18,17,1.771963,Synthetic assumed household; not measured Eatontown data
7,18,18,2.235184,Synthetic assumed household; not measured Eatontown data
7,18,19,2.562853,Synthetic assumed household; not measured Eatontown data
7,18,20,1.958556,Synthetic assumed household; not measured Eatontown data
7,18,21,1.579424,Synthetic assumed household; not measured Eatontown data
7,18,22,1.125720,Synthetic assumed household; not measured Eatontown data
7,18,23,0.809033,Synthetic assumed household; not measured Eatontown data
7,19,0,0.591346,Synthetic assumed household; not measured Eatontown data
7,19,1,0.606224,Synthetic assumed household; not measured Eatontown data
7,19,2,0.575673,Synthetic assumed household; not measured Eatontown data
7,19,3,0.558322,Synthetic assumed household; not measured Eatontown data
7,19,4,0.635395,Synthetic assumed household; not measured Eatontown data
7,19,5,0.624103,Synthetic assumed household; not measured Eatontown data
7,19,6,0.797097,Synthetic assumed household; not measured Eatontown data
7,19,7,1.102613,Synthetic assumed household; not measured Eatontown data
7,19,8,1.554188,Synthetic assumed household; not measured Eatontown data
7,19,9,1.768033,Synthetic assumed household; not measured Eatontown data
7,19,10,1.502291,Synthetic assumed household; not measured Eatontown data
7,19,11,1.409228,Synthetic assumed household; not measured Eatontown data
7,19,12,1.155751,Synthetic assumed household; not measured Eatontown data
7,19,13,1.138114,Synthetic assumed household; not measured Eatontown data
7,19,14,1.034584,Synthetic assumed household; not measured Eatontown data
7,19,15,1.177472,Synthetic assumed household; not measured Eatontown data
7,19,16,1.508043,Synthetic assumed household; not measured Eatontown data
7,19,17,1.975659,Synthetic assumed household; not measured Eatontown data
7,19,18,2.121632,Synthetic assumed household; not measured Eatontown data
7,19,19,2.427615,Synthetic assumed household; not measured Eatontown data
7,19,20,2.068283,Synthetic assumed household; not measured Eatontown data
7,19,21,1.665493,Synthetic assumed household; not measured Eatontown data
7,19,22,1.279530,Synthetic assumed household; not measured Eatontown data
7,19,23,0.810549,Synthetic assumed household; not measured Eatontown data
7,20,0,0.620856,Synthetic assumed household; not measured Eatontown data
7,20,1,0.615692,Synthetic assumed household; not measured Eatontown data
7,20,2,0.629857,Synthetic assumed household; not measured Eatontown data
7,20,3,0.614582,Synthetic assumed household; not measured Eatontown data
7,20,4,0.584939,Synthetic assumed household; not measured Eatontown data
7,20,5,0.682480,Synthetic assumed household; not measured Eatontown data
7,20,6,0.843920,Synthetic assumed household; not measured Eatontown data
7,20,7,1.228636,Synthetic assumed household; not measured Eatontown data
7,20,8,1.375934,Synthetic assumed household; not measured Eatontown data
7,20,9,1.598822,Synthetic assumed household; not measured Eatontown data
7,20,10,1.707009,Synthetic assumed household; not measured Eatontown data
7,20,11,1.271548,Synthetic assumed household; not measured Eatontown data
7,20,12,1.231443,Synthetic assumed household; not measured Eatontown data
7,20,13,1.123207,Synthetic assumed household; not measured Eatontown data
7,20,14,1.166497,Synthetic assumed household; not measured Eatontown data
7,20,15,1.139511,Synthetic assumed household; not measured Eatontown data
7,20,16,1.370801,Synthetic assumed household; not measured Eatontown data
7,20,17,1.862104,Synthetic assumed household; not measured Eatontown data
7,20,18,2.326621,Synthetic assumed household; not measured Eatontown data
7,20,19,2.190496,Synthetic assumed household; not measured Eatontown data
7,20,20,2.062864,Synthetic assumed household; not measured Eatontown data
7,20,21,1.619319,Synthetic assumed household; not measured Eatontown data
7,20,22,1.258740,Synthetic assumed household; not measured Eatontown data
7,20,23,0.820389,Synthetic assumed household; not measured Eatontown data
7,21,0,0.667152,Synthetic assumed household; not measured Eatontown data
7,21,1,0.624123,Synthetic assumed household; not measured Eatontown data
7,21,2,0.726453,Synthetic assumed household; not measured Eatontown data
7,21,3,0.718868,Synthetic assumed household; not measured Eatontown data
7,21,4,0.929845,Synthetic assumed household; not measured Eatontown data
7,21,5,1.246370,Synthetic assumed household; not measured Eatontown data
7,21,6,1.489141,Synthetic assumed household; not measured Eatontown data
7,21,7,1.751843,Synthetic assumed household; not measured Eatontown data
7,21,8,1.664896,Synthetic assumed household; not measured Eatontown data
7,21,9,1.338584,Synthetic assumed household; not measured Eatontown data
7,21,10,1.186853,Synthetic assumed household; not measured Eatontown data
7,21,11,1.177942,Synthetic assumed household; not measured Eatontown data
7,21,12,1.179184,Synthetic assumed household; not measured Eatontown data
7,21,13,1.179982,Synthetic assumed household; not measured Eatontown data
7,21,14,1.183174,Synthetic assumed household; not measured Eatontown data
7,21,15,1.339654,Synthetic assumed household; not measured Eatontown data
7,21,16,1.724173,Synthetic assumed household; not measured Eatontown data
7,21,17,2.090004,Synthetic assumed household; not measured Eatontown data
7,21,18,2.469113,Synthetic assumed household; not measured Eatontown data
7,21,19,2.893104,Synthetic assumed household; not measured Eatontown data
7,21,20,2.431393,Synthetic assumed household; not measured Eatontown data
7,21,21,2.001996,Synthetic assumed household; not measured Eatontown data
7,21,22,1.431425,Synthetic assumed household; not measured Eatontown data
7,21,23,0.923462,Synthetic assumed household; not measured Eatontown data
7,22,0,0.709686,Synthetic assumed household; not measured Eatontown data
7,22,1,0.743263,Synthetic assumed household; not measured Eatontown data
7,22,2,0.702829,Synthetic assumed household; not measured Eatontown data
7,22,3,0.820487,Synthetic assumed household; not measured Eatontown data
7,22,4,1.005107,Synthetic assumed household; not measured Eatontown data
7,22,5,1.398773,Synthetic assumed household; not measured Eatontown data
7,22,6,1.700536,Synthetic assumed household; not measured Eatontown data
7,22,7,2.183795,Synthetic assumed household; not measured Eatontown data
7,22,8,1.755753,Synthetic assumed household; not measured Eatontown data
7,22,9,1.335968,Synthetic assumed household; not measured Eatontown data
7,22,10,1.340807,Synthetic assumed household; not measured Eatontown data
7,22,11,1.188103,Synthetic assumed household; not measured Eatontown data
7,22,12,1.267266,Synthetic assumed household; not measured Eatontown data
7,22,13,1.239159,Synthetic assumed household; not measured Eatontown data
7,22,14,1.237540,Synthetic assumed household; not measured Eatontown data
7,22,15,1.418642,Synthetic assumed household; not measured Eatontown data
7,22,16,1.827945,Synthetic assumed household; not measured Eatontown data
7,22,17,2.322014,Synthetic assumed household; not measured Eatontown data
7,22,18,2.832550,Synthetic assumed household; not measured Eatontown data
7,22,19,2.809010,Synthetic assumed household; not measured Eatontown data
7,22,20,2.389343,Synthetic assumed household; not measured Eatontown data
7,22,21,1.999592,Synthetic assumed household; not measured Eatontown data
7,22,22,1.428696,Synthetic assumed household; not measured Eatontown data
7,22,23,0.971403,Synthetic assumed household; not measured Eatontown data
7,23,0,0.741768,Synthetic assumed household; not measured Eatontown data
7,23,1,0.642751,Synthetic assumed household; not measured Eatontown data
7,23,2,0.661956,Synthetic assumed household; not measured Eatontown data
7,23,3,0.673879,Synthetic assumed household; not measured Eatontown data
7,23,4,0.925559,Synthetic assumed household; not measured Eatontown data
7,23,5,1.265198,Synthetic assumed household; not measured Eatontown data
7,23,6,1.751369,Synthetic assumed household; not measured Eatontown data
7,23,7,1.822649,Synthetic assumed household; not measured Eatontown data
7,23,8,1.534600,Synthetic assumed household; not measured Eatontown data
7,23,9,1.356551,Synthetic assumed household; not measured Eatontown data
7,23,10,1.128919,Synthetic assumed household; not measured Eatontown data
7,23,11,1.003723,Synthetic assumed household; not measured Eatontown data
7,23,12,1.187984,Synthetic assumed household; not measured Eatontown data
7,23,13,1.180670,Synthetic assumed household; not measured Eatontown data
7,23,14,1.174074,Synthetic assumed household; not measured Eatontown data
7,23,15,1.356337,Synthetic assumed household; not measured Eatontown data
7,23,16,1.460972,Synthetic assumed household; not measured Eatontown data
7,23,17,2.193244,Synthetic assumed household; not measured Eatontown data
7,23,18,2.674299,Synthetic assumed household; not measured Eatontown data
7,23,19,2.929762,Synthetic assumed household; not measured Eatontown data
7,23,20,2.520391,Synthetic assumed household; not measured Eatontown data
7,23,21,1.740776,Synthetic assumed household; not measured Eatontown data
7,23,22,1.379321,Synthetic assumed household; not measured Eatontown data
7,23,23,0.938972,Synthetic assumed household; not measured Eatontown data
7,24,0,0.737967,Synthetic assumed household; not measured Eatontown data
7,24,1,0.662799,Synthetic assumed household; not measured Eatontown data
7,24,2,0.808503,Synthetic assumed household; not measured Eatontown data
7,24,3,0.818292,Synthetic assumed household; not measured Eatontown data
7,24,4,0.963305,Synthetic assumed household; not measured Eatontown data
7,24,5,1.187296,Synthetic assumed household; not measured Eatontown data
7,24,6,1.735048,Synthetic assumed household; not measured Eatontown data
7,24,7,1.809689,Synthetic assumed household; not measured Eatontown data
7,24,8,1.838457,Synthetic assumed household; not measured Eatontown data
7,24,9,1.516547,Synthetic assumed household; not measured Eatontown data
7,24,10,1.173205,Synthetic assumed household; not measured Eatontown data
7,24,11,1.173258,Synthetic assumed household; not measured Eatontown data
7,24,12,1.138087,Synthetic assumed household; not measured Eatontown data
7,24,13,1.313718,Synthetic assumed household; not measured Eatontown data
7,24,14,1.216526,Synthetic assumed household; not measured Eatontown data
7,24,15,1.302647,Synthetic assumed household; not measured Eatontown data
7,24,16,1.622765,Synthetic assumed household; not measured Eatontown data
7,24,17,2.124489,Synthetic assumed household; not measured Eatontown data
7,24,18,2.680808,Synthetic assumed household; not measured Eatontown data
7,24,19,2.686144,Synthetic assumed household; not measured Eatontown data
7,24,20,2.444105,Synthetic assumed household; not measured Eatontown data
7,24,21,1.936749,Synthetic assumed household; not measured Eatontown data
7,24,22,1.287105,Synthetic assumed household; not measured Eatontown data
7,24,23,1.047281,Synthetic assumed household; not measured Eatontown data
7,25,0,0.652617,Synthetic assumed household; not measured Eatontown data
7,25,1,0.673544,Synthetic assumed household; not measured Eatontown data
7,25,2,0.676750,Synthetic assumed household; not measured Eatontown data
7,25,3,0.690994,Synthetic assumed household; not measured Eatontown data
7,25,4,0.928689,Synthetic assumed household; not measured Eatontown data
7,25,5,1.168344,Synthetic assumed household; not measured Eatontown data
7,25,6,1.564124,Synthetic assumed household; not measured Eatontown data
7,25,7,1.717190,Synthetic assumed household; not measured Eatontown data
7,25,8,1.766936,Synthetic assumed household; not measured Eatontown data
7,25,9,1.342291,Synthetic assumed household; not measured Eatontown data
7,25,10,1.137301,Synthetic assumed household; not measured Eatontown data
7,25,11,1.009600,Synthetic assumed household; not measured Eatontown data
7,25,12,1.109381,Synthetic assumed household; not measured Eatontown data
7,25,13,1.189915,Synthetic assumed household; not measured Eatontown data
7,25,14,1.096819,Synthetic assumed household; not measured Eatontown data
7,25,15,1.192930,Synthetic assumed household; not measured Eatontown data
7,25,16,1.579395,Synthetic assumed household; not measured Eatontown data
7,25,17,1.946518,Synthetic assumed household; not measured Eatontown data
7,25,18,2.609176,Synthetic assumed household; not measured Eatontown data
7,25,19,2.795657,Synthetic assumed household; not measured Eatontown data
7,25,20,2.647178,Synthetic assumed household; not measured Eatontown data
7,25,21,1.990660,Synthetic assumed household; not measured Eatontown data
7,25,22,1.376296,Synthetic assumed household; not measured Eatontown data
7,25,23,0.928393,Synthetic assumed household; not measured Eatontown data
7,26,0,0.788129,Synthetic assumed household; not measured Eatontown data
7,26,1,0.781903,Synthetic assumed household; not measured Eatontown data
7,26,2,0.761623,Synthetic assumed household; not measured Eatontown data
7,26,3,0.830701,Synthetic assumed household; not measured Eatontown data
7,26,4,0.809863,Synthetic assumed household; not measured Eatontown data
7,26,5,0.817718,Synthetic assumed household; not measured Eatontown data
7,26,6,0.925198,Synthetic assumed household; not measured Eatontown data
7,26,7,1.468700,Synthetic assumed household; not measured Eatontown data
7,26,8,2.042259,Synthetic assumed household; not measured Eatontown data
7,26,9,2.164654,Synthetic assumed household; not measured Eatontown data
7,26,10,2.034706,Synthetic assumed household; not measured Eatontown data
7,26,11,1.759928,Synthetic assumed household; not measured Eatontown data
7,26,12,1.479030,Synthetic assumed household; not measured Eatontown data
7,26,13,1.297411,Synthetic assumed household; not measured Eatontown data
7,26,14,1.237432,Synthetic assumed household; not measured Eatontown data
7,26,15,1.350438,Synthetic assumed household; not measured Eatontown data
7,26,16,1.874321,Synthetic assumed household; not measured Eatontown data
7,26,17,2.321306,Synthetic assumed household; not measured Eatontown data
7,26,18,3.022069,Synthetic assumed household; not measured Eatontown data
7,26,19,2.928453,Synthetic assumed household; not measured Eatontown data
7,26,20,2.812796,Synthetic assumed household; not measured Eatontown data
7,26,21,2.156484,Synthetic assumed household; not measured Eatontown data
7,26,22,1.551400,Synthetic assumed household; not measured Eatontown data
7,26,23,1.132287,Synthetic assumed household; not measured Eatontown data
7,27,0,0.616451,Synthetic assumed household; not measured Eatontown data
7,27,1,0.677124,Synthetic assumed household; not measured Eatontown data
7,27,2,0.660691,Synthetic assumed household; not measured Eatontown data
7,27,3,0.677661,Synthetic assumed household; not measured Eatontown data
7,27,4,0.647777,Synthetic assumed household; not measured Eatontown data
7,27,5,0.780766,Synthetic assumed household; not measured Eatontown data
7,27,6,0.917678,Synthetic assumed household; not measured Eatontown data
7,27,7,1.151327,Synthetic assumed household; not measured Eatontown data
7,27,8,1.561089,Synthetic assumed household; not measured Eatontown data
7,27,9,2.085217,Synthetic assumed household; not measured Eatontown data
7,27,10,1.957373,Synthetic assumed household; not measured Eatontown data
7,27,11,1.474423,Synthetic assumed household; not measured Eatontown data
7,27,12,1.315646,Synthetic assumed household; not measured Eatontown data
7,27,13,1.244616,Synthetic assumed household; not measured Eatontown data
7,27,14,1.184586,Synthetic assumed household; not measured Eatontown data
7,27,15,1.260982,Synthetic assumed household; not measured Eatontown data
7,27,16,1.546083,Synthetic assumed household; not measured Eatontown data
7,27,17,2.090849,Synthetic assumed household; not measured Eatontown data
7,27,18,2.536583,Synthetic assumed household; not measured Eatontown data
7,27,19,2.949157,Synthetic assumed household; not measured Eatontown data
7,27,20,2.377843,Synthetic assumed household; not measured Eatontown data
7,27,21,1.818975,Synthetic assumed household; not measured Eatontown data
7,27,22,1.402942,Synthetic assumed household; not measured Eatontown data
7,27,23,0.963912,Synthetic assumed household; not measured Eatontown data
7,28,0,0.739042,Synthetic assumed household; not measured Eatontown data
7,28,1,0.792920,Synthetic assumed household; not measured Eatontown data
7,28,2,0.765131,Synthetic assumed household; not measured Eatontown data
7,28,3,0.761437,Synthetic assumed household; not measured Eatontown data
7,28,4,0.994879,Synthetic assumed household; not measured Eatontown data
7,28,5,1.207562,Synthetic assumed household; not measured Eatontown data
7,28,6,1.933382,Synthetic assumed household; not measured Eatontown data
7,28,7,2.058488,Synthetic assumed household; not measured Eatontown data
7,28,8,1.860919,Synthetic assumed household; not measured Eatontown data
7,28,9,1.525508,Synthetic assumed household; not measured Eatontown data
7,28,10,1.232996,Synthetic assumed household; not measured Eatontown data
7,28,11,1.190385,Synthetic assumed household; not measured Eatontown data
7,28,12,1.282727,Synthetic assumed household; not measured Eatontown data
7,28,13,1.161054,Synthetic assumed household; not measured Eatontown data
7,28,14,1.403074,Synthetic assumed household; not measured Eatontown data
7,28,15,1.292760,Synthetic assumed household; not measured Eatontown data
7,28,16,1.595642,Synthetic assumed household; not measured Eatontown data
7,28,17,2.387436,Synthetic assumed household; not measured Eatontown data
7,28,18,2.914624,Synthetic assumed household; not measured Eatontown data
7,28,19,2.892355,Synthetic assumed household; not measured Eatontown data
7,28,20,2.675624,Synthetic assumed household; not measured Eatontown data
7,28,21,2.133576,Synthetic assumed household; not measured Eatontown data
7,28,22,1.333569,Synthetic assumed household; not measured Eatontown data
7,28,23,1.107728,Synthetic assumed household; not measured Eatontown data
7,29,0,0.831763,Synthetic assumed household; not measured Eatontown data
7,29,1,0.791813,Synthetic assumed household; not measured Eatontown data
7,29,2,0.701680,Synthetic assumed household; not measured Eatontown data
7,29,3,0.767977,Synthetic assumed household; not measured Eatontown data
7,29,4,0.921030,Synthetic assumed household; not measured Eatontown data
7,29,5,1.364311,Synthetic assumed household; not measured Eatontown data
7,29,6,1.789572,Synthetic assumed household; not measured Eatontown data
7,29,7,2.117687,Synthetic assumed household; not measured Eatontown data
7,29,8,1.801402,Synthetic assumed household; not measured Eatontown data
7,29,9,1.595740,Synthetic assumed household; not measured Eatontown data
7,29,10,1.230153,Synthetic assumed household; not measured Eatontown data
7,29,11,1.227393,Synthetic assumed household; not measured Eatontown data
7,29,12,1.341236,Synthetic assumed household; not measured Eatontown data
7,29,13,1.226331,Synthetic assumed household; not measured Eatontown data
7,29,14,1.439042,Synthetic assumed household; not measured Eatontown data
7,29,15,1.435143,Synthetic assumed household; not measured Eatontown data
7,29,16,1.951331,Synthetic assumed household; not measured Eatontown data
7,29,17,2.237307,Synthetic assumed household; not measured Eatontown data
7,29,18,2.608552,Synthetic assumed household; not measured Eatontown data
7,29,19,2.747371,Synthetic assumed household; not measured Eatontown data
7,29,20,3.021574,Synthetic assumed household; not measured Eatontown data
7,29,21,2.084517,Synthetic assumed household; not measured Eatontown data
7,29,22,1.381965,Synthetic assumed household; not measured Eatontown data
7,29,23,1.026767,Synthetic assumed household; not measured Eatontown data
7,30,0,0.668633,Synthetic assumed household; not measured Eatontown data
7,30,1,0.603872,Synthetic assumed household; not measured Eatontown data
7,30,2,0.697976,Synthetic assumed household; not measured Eatontown data
7,30,3,0.756524,Synthetic assumed household; not measured Eatontown data
7,30,4,0.828154,Synthetic assumed household; not measured Eatontown data
7,30,5,1.250694,Synthetic assumed household; not measured Eatontown data
7,30,6,1.689332,Synthetic assumed household; not measured Eatontown data
7,30,7,1.698891,Synthetic assumed household; not measured Eatontown data
7,30,8,1.716923,Synthetic assumed household; not measured Eatontown data
7,30,9,1.296706,Synthetic assumed household; not measured Eatontown data
7,30,10,1.058633,Synthetic assumed household; not measured Eatontown data
7,30,11,1.016877,Synthetic assumed household; not measured Eatontown data
7,30,12,1.040539,Synthetic assumed household; not measured Eatontown data
7,30,13,1.107834,Synthetic assumed household; not measured Eatontown data
7,30,14,1.174130,Synthetic assumed household; not measured Eatontown data
7,30,15,1.244693,Synthetic assumed household; not measured Eatontown data
7,30,16,1.435500,Synthetic assumed household; not measured Eatontown data
7,30,17,1.940773,Synthetic assumed household; not measured Eatontown data
7,30,18,2.652534,Synthetic assumed household; not measured Eatontown data
7,30,19,2.799681,Synthetic assumed household; not measured Eatontown data
7,30,20,2.205178,Synthetic assumed household; not measured Eatontown data
7,30,21,2.010239,Synthetic assumed household; not measured Eatontown data
7,30,22,1.328281,Synthetic assumed household; not measured Eatontown data
7,30,23,0.853862,Synthetic assumed household; not measured Eatontown data
7,31,0,0.542127,Synthetic assumed household; not measured Eatontown data
7,31,1,0.627768,Synthetic assumed household; not measured Eatontown data
7,31,2,0.606391,Synthetic assumed household; not measured Eatontown data
7,31,3,0.636315,Synthetic assumed household; not measured Eatontown data
7,31,4,0.848232,Synthetic assumed household; not measured Eatontown data
7,31,5,0.969561,Synthetic assumed household; not measured Eatontown data
7,31,6,1.467659,Synthetic assumed household; not measured Eatontown data
7,31,7,1.598840,Synthetic assumed household; not measured Eatontown data
7,31,8,1.482784,Synthetic assumed household; not measured Eatontown data
7,31,9,1.270293,Synthetic assumed household; not measured Eatontown data
7,31,10,1.016709,Synthetic assumed household; not measured Eatontown data
7,31,11,0.929932,Synthetic assumed household; not measured Eatontown data
7,31,12,0.904292,Synthetic assumed household; not measured Eatontown data
7,31,13,0.997178,Synthetic assumed household; not measured Eatontown data
7,31,14,1.041615,Synthetic assumed household; not measured Eatontown data
7,31,15,1.122721,Synthetic assumed household; not measured Eatontown data
7,31,16,1.347701,Synthetic assumed household; not measured Eatontown data
7,31,17,1.687763,Synthetic assumed household; not measured Eatontown data
7,31,18,2.262792,Synthetic assumed household; not measured Eatontown data
7,31,19,2.413460,Synthetic assumed household; not measured Eatontown data
7,31,20,2.296514,Synthetic assumed household; not measured Eatontown data
7,31,21,1.570178,Synthetic assumed household; not measured Eatontown data
7,31,22,1.164921,Synthetic assumed household; not measured Eatontown data
7,31,23,0.820245,Synthetic assumed household; not measured Eatontown data
8,1,0,0.679214,Synthetic assumed household; not measured Eatontown data
8,1,1,0.765650,Synthetic assumed household; not measured Eatontown data
8,1,2,0.716410,Synthetic assumed household; not measured Eatontown data
8,1,3,0.779858,Synthetic assumed household; not measured Eatontown data
8,1,4,0.828508,Synthetic assumed household; not measured Eatontown data
8,1,5,1.224626,Synthetic assumed household; not measured Eatontown data
8,1,6,1.722084,Synthetic assumed household; not measured Eatontown data
8,1,7,1.755059,Synthetic assumed household; not measured Eatontown data
8,1,8,1.819391,Synthetic assumed household; not measured Eatontown data
8,1,9,1.530992,Synthetic assumed household; not measured Eatontown data
8,1,10,1.269677,Synthetic assumed household; not measured Eatontown data
8,1,11,1.158501,Synthetic assumed household; not measured Eatontown data
8,1,12,1.115239,Synthetic assumed household; not measured Eatontown data
8,1,13,1.059391,Synthetic assumed household; not measured Eatontown data
8,1,14,1.291796,Synthetic assumed household; not measured Eatontown data
8,1,15,1.209765,Synthetic assumed household; not measured Eatontown data
8,1,16,1.604427,Synthetic assumed household; not measured Eatontown data
8,1,17,2.194686,Synthetic assumed household; not measured Eatontown data
8,1,18,2.813735,Synthetic assumed household; not measured Eatontown data
8,1,19,2.529350,Synthetic assumed household; not measured Eatontown data
8,1,20,2.563167,Synthetic assumed household; not measured Eatontown data
8,1,21,2.041555,Synthetic assumed household; not measured Eatontown data
8,1,22,1.302925,Synthetic assumed household; not measured Eatontown data
8,1,23,0.883968,Synthetic assumed household; not measured Eatontown data
8,2,0,0.691823,Synthetic assumed household; not measured Eatontown data
8,2,1,0.651344,Synthetic assumed household; not measured Eatontown data
8,2,2,0.657512,Synthetic assumed household; not measured Eatontown data
8,2,3,0.653760,Synthetic assumed household; not measured Eatontown data
8,2,4,0.699133,Synthetic assumed household; not measured Eatontown data
8,2,5,0.702493,Synthetic assumed household; not measured Eatontown data
8,2,6,0.945558,Synthetic assumed household; not measured Eatontown data
8,2,7,1.269696,Synthetic assumed household; not measured Eatontown data
8,2,8,1.564460,Synthetic assumed household; not measured Eatontown data
8,2,9,1.712992,Synthetic assumed household; not measured Eatontown data
8,2,10,1.930188,Synthetic assumed household; not measured Eatontown data
8,2,11,1.544777,Synthetic assumed household; not measured Eatontown data
8,2,12,1.286280,Synthetic assumed household; not measured Eatontown data
8,2,13,1.146981,Synthetic assumed household; not measured Eatontown data
8,2,14,1.034115,Synthetic assumed household; not measured Eatontown data
8,2,15,1.232481,Synthetic assumed household; not measured Eatontown data
8,2,16,1.415095,Synthetic assumed household; not measured Eatontown data
8,2,17,1.789995,Synthetic assumed household; not measured Eatontown data
8,2,18,2.657313,Synthetic assumed household; not measured Eatontown data
8,2,19,2.754947,Synthetic assumed household; not measured Eatontown data
8,2,20,2.403074,Synthetic assumed household; not measured Eatontown data
8,2,21,1.732493,Synthetic assumed household; not measured Eatontown data
8,2,22,1.165295,Synthetic assumed household; not measured Eatontown data
8,2,23,0.912851,Synthetic assumed household; not measured Eatontown data
8,3,0,0.725634,Synthetic assumed household; not measured Eatontown data
8,3,1,0.703680,Synthetic assumed household; not measured Eatontown data
8,3,2,0.726699,Synthetic assumed household; not measured Eatontown data
8,3,3,0.816815,Synthetic assumed household; not measured Eatontown data
8,3,4,0.698757,Synthetic assumed household; not measured Eatontown data
8,3,5,0.762847,Synthetic assumed household; not measured Eatontown data
8,3,6,0.937990,Synthetic assumed household; not measured Eatontown data
8,3,7,1.413974,Synthetic assumed household; not measured Eatontown data
8,3,8,1.760608,Synthetic assumed household; not measured Eatontown data
8,3,9,2.165017,Synthetic assumed household; not measured Eatontown data
8,3,10,2.189232,Synthetic assumed household; not measured Eatontown data
8,3,11,1.623598,Synthetic assumed household; not measured Eatontown data
8,3,12,1.483053,Synthetic assumed household; not measured Eatontown data
8,3,13,1.308425,Synthetic assumed household; not measured Eatontown data
8,3,14,1.392183,Synthetic assumed household; not measured Eatontown data
8,3,15,1.539852,Synthetic assumed household; not measured Eatontown data
8,3,16,1.700820,Synthetic assumed household; not measured Eatontown data
8,3,17,2.089160,Synthetic assumed household; not measured Eatontown data
8,3,18,2.605175,Synthetic assumed household; not measured Eatontown data
8,3,19,3.267587,Synthetic assumed household; not measured Eatontown data
8,3,20,2.529151,Synthetic assumed household; not measured Eatontown data
8,3,21,2.095298,Synthetic assumed household; not measured Eatontown data
8,3,22,1.618794,Synthetic assumed household; not measured Eatontown data
8,3,23,1.113751,Synthetic assumed household; not measured Eatontown data
8,4,0,0.624792,Synthetic assumed household; not measured Eatontown data
8,4,1,0.650718,Synthetic assumed household; not measured Eatontown data
8,4,2,0.603471,Synthetic assumed household; not measured Eatontown data
8,4,3,0.710743,Synthetic assumed household; not measured Eatontown data
8,4,4,0.788574,Synthetic assumed household; not measured Eatontown data
8,4,5,1.145616,Synthetic assumed household; not measured Eatontown data
8,4,6,1.580166,Synthetic assumed household; not measured Eatontown data
8,4,7,1.581569,Synthetic assumed household; not measured Eatontown data
8,4,8,1.471144,Synthetic assumed household; not measured Eatontown data
8,4,9,1.239476,Synthetic assumed household; not measured Eatontown data
8,4,10,1.007469,Synthetic assumed household; not measured Eatontown data
8,4,11,1.043376,Synthetic assumed household; not measured Eatontown data
8,4,12,1.069200,Synthetic assumed household; not measured Eatontown data
8,4,13,1.055330,Synthetic assumed household; not measured Eatontown data
8,4,14,1.059885,Synthetic assumed household; not measured Eatontown data
8,4,15,1.243803,Synthetic assumed household; not measured Eatontown data
8,4,16,1.454626,Synthetic assumed household; not measured Eatontown data
8,4,17,1.762567,Synthetic assumed household; not measured Eatontown data
8,4,18,2.507836,Synthetic assumed household; not measured Eatontown data
8,4,19,2.259050,Synthetic assumed household; not measured Eatontown data
8,4,20,2.455668,Synthetic assumed household; not measured Eatontown data
8,4,21,1.728173,Synthetic assumed household; not measured Eatontown data
8,4,22,1.270565,Synthetic assumed household; not measured Eatontown data
8,4,23,0.961032,Synthetic assumed household; not measured Eatontown data
8,5,0,0.656761,Synthetic assumed household; not measured Eatontown data
8,5,1,0.784716,Synthetic assumed household; not measured Eatontown data
8,5,2,0.752600,Synthetic assumed household; not measured Eatontown data
8,5,3,0.847228,Synthetic assumed household; not measured Eatontown data
8,5,4,0.917927,Synthetic assumed household; not measured Eatontown data
8,5,5,1.380350,Synthetic assumed household; not measured Eatontown data
8,5,6,1.842398,Synthetic assumed household; not measured Eatontown data
8,5,7,1.894429,Synthetic assumed household; not measured Eatontown data
8,5,8,1.718211,Synthetic assumed household; not measured Eatontown data
8,5,9,1.330486,Synthetic assumed household; not measured Eatontown data
8,5,10,1.236807,Synthetic assumed household; not measured Eatontown data
8,5,11,1.112432,Synthetic assumed household; not measured Eatontown data
8,5,12,1.227526,Synthetic assumed household; not measured Eatontown data
8,5,13,1.258777,Synthetic assumed household; not measured Eatontown data
8,5,14,1.300105,Synthetic assumed household; not measured Eatontown data
8,5,15,1.390435,Synthetic assumed household; not measured Eatontown data
8,5,16,1.569946,Synthetic assumed household; not measured Eatontown data
8,5,17,2.099038,Synthetic assumed household; not measured Eatontown data
8,5,18,2.771756,Synthetic assumed household; not measured Eatontown data
8,5,19,2.679600,Synthetic assumed household; not measured Eatontown data
8,5,20,2.611800,Synthetic assumed household; not measured Eatontown data
8,5,21,2.065729,Synthetic assumed household; not measured Eatontown data
8,5,22,1.495961,Synthetic assumed household; not measured Eatontown data
8,5,23,0.907888,Synthetic assumed household; not measured Eatontown data
8,6,0,0.554358,Synthetic assumed household; not measured Eatontown data
8,6,1,0.596424,Synthetic assumed household; not measured Eatontown data
8,6,2,0.575594,Synthetic assumed household; not measured Eatontown data
8,6,3,0.618370,Synthetic assumed household; not measured Eatontown data
8,6,4,0.727230,Synthetic assumed household; not measured Eatontown data
8,6,5,0.959512,Synthetic assumed household; not measured Eatontown data
8,6,6,1.314491,Synthetic assumed household; not measured Eatontown data
8,6,7,1.774083,Synthetic assumed household; not measured Eatontown data
8,6,8,1.547380,Synthetic assumed household; not measured Eatontown data
8,6,9,1.285277,Synthetic assumed household; not measured Eatontown data
8,6,10,1.088864,Synthetic assumed household; not measured Eatontown data
8,6,11,0.972910,Synthetic assumed household; not measured Eatontown data
8,6,12,1.009363,Synthetic assumed household; not measured Eatontown data
8,6,13,0.922389,Synthetic assumed household; not measured Eatontown data
8,6,14,1.107655,Synthetic assumed household; not measured Eatontown data
8,6,15,1.053231,Synthetic assumed household; not measured Eatontown data
8,6,16,1.435528,Synthetic assumed household; not measured Eatontown data
8,6,17,1.950756,Synthetic assumed household; not measured Eatontown data
8,6,18,2.252397,Synthetic assumed household; not measured Eatontown data
8,6,19,2.606175,Synthetic assumed household; not measured Eatontown data
8,6,20,2.324532,Synthetic assumed household; not measured Eatontown data
8,6,21,1.727417,Synthetic assumed household; not measured Eatontown data
8,6,22,1.110359,Synthetic assumed household; not measured Eatontown data
8,6,23,0.832083,Synthetic assumed household; not measured Eatontown data
8,7,0,0.794712,Synthetic assumed household; not measured Eatontown data
8,7,1,0.839860,Synthetic assumed household; not measured Eatontown data
8,7,2,0.748192,Synthetic assumed household; not measured Eatontown data
8,7,3,0.818065,Synthetic assumed household; not measured Eatontown data
8,7,4,1.075390,Synthetic assumed household; not measured Eatontown data
8,7,5,1.435632,Synthetic assumed household; not measured Eatontown data
8,7,6,1.773376,Synthetic assumed household; not measured Eatontown data
8,7,7,1.953212,Synthetic assumed household; not measured Eatontown data
8,7,8,1.762847,Synthetic assumed household; not measured Eatontown data
8,7,9,1.632700,Synthetic assumed household; not measured Eatontown data
8,7,10,1.252832,Synthetic assumed household; not measured Eatontown data
8,7,11,1.175285,Synthetic assumed household; not measured Eatontown data
8,7,12,1.135080,Synthetic assumed household; not measured Eatontown data
8,7,13,1.398953,Synthetic assumed household; not measured Eatontown data
8,7,14,1.265454,Synthetic assumed household; not measured Eatontown data
8,7,15,1.443493,Synthetic assumed household; not measured Eatontown data
8,7,16,1.784850,Synthetic assumed household; not measured Eatontown data
8,7,17,2.518778,Synthetic assumed household; not measured Eatontown data
8,7,18,2.918141,Synthetic assumed household; not measured Eatontown data
8,7,19,2.864366,Synthetic assumed household; not measured Eatontown data
8,7,20,2.762033,Synthetic assumed household; not measured Eatontown data
8,7,21,1.983002,Synthetic assumed household; not measured Eatontown data
8,7,22,1.580719,Synthetic assumed household; not measured Eatontown data
8,7,23,1.015210,Synthetic assumed household; not measured Eatontown data
8,8,0,0.770925,Synthetic assumed household; not measured Eatontown data
8,8,1,0.743936,Synthetic assumed household; not measured Eatontown data
8,8,2,0.664107,Synthetic assumed household; not measured Eatontown data
8,8,3,0.699288,Synthetic assumed household; not measured Eatontown data
8,8,4,0.929563,Synthetic assumed household; not measured Eatontown data
8,8,5,1.191918,Synthetic assumed household; not measured Eatontown data
8,8,6,1.674739,Synthetic assumed household; not measured Eatontown data
8,8,7,2.082330,Synthetic assumed household; not measured Eatontown data
8,8,8,1.650140,Synthetic assumed household; not measured Eatontown data
8,8,9,1.464732,Synthetic assumed household; not measured Eatontown data
8,8,10,1.283841,Synthetic assumed household; not measured Eatontown data
8,8,11,1.156780,Synthetic assumed household; not measured Eatontown data
8,8,12,1.092713,Synthetic assumed household; not measured Eatontown data
8,8,13,1.228073,Synthetic assumed household; not measured Eatontown data
8,8,14,1.322011,Synthetic assumed household; not measured Eatontown data
8,8,15,1.365522,Synthetic assumed household; not measured Eatontown data
8,8,16,1.651626,Synthetic assumed household; not measured Eatontown data
8,8,17,2.324615,Synthetic assumed household; not measured Eatontown data
8,8,18,2.624675,Synthetic assumed household; not measured Eatontown data
8,8,19,2.783323,Synthetic assumed household; not measured Eatontown data
8,8,20,2.723177,Synthetic assumed household; not measured Eatontown data
8,8,21,2.076874,Synthetic assumed household; not measured Eatontown data
8,8,22,1.460438,Synthetic assumed household; not measured Eatontown data
8,8,23,0.998758,Synthetic assumed household; not measured Eatontown data
8,9,0,0.632790,Synthetic assumed household; not measured Eatontown data
8,9,1,0.617092,Synthetic assumed household; not measured Eatontown data
8,9,2,0.578489,Synthetic assumed household; not measured Eatontown data
8,9,3,0.590135,Synthetic assumed household; not measured Eatontown data
8,9,4,0.642680,Synthetic assumed household; not measured Eatontown data
8,9,5,0.614012,Synthetic assumed household; not measured Eatontown data
8,9,6,0.794298,Synthetic assumed household; not measured Eatontown data
8,9,7,1.039609,Synthetic assumed household; not measured Eatontown data
8,9,8,1.484090,Synthetic assumed household; not measured Eatontown data
8,9,9,1.825139,Synthetic assumed household; not measured Eatontown data
8,9,10,1.446428,Synthetic assumed household; not measured Eatontown data
8,9,11,1.311509,Synthetic assumed household; not measured Eatontown data
8,9,12,1.189602,Synthetic assumed household; not measured Eatontown data
8,9,13,0.918431,Synthetic assumed household; not measured Eatontown data
8,9,14,0.995334,Synthetic assumed household; not measured Eatontown data
8,9,15,1.155369,Synthetic assumed household; not measured Eatontown data
8,9,16,1.381101,Synthetic assumed household; not measured Eatontown data
8,9,17,1.628051,Synthetic assumed household; not measured Eatontown data
8,9,18,1.944838,Synthetic assumed household; not measured Eatontown data
8,9,19,2.243620,Synthetic assumed household; not measured Eatontown data
8,9,20,1.947363,Synthetic assumed household; not measured Eatontown data
8,9,21,1.664693,Synthetic assumed household; not measured Eatontown data
8,9,22,1.214763,Synthetic assumed household; not measured Eatontown data
8,9,23,0.828255,Synthetic assumed household; not measured Eatontown data
8,10,0,0.597710,Synthetic assumed household; not measured Eatontown data
8,10,1,0.669250,Synthetic assumed household; not measured Eatontown data
8,10,2,0.683063,Synthetic assumed household; not measured Eatontown data
8,10,3,0.607189,Synthetic assumed household; not measured Eatontown data
8,10,4,0.623566,Synthetic assumed household; not measured Eatontown data
8,10,5,0.741170,Synthetic assumed household; not measured Eatontown data
8,10,6,0.877203,Synthetic assumed household; not measured Eatontown data
8,10,7,1.189282,Synthetic assumed household; not measured Eatontown data
8,10,8,1.482628,Synthetic assumed household; not measured Eatontown data
8,10,9,1.893680,Synthetic assumed household; not measured Eatontown data
8,10,10,1.702130,Synthetic assumed household; not measured Eatontown data
8,10,11,1.473478,Synthetic assumed household; not measured Eatontown data
8,10,12,1.305691,Synthetic assumed household; not measured Eatontown data
8,10,13,1.115100,Synthetic assumed household; not measured Eatontown data
8,10,14,1.239322,Synthetic assumed household; not measured Eatontown data
8,10,15,1.118413,Synthetic assumed household; not measured Eatontown data
8,10,16,1.373489,Synthetic assumed household; not measured Eatontown data
8,10,17,2.068430,Synthetic assumed household; not measured Eatontown data
8,10,18,2.186997,Synthetic assumed household; not measured Eatontown data
8,10,19,2.383759,Synthetic assumed household; not measured Eatontown data
8,10,20,2.475543,Synthetic assumed household; not measured Eatontown data
8,10,21,1.860251,Synthetic assumed household; not measured Eatontown data
8,10,22,1.254161,Synthetic assumed household; not measured Eatontown data
8,10,23,0.939279,Synthetic assumed household; not measured Eatontown data
8,11,0,0.702693,Synthetic assumed household; not measured Eatontown data
8,11,1,0.768883,Synthetic assumed household; not measured Eatontown data
8,11,2,0.830538,Synthetic assumed household; not measured Eatontown data
8,11,3,0.736248,Synthetic assumed household; not measured Eatontown data
8,11,4,0.902873,Synthetic assumed household; not measured Eatontown data
8,11,5,1.372250,Synthetic assumed household; not measured Eatontown data
8,11,6,1.786368,Synthetic assumed household; not measured Eatontown data
8,11,7,2.218613,Synthetic assumed household; not measured Eatontown data
8,11,8,1.712340,Synthetic assumed household; not measured Eatontown data
8,11,9,1.572834,Synthetic assumed household; not measured Eatontown data
8,11,10,1.161224,Synthetic assumed household; not measured Eatontown data
8,11,11,1.110565,Synthetic assumed household; not measured Eatontown data
8,11,12,1.106940,Synthetic assumed household; not measured Eatontown data
8,11,13,1.204829,Synthetic assumed household; not measured Eatontown data
8,11,14,1.374149,Synthetic assumed household; not measured Eatontown data
8,11,15,1.415290,Synthetic assumed household; not measured Eatontown data
8,11,16,1.632274,Synthetic assumed household; not measured Eatontown data
8,11,17,2.308716,Synthetic assumed household; not measured Eatontown data
8,11,18,2.967921,Synthetic assumed household; not measured Eatontown data
8,11,19,2.756405,Synthetic assumed household; not measured Eatontown data
8,11,20,2.702289,Synthetic assumed household; not measured Eatontown data
8,11,21,2.211627,Synthetic assumed household; not measured Eatontown data
8,11,22,1.384223,Synthetic assumed household; not measured Eatontown data
8,11,23,1.115485,Synthetic assumed household; not measured Eatontown data
8,12,0,0.704532,Synthetic assumed household; not measured Eatontown data
8,12,1,0.728247,Synthetic assumed household; not measured Eatontown data
8,12,2,0.695732,Synthetic assumed household; not measured Eatontown data
8,12,3,0.687017,Synthetic assumed household; not measured Eatontown data
8,12,4,0.934725,Synthetic assumed household; not measured Eatontown data
8,12,5,1.186024,Synthetic assumed household; not measured Eatontown data
8,12,6,1.462338,Synthetic assumed household; not measured Eatontown data
8,12,7,1.917624,Synthetic assumed household; not measured Eatontown data
8,12,8,1.749692,Synthetic assumed household; not measured Eatontown data
8,12,9,1.396940,Synthetic assumed household; not measured Eatontown data
8,12,10,1.120824,Synthetic assumed household; not measured Eatontown data
8,12,11,1.008629,Synthetic assumed household; not measured Eatontown data
8,12,12,0.986508,Synthetic assumed household; not measured Eatontown data
8,12,13,1.020767,Synthetic assumed household; not measured Eatontown data
8,12,14,1.119653,Synthetic assumed household; not measured Eatontown data
8,12,15,1.302158,Synthetic assumed household; not measured Eatontown data
8,12,16,1.549774,Synthetic assumed household; not measured Eatontown data
8,12,17,1.965373,Synthetic assumed household; not measured Eatontown data
8,12,18,2.657333,Synthetic assumed household; not measured Eatontown data
8,12,19,2.384418,Synthetic assumed household; not measured Eatontown data
8,12,20,2.182914,Synthetic assumed household; not measured Eatontown data
8,12,21,1.958463,Synthetic assumed household; not measured Eatontown data
8,12,22,1.315563,Synthetic assumed household; not measured Eatontown data
8,12,23,0.973950,Synthetic assumed household; not measured Eatontown data
8,13,0,0.577048,Synthetic assumed household; not measured Eatontown data
8,13,1,0.522207,Synthetic assumed household; not measured Eatontown data
8,13,2,0.548443,Synthetic assumed household; not measured Eatontown data
8,13,3,0.570117,Synthetic assumed household; not measured Eatontown data
8,13,4,0.767151,Synthetic assumed household; not measured Eatontown data
8,13,5,1.098015,Synthetic assumed household; not measured Eatontown data
8,13,6,1.352399,Synthetic assumed household; not measured Eatontown data
8,13,7,1.663754,Synthetic assumed household; not measured Eatontown data
8,13,8,1.520430,Synthetic assumed household; not measured Eatontown data
8,13,9,1.201991,Synthetic assumed household; not measured Eatontown data
8,13,10,0.903476,Synthetic assumed household; not measured Eatontown data
8,13,11,0.935259,Synthetic assumed household; not measured Eatontown data
8,13,12,0.935519,Synthetic assumed household; not measured Eatontown data
8,13,13,0.942426,Synthetic assumed household; not measured Eatontown data
8,13,14,1.080653,Synthetic assumed household; not measured Eatontown data
8,13,15,1.117197,Synthetic assumed household; not measured Eatontown data
8,13,16,1.213964,Synthetic assumed household; not measured Eatontown data
8,13,17,1.624707,Synthetic assumed household; not measured Eatontown data
8,13,18,2.136220,Synthetic assumed household; not measured Eatontown data
8,13,19,2.496741,Synthetic assumed household; not measured Eatontown data
8,13,20,2.122535,Synthetic assumed household; not measured Eatontown data
8,13,21,1.687778,Synthetic assumed household; not measured Eatontown data
8,13,22,1.088244,Synthetic assumed household; not measured Eatontown data
8,13,23,0.725173,Synthetic assumed household; not measured Eatontown data
8,14,0,0.574394,Synthetic assumed household; not measured Eatontown data
8,14,1,0.626657,Synthetic assumed household; not measured Eatontown data
8,14,2,0.579051,Synthetic assumed household; not measured Eatontown data
8,14,3,0.649330,Synthetic assumed household; not measured Eatontown data
8,14,4,0.842231,Synthetic assumed household; not measured Eatontown data
8,14,5,1.104337,Synthetic assumed household; not measured Eatontown data
8,14,6,1.395646,Synthetic assumed household; not measured Eatontown data
8,14,7,1.776114,Synthetic assumed household; not measured Eatontown data
8,14,8,1.599428,Synthetic assumed household; not measured Eatontown data
8,14,9,1.188684,Synthetic assumed household; not measured Eatontown data
8,14,10,0.968710,Synthetic assumed household; not measured Eatontown data
8,14,11,1.036116,Synthetic assumed household; not measured Eatontown data
8,14,12,1.038193,Synthetic assumed household; not measured Eatontown data
8,14,13,1.127943,Synthetic assumed household; not measured Eatontown data
8,14,14,1.062695,Synthetic assumed household; not measured Eatontown data
8,14,15,1.098992,Synthetic assumed household; not measured Eatontown data
8,14,16,1.486985,Synthetic assumed household; not measured Eatontown data
8,14,17,1.695547,Synthetic assumed household; not measured Eatontown data
8,14,18,2.363122,Synthetic assumed household; not measured Eatontown data
8,14,19,2.356502,Synthetic assumed household; not measured Eatontown data
8,14,20,2.196142,Synthetic assumed household; not measured Eatontown data
8,14,21,1.660461,Synthetic assumed household; not measured Eatontown data
8,14,22,1.280270,Synthetic assumed household; not measured Eatontown data
8,14,23,0.910059,Synthetic assumed household; not measured Eatontown data
8,15,0,0.609734,Synthetic assumed household; not measured Eatontown data
8,15,1,0.632128,Synthetic assumed household; not measured Eatontown data
8,15,2,0.551065,Synthetic assumed household; not measured Eatontown data
8,15,3,0.660263,Synthetic assumed household; not measured Eatontown data
8,15,4,0.746440,Synthetic assumed household; not measured Eatontown data
8,15,5,0.946104,Synthetic assumed household; not measured Eatontown data
8,15,6,1.492347,Synthetic assumed household; not measured Eatontown data
8,15,7,1.645857,Synthetic assumed household; not measured Eatontown data
8,15,8,1.476699,Synthetic assumed household; not measured Eatontown data
8,15,9,1.123363,Synthetic assumed household; not measured Eatontown data
8,15,10,0.907050,Synthetic assumed household; not measured Eatontown data
8,15,11,0.947214,Synthetic assumed household; not measured Eatontown data
8,15,12,0.903732,Synthetic assumed household; not measured Eatontown data
8,15,13,1.018438,Synthetic assumed household; not measured Eatontown data
8,15,14,0.964357,Synthetic assumed household; not measured Eatontown data
8,15,15,1.010734,Synthetic assumed household; not measured Eatontown data
8,15,16,1.409031,Synthetic assumed household; not measured Eatontown data
8,15,17,1.874533,Synthetic assumed household; not measured Eatontown data
8,15,18,2.094626,Synthetic assumed household; not measured Eatontown data
8,15,19,2.174477,Synthetic assumed household; not measured Eatontown data
8,15,20,2.069269,Synthetic assumed household; not measured Eatontown data
8,15,21,1.601331,Synthetic assumed household; not measured Eatontown data
8,15,22,1.216756,Synthetic assumed household; not measured Eatontown data
8,15,23,0.751913,Synthetic assumed household; not measured Eatontown data
8,16,0,0.752046,Synthetic assumed household; not measured Eatontown data
8,16,1,0.741898,Synthetic assumed household; not measured Eatontown data
8,16,2,0.704265,Synthetic assumed household; not measured Eatontown data
8,16,3,0.795251,Synthetic assumed household; not measured Eatontown data
8,16,4,0.793870,Synthetic assumed household; not measured Eatontown data
8,16,5,0.905180,Synthetic assumed household; not measured Eatontown data
8,16,6,0.942912,Synthetic assumed household; not measured Eatontown data
8,16,7,1.284128,Synthetic assumed household; not measured Eatontown data
8,16,8,1.964139,Synthetic assumed household; not measured Eatontown data
8,16,9,1.994334,Synthetic assumed household; not measured Eatontown data
8,16,10,1.911088,Synthetic assumed household; not measured Eatontown data
8,16,11,1.823733,Synthetic assumed household; not measured Eatontown data
8,16,12,1.413065,Synthetic assumed household; not measured Eatontown data
8,16,13,1.225281,Synthetic assumed household; not measured Eatontown data
8,16,14,1.271611,Synthetic assumed household; not measured Eatontown data
8,16,15,1.545847,Synthetic assumed household; not measured Eatontown data
8,16,16,1.791239,Synthetic assumed household; not measured Eatontown data
8,16,17,2.408928,Synthetic assumed household; not measured Eatontown data
8,16,18,2.879751,Synthetic assumed household; not measured Eatontown data
8,16,19,3.071703,Synthetic assumed household; not measured Eatontown data
8,16,20,2.536072,Synthetic assumed household; not measured Eatontown data
8,16,21,2.292674,Synthetic assumed household; not measured Eatontown data
8,16,22,1.576928,Synthetic assumed household; not measured Eatontown data
8,16,23,0.968596,Synthetic assumed household; not measured Eatontown data
8,17,0,0.741241,Synthetic assumed household; not measured Eatontown data
8,17,1,0.816617,Synthetic assumed household; not measured Eatontown data
8,17,2,0.757065,Synthetic assumed household; not measured Eatontown data
8,17,3,0.795923,Synthetic assumed household; not measured Eatontown data
8,17,4,0.723668,Synthetic assumed household; not measured Eatontown data
8,17,5,0.846322,Synthetic assumed household; not measured Eatontown data
8,17,6,1.027801,Synthetic assumed household; not measured Eatontown data
8,17,7,1.289444,Synthetic assumed household; not measured Eatontown data
8,17,8,1.787515,Synthetic assumed household; not measured Eatontown data
8,17,9,2.174754,Synthetic assumed household; not measured Eatontown data
8,17,10,2.175463,Synthetic assumed household; not measured Eatontown data
8,17,11,1.698510,Synthetic assumed household; not measured Eatontown data
8,17,12,1.296843,Synthetic assumed household; not measured Eatontown data
8,17,13,1.302740,Synthetic assumed household; not measured Eatontown data
8,17,14,1.157754,Synthetic assumed household; not measured Eatontown data
8,17,15,1.539530,Synthetic assumed household; not measured Eatontown data
8,17,16,1.559772,Synthetic assumed household; not measured Eatontown data
8,17,17,2.215871,Synthetic assumed household; not measured Eatontown data
8,17,18,2.890563,Synthetic assumed household; not measured Eatontown data
8,17,19,2.666855,Synthetic assumed household; not measured Eatontown data
8,17,20,2.674491,Synthetic assumed household; not measured Eatontown data
8,17,21,2.042846,Synthetic assumed household; not measured Eatontown data
8,17,22,1.527183,Synthetic assumed household; not measured Eatontown data
8,17,23,1.100035,Synthetic assumed household; not measured Eatontown data
8,18,0,0.625642,Synthetic assumed household; not measured Eatontown data
8,18,1,0.668596,Synthetic assumed household; not measured Eatontown data
8,18,2,0.603219,Synthetic assumed household; not measured Eatontown data
8,18,3,0.741324,Synthetic assumed household; not measured Eatontown data
8,18,4,0.925640,Synthetic assumed household; not measured Eatontown data
8,18,5,1.077033,Synthetic assumed household; not measured Eatontown data
8,18,6,1.504731,Synthetic assumed household; not measured Eatontown data
8,18,7,1.840518,Synthetic assumed household; not measured Eatontown data
8,18,8,1.509913,Synthetic assumed household; not measured Eatontown data
8,18,9,1.314839,Synthetic assumed household; not measured Eatontown data
8,18,10,1.052093,Synthetic assumed household; not measured Eatontown data
8,18,11,1.079911,Synthetic assumed household; not measured Eatontown data
8,18,12,1.138162,Synthetic assumed household; not measured Eatontown data
8,18,13,1.148277,Synthetic assumed household; not measured Eatontown data
8,18,14,1.025481,Synthetic assumed household; not measured Eatontown data
8,18,15,1.235431,Synthetic assumed household; not measured Eatontown data
8,18,16,1.608662,Synthetic assumed household; not measured Eatontown data
8,18,17,2.127984,Synthetic assumed household; not measured Eatontown data
8,18,18,2.390463,Synthetic assumed household; not measured Eatontown data
8,18,19,2.763903,Synthetic assumed household; not measured Eatontown data
8,18,20,2.299679,Synthetic assumed household; not measured Eatontown data
8,18,21,1.809056,Synthetic assumed household; not measured Eatontown data
8,18,22,1.314339,Synthetic assumed household; not measured Eatontown data
8,18,23,0.984260,Synthetic assumed household; not measured Eatontown data
8,19,0,0.627533,Synthetic assumed household; not measured Eatontown data
8,19,1,0.563147,Synthetic assumed household; not measured Eatontown data
8,19,2,0.534188,Synthetic assumed household; not measured Eatontown data
8,19,3,0.615338,Synthetic assumed household; not measured Eatontown data
8,19,4,0.714200,Synthetic assumed household; not measured Eatontown data
8,19,5,1.116218,Synthetic assumed household; not measured Eatontown data
8,19,6,1.394790,Synthetic assumed household; not measured Eatontown data
8,19,7,1.668879,Synthetic assumed household; not measured Eatontown data
8,19,8,1.533227,Synthetic assumed household; not measured Eatontown data
8,19,9,1.066322,Synthetic assumed household; not measured Eatontown data
8,19,10,1.038714,Synthetic assumed household; not measured Eatontown data
8,19,11,0.957985,Synthetic assumed household; not measured Eatontown data
8,19,12,0.852998,Synthetic assumed household; not measured Eatontown data
8,19,13,1.050522,Synthetic assumed household; not measured Eatontown data
8,19,14,1.033991,Synthetic assumed household; not measured Eatontown data
8,19,15,1.184362,Synthetic assumed household; not measured Eatontown data
8,19,16,1.240409,Synthetic assumed household; not measured Eatontown data
8,19,17,1.698479,Synthetic assumed household; not measured Eatontown data
8,19,18,2.199265,Synthetic assumed household; not measured Eatontown data
8,19,19,2.241210,Synthetic assumed household; not measured Eatontown data
8,19,20,1.946154,Synthetic assumed household; not measured Eatontown data
8,19,21,1.625216,Synthetic assumed household; not measured Eatontown data
8,19,22,1.030870,Synthetic assumed household; not measured Eatontown data
8,19,23,0.843269,Synthetic assumed household; not measured Eatontown data
8,20,0,0.665437,Synthetic assumed household; not measured Eatontown data
8,20,1,0.576133,Synthetic assumed household; not measured Eatontown data
8,20,2,0.567320,Synthetic assumed household; not measured Eatontown data
8,20,3,0.648907,Synthetic assumed household; not measured Eatontown data
8,20,4,0.849783,Synthetic assumed household; not measured Eatontown data
8,20,5,1.086411,Synthetic assumed household; not measured Eatontown data
8,20,6,1.575602,Synthetic assumed household; not measured Eatontown data
8,20,7,1.549031,Synthetic assumed household; not measured Eatontown data
8,20,8,1.586878,Synthetic assumed household; not measured Eatontown data
8,20,9,1.147705,Synthetic assumed household; not measured Eatontown data
8,20,10,0.977431,Synthetic assumed household; not measured Eatontown data
8,20,11,0.910150,Synthetic assumed household; not measured Eatontown data
8,20,12,1.012238,Synthetic assumed household; not measured Eatontown data
8,20,13,0.961627,Synthetic assumed household; not measured Eatontown data
8,20,14,0.951431,Synthetic assumed household; not measured Eatontown data
8,20,15,1.111295,Synthetic assumed household; not measured Eatontown data
8,20,16,1.399591,Synthetic assumed household; not measured Eatontown data
8,20,17,1.830891,Synthetic assumed household; not measured Eatontown data
8,20,18,2.072212,Synthetic assumed household; not measured Eatontown data
8,20,19,2.503965,Synthetic assumed household; not measured Eatontown data
8,20,20,2.249133,Synthetic assumed household; not measured Eatontown data
8,20,21,1.687078,Synthetic assumed household; not measured Eatontown data
8,20,22,1.128676,Synthetic assumed household; not measured Eatontown data
8,20,23,0.864950,Synthetic assumed household; not measured Eatontown data
8,21,0,0.788451,Synthetic assumed household; not measured Eatontown data
8,21,1,0.769814,Synthetic assumed household; not measured Eatontown data
8,21,2,0.797959,Synthetic assumed household; not measured Eatontown data
8,21,3,0.709749,Synthetic assumed household; not measured Eatontown data
8,21,4,1.004707,Synthetic assumed household; not measured Eatontown data
8,21,5,1.264549,Synthetic assumed household; not measured Eatontown data
8,21,6,1.576619,Synthetic assumed household; not measured Eatontown data
8,21,7,2.117419,Synthetic assumed household; not measured Eatontown data
8,21,8,1.727844,Synthetic assumed household; not measured Eatontown data
8,21,9,1.580639,Synthetic assumed household; not measured Eatontown data
8,21,10,1.107294,Synthetic assumed household; not measured Eatontown data
8,21,11,1.087463,Synthetic assumed household; not measured Eatontown data
8,21,12,1.211194,Synthetic assumed household; not measured Eatontown data
8,21,13,1.199525,Synthetic assumed household; not measured Eatontown data
8,21,14,1.336564,Synthetic assumed household; not measured Eatontown data
8,21,15,1.373404,Synthetic assumed household; not measured Eatontown data
8,21,16,1.716469,Synthetic assumed household; not measured Eatontown data
8,21,17,2.082207,Synthetic assumed household; not measured Eatontown data
8,21,18,2.924228,Synthetic assumed household; not measured Eatontown data
8,21,19,2.889877,Synthetic assumed household; not measured Eatontown data
8,21,20,2.399487,Synthetic assumed household; not measured Eatontown data
8,21,21,1.937702,Synthetic assumed household; not measured Eatontown data
8,21,22,1.388720,Synthetic assumed household; not measured Eatontown data
8,21,23,1.036380,Synthetic assumed household; not measured Eatontown data
8,22,0,0.566639,Synthetic assumed household; not measured Eatontown data
8,22,1,0.668071,Synthetic assumed household; not measured Eatontown data
8,22,2,0.595251,Synthetic assumed household; not measured Eatontown data
8,22,3,0.726291,Synthetic assumed household; not measured Eatontown data
8,22,4,0.822183,Synthetic assumed household; not measured Eatontown data
8,22,5,1.074446,Synthetic assumed household; not measured Eatontown data
8,22,6,1.429731,Synthetic assumed household; not measured Eatontown data
8,22,7,1.731273,Synthetic assumed household; not measured Eatontown data
8,22,8,1.493636,Synthetic assumed household; not measured Eatontown data
8,22,9,1.265394,Synthetic assumed household; not measured Eatontown data
8,22,10,1.070721,Synthetic assumed household; not measured Eatontown data
8,22,11,1.043194,Synthetic assumed household; not measured Eatontown data
8,22,12,0.988453,Synthetic assumed household; not measured Eatontown data
8,22,13,0.989195,Synthetic assumed household; not measured Eatontown data
8,22,14,0.987846,Synthetic assumed household; not measured Eatontown data
8,22,15,1.240940,Synthetic assumed household; not measured Eatontown data
8,22,16,1.341346,Synthetic assumed household; not measured Eatontown data
8,22,17,1.773462,Synthetic assumed household; not measured Eatontown data
8,22,18,2.285441,Synthetic assumed household; not measured Eatontown data
8,22,19,2.689572,Synthetic assumed household; not measured Eatontown data
8,22,20,2.341265,Synthetic assumed household; not measured Eatontown data
8,22,21,1.559228,Synthetic assumed household; not measured Eatontown data
8,22,22,1.169184,Synthetic assumed household; not measured Eatontown data
8,22,23,0.856246,Synthetic assumed household; not measured Eatontown data
8,23,0,0.644651,Synthetic assumed household; not measured Eatontown data
8,23,1,0.619519,Synthetic assumed household; not measured Eatontown data
8,23,2,0.569183,Synthetic assumed household; not measured Eatontown data
8,23,3,0.652955,Synthetic assumed household; not measured Eatontown data
8,23,4,0.646757,Synthetic assumed household; not measured Eatontown data
8,23,5,0.672212,Synthetic assumed household; not measured Eatontown data
8,23,6,0.811234,Synthetic assumed household; not measured Eatontown data
8,23,7,1.011254,Synthetic assumed household; not measured Eatontown data
8,23,8,1.403458,Synthetic assumed household; not measured Eatontown data
8,23,9,1.555339,Synthetic assumed household; not measured Eatontown data
8,23,10,1.554627,Synthetic assumed household; not measured Eatontown data
8,23,11,1.234572,Synthetic assumed household; not measured Eatontown data
8,23,12,1.062287,Synthetic assumed household; not measured Eatontown data
8,23,13,0.962195,Synthetic assumed household; not measured Eatontown data
8,23,14,1.040747,Synthetic assumed household; not measured Eatontown data
8,23,15,1.019079,Synthetic assumed household; not measured Eatontown data
8,23,16,1.323849,Synthetic assumed household; not measured Eatontown data
8,23,17,1.727383,Synthetic assumed household; not measured Eatontown data
8,23,18,2.138665,Synthetic assumed household; not measured Eatontown data
8,23,19,2.371595,Synthetic assumed household; not measured Eatontown data
8,23,20,1.982766,Synthetic assumed household; not measured Eatontown data
8,23,21,1.575867,Synthetic assumed household; not measured Eatontown data
8,23,22,1.249911,Synthetic assumed household; not measured Eatontown data
8,23,23,0.811067,Synthetic assumed household; not measured Eatontown data
8,24,0,0.611553,Synthetic assumed household; not measured Eatontown data
8,24,1,0.652820,Synthetic assumed household; not measured Eatontown data
8,24,2,0.635085,Synthetic assumed household; not measured Eatontown data
8,24,3,0.595232,Synthetic assumed household; not measured Eatontown data
8,24,4,0.702875,Synthetic assumed household; not measured Eatontown data
8,24,5,0.785144,Synthetic assumed household; not measured Eatontown data
8,24,6,0.840315,Synthetic assumed household; not measured Eatontown data
8,24,7,1.253020,Synthetic assumed household; not measured Eatontown data
8,24,8,1.632032,Synthetic assumed household; not measured Eatontown data
8,24,9,1.817175,Synthetic assumed household; not measured Eatontown data
8,24,10,1.946345,Synthetic assumed household; not measured Eatontown data
8,24,11,1.620016,Synthetic assumed household; not measured Eatontown data
8,24,12,1.254130,Synthetic assumed household; not measured Eatontown data
8,24,13,1.057300,Synthetic assumed household; not measured Eatontown data
8,24,14,1.153449,Synthetic assumed household; not measured Eatontown data
8,24,15,1.345937,Synthetic assumed household; not measured Eatontown data
8,24,16,1.504515,Synthetic assumed household; not measured Eatontown data
8,24,17,2.049802,Synthetic assumed household; not measured Eatontown data
8,24,18,2.543370,Synthetic assumed household; not measured Eatontown data
8,24,19,2.814796,Synthetic assumed household; not measured Eatontown data
8,24,20,2.185372,Synthetic assumed household; not measured Eatontown data
8,24,21,1.836237,Synthetic assumed household; not measured Eatontown data
8,24,22,1.228102,Synthetic assumed household; not measured Eatontown data
8,24,23,0.897873,Synthetic assumed household; not measured Eatontown data
8,25,0,0.715688,Synthetic assumed household; not measured Eatontown data
8,25,1,0.665521,Synthetic assumed household; not measured Eatontown data
8,25,2,0.667618,Synthetic assumed household; not measured Eatontown data
8,25,3,0.798736,Synthetic assumed household; not measured Eatontown data
8,25,4,0.946627,Synthetic assumed household; not measured Eatontown data
8,25,5,1.203660,Synthetic assumed household; not measured Eatontown data
8,25,6,1.869918,Synthetic assumed household; not measured Eatontown data
8,25,7,1.873020,Synthetic assumed household; not measured Eatontown data
8,25,8,1.630890,Synthetic assumed household; not measured Eatontown data
8,25,9,1.458569,Synthetic assumed household; not measured Eatontown data
8,25,10,1.187280,Synthetic assumed household; not measured Eatontown data
8,25,11,1.176796,Synthetic assumed household; not measured Eatontown data
8,25,12,1.068422,Synthetic assumed household; not measured Eatontown data
8,25,13,1.202473,Synthetic assumed household; not measured Eatontown data
8,25,14,1.166598,Synthetic assumed household; not measured Eatontown data
8,25,15,1.317058,Synthetic assumed household; not measured Eatontown data
8,25,16,1.707955,Synthetic assumed household; not measured Eatontown data
8,25,17,2.363176,Synthetic assumed household; not measured Eatontown data
8,25,18,2.889714,Synthetic assumed household; not measured Eatontown data
8,25,19,2.784718,Synthetic assumed household; not measured Eatontown data
8,25,20,2.406207,Synthetic assumed household; not measured Eatontown data
8,25,21,2.139085,Synthetic assumed household; not measured Eatontown data
8,25,22,1.367002,Synthetic assumed household; not measured Eatontown data
8,25,23,0.980994,Synthetic assumed household; not measured Eatontown data
8,26,0,0.593816,Synthetic assumed household; not measured Eatontown data
8,26,1,0.671452,Synthetic assumed household; not measured Eatontown data
8,26,2,0.666308,Synthetic assumed household; not measured Eatontown data
8,26,3,0.602880,Synthetic assumed household; not measured Eatontown data
8,26,4,0.823497,Synthetic assumed household; not measured Eatontown data
8,26,5,1.066054,Synthetic assumed household; not measured Eatontown data
8,26,6,1.598321,Synthetic assumed household; not measured Eatontown data
8,26,7,1.758721,Synthetic assumed household; not measured Eatontown data
8,26,8,1.460728,Synthetic assumed household; not measured Eatontown data
8,26,9,1.299242,Synthetic assumed household; not measured Eatontown data
8,26,10,1.110910,Synthetic assumed household; not measured Eatontown data
8,26,11,0.947763,Synthetic assumed household; not measured Eatontown data
8,26,12,1.063167,Synthetic assumed household; not measured Eatontown data
8,26,13,0.941622,Synthetic assumed household; not measured Eatontown data
8,26,14,1.069375,Synthetic assumed household; not measured Eatontown data
8,26,15,1.060517,Synthetic assumed household; not measured Eatontown data
8,26,16,1.332315,Synthetic assumed household; not measured Eatontown data
8,26,17,1.826844,Synthetic assumed household; not measured Eatontown data
8,26,18,2.425900,Synthetic assumed household; not measured Eatontown data
8,26,19,2.658720,Synthetic assumed household; not measured Eatontown data
8,26,20,1.999564,Synthetic assumed household; not measured Eatontown data
8,26,21,1.845364,Synthetic assumed household; not measured Eatontown data
8,26,22,1.248115,Synthetic assumed household; not measured Eatontown data
8,26,23,0.781389,Synthetic assumed household; not measured Eatontown data
8,27,0,0.686988,Synthetic assumed household; not measured Eatontown data
8,27,1,0.624483,Synthetic assumed household; not measured Eatontown data
8,27,2,0.649761,Synthetic assumed household; not measured Eatontown data
8,27,3,0.709763,Synthetic assumed household; not measured Eatontown data
8,27,4,0.858105,Synthetic assumed household; not measured Eatontown data
8,27,5,1.036384,Synthetic assumed household; not measured Eatontown data
8,27,6,1.413509,Synthetic assumed household; not measured Eatontown data
8,27,7,1.678054,Synthetic assumed household; not measured Eatontown data
8,27,8,1.598052,Synthetic assumed household; not measured Eatontown data
8,27,9,1.152997,Synthetic assumed household; not measured Eatontown data
8,27,10,1.121227,Synthetic assumed household; not measured Eatontown data
8,27,11,1.064404,Synthetic assumed household; not measured Eatontown data
8,27,12,0.981069,Synthetic assumed household; not measured Eatontown data
8,27,13,1.064382,Synthetic assumed household; not measured Eatontown data
8,27,14,1.081549,Synthetic assumed household; not measured Eatontown data
8,27,15,1.085128,Synthetic assumed household; not measured Eatontown data
8,27,16,1.320834,Synthetic assumed household; not measured Eatontown data
8,27,17,1.813020,Synthetic assumed household; not measured Eatontown data
8,27,18,2.556139,Synthetic assumed household; not measured Eatontown data
8,27,19,2.679467,Synthetic assumed household; not measured Eatontown data
8,27,20,2.257231,Synthetic assumed household; not measured Eatontown data
8,27,21,1.805593,Synthetic assumed household; not measured Eatontown data
8,27,22,1.327407,Synthetic assumed household; not measured Eatontown data
8,27,23,0.868010,Synthetic assumed household; not measured Eatontown data
8,28,0,0.672677,Synthetic assumed household; not measured Eatontown data
8,28,1,0.616135,Synthetic assumed household; not measured Eatontown data
8,28,2,0.606688,Synthetic assumed household; not measured Eatontown data
8,28,3,0.665046,Synthetic assumed household; not measured Eatontown data
8,28,4,0.916822,Synthetic assumed household; not measured Eatontown data
8,28,5,1.043080,Synthetic assumed household; not measured Eatontown data
8,28,6,1.617000,Synthetic assumed household; not measured Eatontown data
8,28,7,1.784866,Synthetic assumed household; not measured Eatontown data
8,28,8,1.636884,Synthetic assumed household; not measured Eatontown data
8,28,9,1.392584,Synthetic assumed household; not measured Eatontown data
8,28,10,1.103169,Synthetic assumed household; not measured Eatontown data
8,28,11,1.014639,Synthetic assumed household; not measured Eatontown data
8,28,12,1.084049,Synthetic assumed household; not measured Eatontown data
8,28,13,0.993193,Synthetic assumed household; not measured Eatontown data
8,28,14,1.116197,Synthetic assumed household; not measured Eatontown data
8,28,15,1.243273,Synthetic assumed household; not measured Eatontown data
8,28,16,1.602479,Synthetic assumed household; not measured Eatontown data
8,28,17,1.813948,Synthetic assumed household; not measured Eatontown data
8,28,18,2.182494,Synthetic assumed household; not measured Eatontown data
8,28,19,2.474093,Synthetic assumed household; not measured Eatontown data
8,28,20,2.494975,Synthetic assumed household; not measured Eatontown data
8,28,21,1.659624,Synthetic assumed household; not measured Eatontown data
8,28,22,1.173047,Synthetic assumed household; not measured Eatontown data
8,28,23,0.860982,Synthetic assumed household; not measured Eatontown data
8,29,0,0.684081,Synthetic assumed household; not measured Eatontown data
8,29,1,0.614697,Synthetic assumed household; not measured Eatontown data
8,29,2,0.613237,Synthetic assumed household; not measured Eatontown data
8,29,3,0.682548,Synthetic assumed household; not measured Eatontown data
8,29,4,0.884293,Synthetic assumed household; not measured Eatontown data
8,29,5,1.116367,Synthetic assumed household; not measured Eatontown data
8,29,6,1.582547,Synthetic assumed household; not measured Eatontown data
8,29,7,1.603687,Synthetic assumed household; not measured Eatontown data
8,29,8,1.447271,Synthetic assumed household; not measured Eatontown data
8,29,9,1.328249,Synthetic assumed household; not measured Eatontown data
8,29,10,1.057709,Synthetic assumed household; not measured Eatontown data
8,29,11,1.067877,Synthetic assumed household; not measured Eatontown data
8,29,12,1.083718,Synthetic assumed household; not measured Eatontown data
8,29,13,1.086672,Synthetic assumed household; not measured Eatontown data
8,29,14,1.042184,Synthetic assumed household; not measured Eatontown data
8,29,15,1.238270,Synthetic assumed household; not measured Eatontown data
8,29,16,1.516256,Synthetic assumed household; not measured Eatontown data
8,29,17,1.742848,Synthetic assumed household; not measured Eatontown data
8,29,18,2.370934,Synthetic assumed household; not measured Eatontown data
8,29,19,2.663799,Synthetic assumed household; not measured Eatontown data
8,29,20,2.040784,Synthetic assumed household; not measured Eatontown data
8,29,21,1.751380,Synthetic assumed household; not measured Eatontown data
8,29,22,1.194925,Synthetic assumed household; not measured Eatontown data
8,29,23,0.876619,Synthetic assumed household; not measured Eatontown data
8,30,0,0.664789,Synthetic assumed household; not measured Eatontown data
8,30,1,0.565562,Synthetic assumed household; not measured Eatontown data
8,30,2,0.572340,Synthetic assumed household; not measured Eatontown data
8,30,3,0.582257,Synthetic assumed household; not measured Eatontown data
8,30,4,0.587095,Synthetic assumed household; not measured Eatontown data
8,30,5,0.722246,Synthetic assumed household; not measured Eatontown data
8,30,6,0.830047,Synthetic assumed household; not measured Eatontown data
8,30,7,1.197713,Synthetic assumed household; not measured Eatontown data
8,30,8,1.538983,Synthetic assumed household; not measured Eatontown data
8,30,9,1.781708,Synthetic assumed household; not measured Eatontown data
8,30,10,1.685383,Synthetic assumed household; not measured Eatontown data
8,30,11,1.450025,Synthetic assumed household; not measured Eatontown data
8,30,12,1.064390,Synthetic assumed household; not measured Eatontown data
8,30,13,1.053302,Synthetic assumed household; not measured Eatontown data
8,30,14,0.972599,Synthetic assumed household; not measured Eatontown data
8,30,15,1.235679,Synthetic assumed household; not measured Eatontown data
8,30,16,1.540876,Synthetic assumed household; not measured Eatontown data
8,30,17,1.835752,Synthetic assumed household; not measured Eatontown data
8,30,18,2.183079,Synthetic assumed household; not measured Eatontown data
8,30,19,2.365460,Synthetic assumed household; not measured Eatontown data
8,30,20,2.337447,Synthetic assumed household; not measured Eatontown data
8,30,21,1.828657,Synthetic assumed household; not measured Eatontown data
8,30,22,1.215187,Synthetic assumed household; not measured Eatontown data
8,30,23,0.899844,Synthetic assumed household; not measured Eatontown data
8,31,0,0.638090,Synthetic assumed household; not measured Eatontown data
8,31,1,0.554757,Synthetic assumed household; not measured Eatontown data
8,31,2,0.651440,Synthetic assumed household; not measured Eatontown data
8,31,3,0.580576,Synthetic assumed household; not measured Eatontown data
8,31,4,0.668681,Synthetic assumed household; not measured Eatontown data
8,31,5,0.619294,Synthetic assumed household; not measured Eatontown data
8,31,6,0.764833,Synthetic assumed household; not measured Eatontown data
8,31,7,1.035820,Synthetic assumed household; not measured Eatontown data
8,31,8,1.413425,Synthetic assumed household; not measured Eatontown data
8,31,9,1.616034,Synthetic assumed household; not measured Eatontown data
8,31,10,1.726543,Synthetic assumed household; not measured Eatontown data
8,31,11,1.453081,Synthetic assumed household; not measured Eatontown data
8,31,12,1.052705,Synthetic assumed household; not measured Eatontown data
8,31,13,1.116491,Synthetic assumed household; not measured Eatontown data
8,31,14,1.113795,Synthetic assumed household; not measured Eatontown data
8,31,15,1.051998,Synthetic assumed household; not measured Eatontown data
8,31,16,1.305030,Synthetic assumed household; not measured Eatontown data
8,31,17,1.945194,Synthetic assumed household; not measured Eatontown data
8,31,18,2.267522,Synthetic assumed household; not measured Eatontown data
8,31,19,2.210928,Synthetic assumed household; not measured Eatontown data
8,31,20,2.024149,Synthetic assumed household; not measured Eatontown data
8,31,21,1.607550,Synthetic assumed household; not measured Eatontown data
8,31,22,1.085082,Synthetic assumed household; not measured Eatontown data
8,31,23,0.880649,Synthetic assumed household; not measured Eatontown data
9,1,0,0.728323,Synthetic assumed household; not measured Eatontown data
9,1,1,0.748419,Synthetic assumed household; not measured Eatontown data
9,1,2,0.657138,Synthetic assumed household; not measured Eatontown data
9,1,3,0.799540,Synthetic assumed household; not measured Eatontown data
9,1,4,0.831255,Synthetic assumed household; not measured Eatontown data
9,1,5,1.178330,Synthetic assumed household; not measured Eatontown data
9,1,6,1.504802,Synthetic assumed household; not measured Eatontown data
9,1,7,1.996842,Synthetic assumed household; not measured Eatontown data
9,1,8,1.869866,Synthetic assumed household; not measured Eatontown data
9,1,9,1.502991,Synthetic assumed household; not measured Eatontown data
9,1,10,1.108964,Synthetic assumed household; not measured Eatontown data
9,1,11,1.010511,Synthetic assumed household; not measured Eatontown data
9,1,12,1.109754,Synthetic assumed household; not measured Eatontown data
9,1,13,1.195329,Synthetic assumed household; not measured Eatontown data
9,1,14,1.122807,Synthetic assumed household; not measured Eatontown data
9,1,15,1.320721,Synthetic assumed household; not measured Eatontown data
9,1,16,1.466123,Synthetic assumed household; not measured Eatontown data
9,1,17,2.100647,Synthetic assumed household; not measured Eatontown data
9,1,18,2.298081,Synthetic assumed household; not measured Eatontown data
9,1,19,2.574771,Synthetic assumed household; not measured Eatontown data
9,1,20,2.314255,Synthetic assumed household; not measured Eatontown data
9,1,21,1.820477,Synthetic assumed household; not measured Eatontown data
9,1,22,1.444853,Synthetic assumed household; not measured Eatontown data
9,1,23,0.966253,Synthetic assumed household; not measured Eatontown data
9,2,0,0.670149,Synthetic assumed household; not measured Eatontown data
9,2,1,0.687972,Synthetic assumed household; not measured Eatontown data
9,2,2,0.738646,Synthetic assumed household; not measured Eatontown data
9,2,3,0.814789,Synthetic assumed household; not measured Eatontown data
9,2,4,0.912643,Synthetic assumed household; not measured Eatontown data
9,2,5,1.306457,Synthetic assumed household; not measured Eatontown data
9,2,6,1.711326,Synthetic assumed household; not measured Eatontown data
9,2,7,2.154675,Synthetic assumed household; not measured Eatontown data
9,2,8,1.699931,Synthetic assumed household; not measured Eatontown data
9,2,9,1.415376,Synthetic assumed household; not measured Eatontown data
9,2,10,1.179770,Synthetic assumed household; not measured Eatontown data
9,2,11,1.080339,Synthetic assumed household; not measured Eatontown data
9,2,12,1.108870,Synthetic assumed household; not measured Eatontown data
9,2,13,1.114595,Synthetic assumed household; not measured Eatontown data
9,2,14,1.372612,Synthetic assumed household; not measured Eatontown data
9,2,15,1.272937,Synthetic assumed household; not measured Eatontown data
9,2,16,1.553353,Synthetic assumed household; not measured Eatontown data
9,2,17,2.026872,Synthetic assumed household; not measured Eatontown data
9,2,18,2.831529,Synthetic assumed household; not measured Eatontown data
9,2,19,3.002710,Synthetic assumed household; not measured Eatontown data
9,2,20,2.636584,Synthetic assumed household; not measured Eatontown data
9,2,21,1.827027,Synthetic assumed household; not measured Eatontown data
9,2,22,1.364949,Synthetic assumed household; not measured Eatontown data
9,2,23,0.935815,Synthetic assumed household; not measured Eatontown data
9,3,0,0.606125,Synthetic assumed household; not measured Eatontown data
9,3,1,0.572700,Synthetic assumed household; not measured Eatontown data
9,3,2,0.659175,Synthetic assumed household; not measured Eatontown data
9,3,3,0.630798,Synthetic assumed household; not measured Eatontown data
9,3,4,0.772924,Synthetic assumed household; not measured Eatontown data
9,3,5,1.002860,Synthetic assumed household; not measured Eatontown data
9,3,6,1.513023,Synthetic assumed household; not measured Eatontown data
9,3,7,1.509558,Synthetic assumed household; not measured Eatontown data
9,3,8,1.353340,Synthetic assumed household; not measured Eatontown data
9,3,9,1.269834,Synthetic assumed household; not measured Eatontown data
9,3,10,0.981037,Synthetic assumed household; not measured Eatontown data
9,3,11,0.967884,Synthetic assumed household; not measured Eatontown data
9,3,12,0.895047,Synthetic assumed household; not measured Eatontown data
9,3,13,1.083506,Synthetic assumed household; not measured Eatontown data
9,3,14,1.018749,Synthetic assumed household; not measured Eatontown data
9,3,15,1.033933,Synthetic assumed household; not measured Eatontown data
9,3,16,1.356803,Synthetic assumed household; not measured Eatontown data
9,3,17,1.839246,Synthetic assumed household; not measured Eatontown data
9,3,18,2.011911,Synthetic assumed household; not measured Eatontown data
9,3,19,2.184587,Synthetic assumed household; not measured Eatontown data
9,3,20,2.083579,Synthetic assumed household; not measured Eatontown data
9,3,21,1.670388,Synthetic assumed household; not measured Eatontown data
9,3,22,1.060914,Synthetic assumed household; not measured Eatontown data
9,3,23,0.897004,Synthetic assumed household; not measured Eatontown data
9,4,0,0.660580,Synthetic assumed household; not measured Eatontown data
9,4,1,0.793515,Synthetic assumed household; not measured Eatontown data
9,4,2,0.709250,Synthetic assumed household; not measured Eatontown data
9,4,3,0.791608,Synthetic assumed household; not measured Eatontown data
9,4,4,1.022555,Synthetic assumed household; not measured Eatontown data
9,4,5,1.178437,Synthetic assumed household; not measured Eatontown data
9,4,6,1.836527,Synthetic assumed household; not measured Eatontown data
9,4,7,2.048547,Synthetic assumed household; not measured Eatontown data
9,4,8,1.723355,Synthetic assumed household; not measured Eatontown data
9,4,9,1.509392,Synthetic assumed household; not measured Eatontown data
9,4,10,1.220153,Synthetic assumed household; not measured Eatontown data
9,4,11,1.086198,Synthetic assumed household; not measured Eatontown data
9,4,12,1.232063,Synthetic assumed household; not measured Eatontown data
9,4,13,1.234268,Synthetic assumed household; not measured Eatontown data
9,4,14,1.217850,Synthetic assumed household; not measured Eatontown data
9,4,15,1.360396,Synthetic assumed household; not measured Eatontown data
9,4,16,1.707473,Synthetic assumed household; not measured Eatontown data
9,4,17,2.129392,Synthetic assumed household; not measured Eatontown data
9,4,18,2.663464,Synthetic assumed household; not measured Eatontown data
9,4,19,2.737896,Synthetic assumed household; not measured Eatontown data
9,4,20,2.727456,Synthetic assumed household; not measured Eatontown data
9,4,21,1.841287,Synthetic assumed household; not measured Eatontown data
9,4,22,1.333737,Synthetic assumed household; not measured Eatontown data
9,4,23,1.006140,Synthetic assumed household; not measured Eatontown data
9,5,0,0.606645,Synthetic assumed household; not measured Eatontown data
9,5,1,0.602955,Synthetic assumed household; not measured Eatontown data
9,5,2,0.603629,Synthetic assumed household; not measured Eatontown data
9,5,3,0.641988,Synthetic assumed household; not measured Eatontown data
9,5,4,0.872254,Synthetic assumed household; not measured Eatontown data
9,5,5,1.261730,Synthetic assumed household; not measured Eatontown data
9,5,6,1.519406,Synthetic assumed household; not measured Eatontown data
9,5,7,1.836605,Synthetic assumed household; not measured Eatontown data
9,5,8,1.517748,Synthetic assumed household; not measured Eatontown data
9,5,9,1.341281,Synthetic assumed household; not measured Eatontown data
9,5,10,0.998178,Synthetic assumed household; not measured Eatontown data
9,5,11,0.942030,Synthetic assumed household; not measured Eatontown data
9,5,12,1.106422,Synthetic assumed household; not measured Eatontown data
9,5,13,1.143255,Synthetic assumed household; not measured Eatontown data
9,5,14,1.189779,Synthetic assumed household; not measured Eatontown data
9,5,15,1.162749,Synthetic assumed household; not measured Eatontown data
9,5,16,1.562247,Synthetic assumed household; not measured Eatontown data
9,5,17,1.959738,Synthetic assumed household; not measured Eatontown data
9,5,18,2.301394,Synthetic assumed household; not measured Eatontown data
9,5,19,2.509974,Synthetic assumed household; not measured Eatontown data
9,5,20,2.509921,Synthetic assumed household; not measured Eatontown data
9,5,21,1.823963,Synthetic assumed household; not measured Eatontown data
9,5,22,1.384603,Synthetic assumed household; not measured Eatontown data
9,5,23,0.825251,Synthetic assumed household; not measured Eatontown data
9,6,0,0.665318,Synthetic assumed household; not measured Eatontown data
9,6,1,0.600136,Synthetic assumed household; not measured Eatontown data
9,6,2,0.592032,Synthetic assumed household; not measured Eatontown data
9,6,3,0.601418,Synthetic assumed household; not measured Eatontown data
9,6,4,0.621079,Synthetic assumed household; not measured Eatontown data
9,6,5,0.606615,Synthetic assumed household; not measured Eatontown data
9,6,6,0.820857,Synthetic assumed household; not measured Eatontown data
9,6,7,1.204251,Synthetic assumed household; not measured Eatontown data
9,6,8,1.470858,Synthetic assumed household; not measured Eatontown data
9,6,9,1.843357,Synthetic assumed household; not measured Eatontown data
9,6,10,1.665535,Synthetic assumed household; not measured Eatontown data
9,6,11,1.278525,Synthetic assumed household; not measured Eatontown data
9,6,12,1.203243,Synthetic assumed household; not measured Eatontown data
9,6,13,1.059059,Synthetic assumed household; not measured Eatontown data
9,6,14,0.979637,Synthetic assumed household; not measured Eatontown data
9,6,15,1.202302,Synthetic assumed household; not measured Eatontown data
9,6,16,1.466102,Synthetic assumed household; not measured Eatontown data
9,6,17,1.911699,Synthetic assumed household; not measured Eatontown data
9,6,18,2.301401,Synthetic assumed household; not measured Eatontown data
9,6,19,2.420668,Synthetic assumed household; not measured Eatontown data
9,6,20,2.353919,Synthetic assumed household; not measured Eatontown data
9,6,21,1.698747,Synthetic assumed household; not measured Eatontown data
9,6,22,1.166052,Synthetic assumed household; not measured Eatontown data
9,6,23,0.853899,Synthetic assumed household; not measured Eatontown data
9,7,0,0.729608,Synthetic assumed household; not measured Eatontown data
9,7,1,0.692052,Synthetic assumed household; not measured Eatontown data
9,7,2,0.781694,Synthetic assumed household; not measured Eatontown data
9,7,3,0.689948,Synthetic assumed household; not measured Eatontown data
9,7,4,0.658050,Synthetic assumed household; not measured Eatontown data
9,7,5,0.705878,Synthetic assumed household; not measured Eatontown data
9,7,6,1.005398,Synthetic assumed household; not measured Eatontown data
9,7,7,1.264176,Synthetic assumed household; not measured Eatontown data
9,7,8,1.862941,Synthetic assumed household; not measured Eatontown data
9,7,9,1.860135,Synthetic assumed household; not measured Eatontown data
9,7,10,2.087683,Synthetic assumed household; not measured Eatontown data
9,7,11,1.549919,Synthetic assumed household; not measured Eatontown data
9,7,12,1.230806,Synthetic assumed household; not measured Eatontown data
9,7,13,1.193963,Synthetic assumed household; not measured Eatontown data
9,7,14,1.198027,Synthetic assumed household; not measured Eatontown data
9,7,15,1.307976,Synthetic assumed household; not measured Eatontown data
9,7,16,1.701787,Synthetic assumed household; not measured Eatontown data
9,7,17,2.031225,Synthetic assumed household; not measured Eatontown data
9,7,18,2.710715,Synthetic assumed household; not measured Eatontown data
9,7,19,2.875011,Synthetic assumed household; not measured Eatontown data
9,7,20,2.760301,Synthetic assumed household; not measured Eatontown data
9,7,21,1.797670,Synthetic assumed household; not measured Eatontown data
9,7,22,1.329275,Synthetic assumed household; not measured Eatontown data
9,7,23,0.959777,Synthetic assumed household; not measured Eatontown data
9,8,0,0.513835,Synthetic assumed household; not measured Eatontown data
9,8,1,0.528968,Synthetic assumed household; not measured Eatontown data
9,8,2,0.578399,Synthetic assumed household; not measured Eatontown data
9,8,3,0.579326,Synthetic assumed household; not measured Eatontown data
9,8,4,0.740087,Synthetic assumed household; not measured Eatontown data
9,8,5,0.893982,Synthetic assumed household; not measured Eatontown data
9,8,6,1.315191,Synthetic assumed household; not measured Eatontown data
9,8,7,1.467582,Synthetic assumed household; not measured Eatontown data
9,8,8,1.455566,Synthetic assumed household; not measured Eatontown data
9,8,9,1.038975,Synthetic assumed household; not measured Eatontown data
9,8,10,0.863844,Synthetic assumed household; not measured Eatontown data
9,8,11,0.849295,Synthetic assumed household; not measured Eatontown data
9,8,12,0.909682,Synthetic assumed household; not measured Eatontown data
9,8,13,0.812081,Synthetic assumed household; not measured Eatontown data
9,8,14,0.946258,Synthetic assumed household; not measured Eatontown data
9,8,15,0.972740,Synthetic assumed household; not measured Eatontown data
9,8,16,1.231510,Synthetic assumed household; not measured Eatontown data
9,8,17,1.681782,Synthetic assumed household; not measured Eatontown data
9,8,18,1.902566,Synthetic assumed household; not measured Eatontown data
9,8,19,2.155928,Synthetic assumed household; not measured Eatontown data
9,8,20,1.852505,Synthetic assumed household; not measured Eatontown data
9,8,21,1.451087,Synthetic assumed household; not measured Eatontown data
9,8,22,1.032124,Synthetic assumed household; not measured Eatontown data
9,8,23,0.792092,Synthetic assumed household; not measured Eatontown data
9,9,0,0.718234,Synthetic assumed household; not measured Eatontown data
9,9,1,0.678277,Synthetic assumed household; not measured Eatontown data
9,9,2,0.652159,Synthetic assumed household; not measured Eatontown data
9,9,3,0.656638,Synthetic assumed household; not measured Eatontown data
9,9,4,0.951279,Synthetic assumed household; not measured Eatontown data
9,9,5,1.161347,Synthetic assumed household; not measured Eatontown data
9,9,6,1.511035,Synthetic assumed household; not measured Eatontown data
9,9,7,1.910271,Synthetic assumed household; not measured Eatontown data
9,9,8,1.539078,Synthetic assumed household; not measured Eatontown data
9,9,9,1.437925,Synthetic assumed household; not measured Eatontown data
9,9,10,1.025246,Synthetic assumed household; not measured Eatontown data
9,9,11,1.022970,Synthetic assumed household; not measured Eatontown data
9,9,12,0.988682,Synthetic assumed household; not measured Eatontown data
9,9,13,1.182163,Synthetic assumed household; not measured Eatontown data
9,9,14,1.149144,Synthetic assumed household; not measured Eatontown data
9,9,15,1.196680,Synthetic assumed household; not measured Eatontown data
9,9,16,1.646701,Synthetic assumed household; not measured Eatontown data
9,9,17,2.078663,Synthetic assumed household; not measured Eatontown data
9,9,18,2.384581,Synthetic assumed household; not measured Eatontown data
9,9,19,2.824133,Synthetic assumed household; not measured Eatontown data
9,9,20,2.373540,Synthetic assumed household; not measured Eatontown data
9,9,21,1.871600,Synthetic assumed household; not measured Eatontown data
9,9,22,1.226308,Synthetic assumed household; not measured Eatontown data
9,9,23,0.917289,Synthetic assumed household; not measured Eatontown data
9,10,0,0.633353,Synthetic assumed household; not measured Eatontown data
9,10,1,0.674015,Synthetic assumed household; not measured Eatontown data
9,10,2,0.606210,Synthetic assumed household; not measured Eatontown data
9,10,3,0.620324,Synthetic assumed household; not measured Eatontown data
9,10,4,0.856226,Synthetic assumed household; not measured Eatontown data
9,10,5,1.207909,Synthetic assumed household; not measured Eatontown data
9,10,6,1.543294,Synthetic assumed household; not measured Eatontown data
9,10,7,1.632605,Synthetic assumed household; not measured Eatontown data
9,10,8,1.740554,Synthetic assumed household; not measured Eatontown data
9,10,9,1.341011,Synthetic assumed household; not measured Eatontown data
9,10,10,1.053784,Synthetic assumed household; not measured Eatontown data
9,10,11,1.093295,Synthetic assumed household; not measured Eatontown data
9,10,12,1.035777,Synthetic assumed household; not measured Eatontown data
9,10,13,1.084337,Synthetic assumed household; not measured Eatontown data
9,10,14,1.157070,Synthetic assumed household; not measured Eatontown data
9,10,15,1.191845,Synthetic assumed household; not measured Eatontown data
9,10,16,1.497732,Synthetic assumed household; not measured Eatontown data
9,10,17,1.966770,Synthetic assumed household; not measured Eatontown data
9,10,18,2.371195,Synthetic assumed household; not measured Eatontown data
9,10,19,2.462368,Synthetic assumed household; not measured Eatontown data
9,10,20,2.126176,Synthetic assumed household; not measured Eatontown data
9,10,21,1.641904,Synthetic assumed household; not measured Eatontown data
9,10,22,1.286272,Synthetic assumed household; not measured Eatontown data
9,10,23,0.853957,Synthetic assumed household; not measured Eatontown data
9,11,0,0.579594,Synthetic assumed household; not measured Eatontown data
9,11,1,0.642074,Synthetic assumed household; not measured Eatontown data
9,11,2,0.556095,Synthetic assumed household; not measured Eatontown data
9,11,3,0.607410,Synthetic assumed household; not measured Eatontown data
9,11,4,0.760406,Synthetic assumed household; not measured Eatontown data
9,11,5,1.127991,Synthetic assumed household; not measured Eatontown data
9,11,6,1.471531,Synthetic assumed household; not measured Eatontown data
9,11,7,1.549929,Synthetic assumed household; not measured Eatontown data
9,11,8,1.529124,Synthetic assumed household; not measured Eatontown data
9,11,9,1.180525,Synthetic assumed household; not measured Eatontown data
9,11,10,0.920680,Synthetic assumed household; not measured Eatontown data
9,11,11,0.887476,Synthetic assumed household; not measured Eatontown data
9,11,12,0.918745,Synthetic assumed household; not measured Eatontown data
9,11,13,1.062455,Synthetic assumed household; not measured Eatontown data
9,11,14,1.025436,Synthetic assumed household; not measured Eatontown data
9,11,15,1.149798,Synthetic assumed household; not measured Eatontown data
9,11,16,1.372736,Synthetic assumed household; not measured Eatontown data
9,11,17,1.857375,Synthetic assumed household; not measured Eatontown data
9,11,18,2.015012,Synthetic assumed household; not measured Eatontown data
9,11,19,2.218718,Synthetic assumed household; not measured Eatontown data
9,11,20,1.995180,Synthetic assumed household; not measured Eatontown data
9,11,21,1.580347,Synthetic assumed household; not measured Eatontown data
9,11,22,1.237557,Synthetic assumed household; not measured Eatontown data
9,11,23,0.863275,Synthetic assumed household; not measured Eatontown data
9,12,0,0.589835,Synthetic assumed household; not measured Eatontown data
9,12,1,0.602987,Synthetic assumed household; not measured Eatontown data
9,12,2,0.556512,Synthetic assumed household; not measured Eatontown data
9,12,3,0.534760,Synthetic assumed household; not measured Eatontown data
9,12,4,0.760069,Synthetic assumed household; not measured Eatontown data
9,12,5,0.889821,Synthetic assumed household; not measured Eatontown data
9,12,6,1.336522,Synthetic assumed household; not measured Eatontown data
9,12,7,1.602316,Synthetic assumed household; not measured Eatontown data
9,12,8,1.483136,Synthetic assumed household; not measured Eatontown data
9,12,9,1.081807,Synthetic assumed household; not measured Eatontown data
9,12,10,0.889179,Synthetic assumed household; not measured Eatontown data
9,12,11,0.893744,Synthetic assumed household; not measured Eatontown data
9,12,12,0.814179,Synthetic assumed household; not measured Eatontown data
9,12,13,0.994567,Synthetic assumed household; not measured Eatontown data
9,12,14,0.988687,Synthetic assumed household; not measured Eatontown data
9,12,15,0.966118,Synthetic assumed household; not measured Eatontown data
9,12,16,1.175051,Synthetic assumed household; not measured Eatontown data
9,12,17,1.730610,Synthetic assumed household; not measured Eatontown data
9,12,18,2.210633,Synthetic assumed household; not measured Eatontown data
9,12,19,2.190900,Synthetic assumed household; not measured Eatontown data
9,12,20,2.100951,Synthetic assumed household; not measured Eatontown data
9,12,21,1.658196,Synthetic assumed household; not measured Eatontown data
9,12,22,1.161174,Synthetic assumed household; not measured Eatontown data
9,12,23,0.728524,Synthetic assumed household; not measured Eatontown data
9,13,0,0.641794,Synthetic assumed household; not measured Eatontown data
9,13,1,0.626210,Synthetic assumed household; not measured Eatontown data
9,13,2,0.719399,Synthetic assumed household; not measured Eatontown data
9,13,3,0.656634,Synthetic assumed household; not measured Eatontown data
9,13,4,0.701918,Synthetic assumed household; not measured Eatontown data
9,13,5,0.721444,Synthetic assumed household; not measured Eatontown data
9,13,6,0.939259,Synthetic assumed household; not measured Eatontown data
9,13,7,1.172969,Synthetic assumed household; not measured Eatontown data
9,13,8,1.661996,Synthetic assumed household; not measured Eatontown data
9,13,9,1.812909,Synthetic assumed household; not measured Eatontown data
9,13,10,1.719800,Synthetic assumed household; not measured Eatontown data
9,13,11,1.663590,Synthetic assumed household; not measured Eatontown data
9,13,12,1.256253,Synthetic assumed household; not measured Eatontown data
9,13,13,1.112976,Synthetic assumed household; not measured Eatontown data
9,13,14,1.192486,Synthetic assumed household; not measured Eatontown data
9,13,15,1.278176,Synthetic assumed household; not measured Eatontown data
9,13,16,1.526911,Synthetic assumed household; not measured Eatontown data
9,13,17,2.214576,Synthetic assumed household; not measured Eatontown data
9,13,18,2.409258,Synthetic assumed household; not measured Eatontown data
9,13,19,2.640699,Synthetic assumed household; not measured Eatontown data
9,13,20,2.511895,Synthetic assumed household; not measured Eatontown data
9,13,21,2.043582,Synthetic assumed household; not measured Eatontown data
9,13,22,1.413774,Synthetic assumed household; not measured Eatontown data
9,13,23,1.024737,Synthetic assumed household; not measured Eatontown data
9,14,0,0.604306,Synthetic assumed household; not measured Eatontown data
9,14,1,0.616653,Synthetic assumed household; not measured Eatontown data
9,14,2,0.524253,Synthetic assumed household; not measured Eatontown data
9,14,3,0.635810,Synthetic assumed household; not measured Eatontown data
9,14,4,0.602936,Synthetic assumed household; not measured Eatontown data
9,14,5,0.674082,Synthetic assumed household; not measured Eatontown data
9,14,6,0.790225,Synthetic assumed household; not measured Eatontown data
9,14,7,1.152658,Synthetic assumed household; not measured Eatontown data
9,14,8,1.498958,Synthetic assumed household; not measured Eatontown data
9,14,9,1.765910,Synthetic assumed household; not measured Eatontown data
9,14,10,1.491365,Synthetic assumed household; not measured Eatontown data
9,14,11,1.314451,Synthetic assumed household; not measured Eatontown data
9,14,12,1.046234,Synthetic assumed household; not measured Eatontown data
9,14,13,1.093010,Synthetic assumed household; not measured Eatontown data
9,14,14,0.974596,Synthetic assumed household; not measured Eatontown data
9,14,15,1.163833,Synthetic assumed household; not measured Eatontown data
9,14,16,1.238380,Synthetic assumed household; not measured Eatontown data
9,14,17,1.865856,Synthetic assumed household; not measured Eatontown data
9,14,18,2.292345,Synthetic assumed household; not measured Eatontown data
9,14,19,2.242573,Synthetic assumed household; not measured Eatontown data
9,14,20,2.242725,Synthetic assumed household; not measured Eatontown data
9,14,21,1.565533,Synthetic assumed household; not measured Eatontown data
9,14,22,1.231455,Synthetic assumed household; not measured Eatontown data
9,14,23,0.766669,Synthetic assumed household; not measured Eatontown data
9,15,0,0.561241,Synthetic assumed household; not measured Eatontown data
9,15,1,0.500059,Synthetic assumed household; not measured Eatontown data
9,15,2,0.503081,Synthetic assumed household; not measured Eatontown data
9,15,3,0.610214,Synthetic assumed household; not measured Eatontown data
9,15,4,0.734914,Synthetic assumed household; not measured Eatontown data
9,15,5,0.953106,Synthetic assumed household; not measured Eatontown data
9,15,6,1.348508,Synthetic assumed household; not measured Eatontown data
9,15,7,1.504490,Synthetic assumed household; not measured Eatontown data
9,15,8,1.289255,Synthetic assumed household; not measured Eatontown data
9,15,9,0.956418,Synthetic assumed household; not measured Eatontown data
9,15,10,0.938810,Synthetic assumed household; not measured Eatontown data
9,15,11,0.882667,Synthetic assumed household; not measured Eatontown data
9,15,12,0.923340,Synthetic assumed household; not measured Eatontown data
9,15,13,0.869118,Synthetic assumed household; not measured Eatontown data
9,15,14,0.889661,Synthetic assumed household; not measured Eatontown data
9,15,15,1.063997,Synthetic assumed household; not measured Eatontown data
9,15,16,1.271954,Synthetic assumed household; not measured Eatontown data
9,15,17,1.700948,Synthetic assumed household; not measured Eatontown data
9,15,18,2.071372,Synthetic assumed household; not measured Eatontown data
9,15,19,2.222619,Synthetic assumed household; not measured Eatontown data
9,15,20,1.961069,Synthetic assumed household; not measured Eatontown data
9,15,21,1.457571,Synthetic assumed household; not measured Eatontown data
9,15,22,0.992489,Synthetic assumed household; not measured Eatontown data
9,15,23,0.748479,Synthetic assumed household; not measured Eatontown data
9,16,0,0.685285,Synthetic assumed household; not measured Eatontown data
9,16,1,0.649018,Synthetic assumed household; not measured Eatontown data
9,16,2,0.599974,Synthetic assumed household; not measured Eatontown data
9,16,3,0.639429,Synthetic assumed household; not measured Eatontown data
9,16,4,0.865707,Synthetic assumed household; not measured Eatontown data
9,16,5,1.182352,Synthetic assumed household; not measured Eatontown data
9,16,6,1.645737,Synthetic assumed household; not measured Eatontown data
9,16,7,1.643260,Synthetic assumed household; not measured Eatontown data
9,16,8,1.597892,Synthetic assumed household; not measured Eatontown data
9,16,9,1.342325,Synthetic assumed household; not measured Eatontown data
9,16,10,1.044910,Synthetic assumed household; not measured Eatontown data
9,16,11,0.942776,Synthetic assumed household; not measured Eatontown data
9,16,12,0.980873,Synthetic assumed household; not measured Eatontown data
9,16,13,1.088237,Synthetic assumed household; not measured Eatontown data
9,16,14,1.228991,Synthetic assumed household; not measured Eatontown data
9,16,15,1.317617,Synthetic assumed household; not measured Eatontown data
9,16,16,1.592107,Synthetic assumed household; not measured Eatontown data
9,16,17,2.098863,Synthetic assumed household; not measured Eatontown data
9,16,18,2.505218,Synthetic assumed household; not measured Eatontown data
9,16,19,2.741408,Synthetic assumed household; not measured Eatontown data
9,16,20,2.255881,Synthetic assumed household; not measured Eatontown data
9,16,21,1.798472,Synthetic assumed household; not measured Eatontown data
9,16,22,1.328788,Synthetic assumed household; not measured Eatontown data
9,16,23,0.866573,Synthetic assumed household; not measured Eatontown data
9,17,0,0.669260,Synthetic assumed household; not measured Eatontown data
9,17,1,0.666823,Synthetic assumed household; not measured Eatontown data
9,17,2,0.597956,Synthetic assumed household; not measured Eatontown data
9,17,3,0.662929,Synthetic assumed household; not measured Eatontown data
9,17,4,0.757010,Synthetic assumed household; not measured Eatontown data
9,17,5,1.189910,Synthetic assumed household; not measured Eatontown data
9,17,6,1.626324,Synthetic assumed household; not measured Eatontown data
9,17,7,1.832712,Synthetic assumed household; not measured Eatontown data
9,17,8,1.479295,Synthetic assumed household; not measured Eatontown data
9,17,9,1.369423,Synthetic assumed household; not measured Eatontown data
9,17,10,1.130456,Synthetic assumed household; not measured Eatontown data
9,17,11,1.016955,Synthetic assumed household; not measured Eatontown data
9,17,12,1.036738,Synthetic assumed household; not measured Eatontown data
9,17,13,1.126381,Synthetic assumed household; not measured Eatontown data
9,17,14,1.181164,Synthetic assumed household; not measured Eatontown data
9,17,15,1.115209,Synthetic assumed household; not measured Eatontown data
9,17,16,1.510919,Synthetic assumed household; not measured Eatontown data
9,17,17,1.759890,Synthetic assumed household; not measured Eatontown data
9,17,18,2.273677,Synthetic assumed household; not measured Eatontown data
9,17,19,2.451651,Synthetic assumed household; not measured Eatontown data
9,17,20,2.139695,Synthetic assumed household; not measured Eatontown data
9,17,21,1.592018,Synthetic assumed household; not measured Eatontown data
9,17,22,1.186521,Synthetic assumed household; not measured Eatontown data
9,17,23,0.952183,Synthetic assumed household; not measured Eatontown data
9,18,0,0.546507,Synthetic assumed household; not measured Eatontown data
9,18,1,0.517591,Synthetic assumed household; not measured Eatontown data
9,18,2,0.574919,Synthetic assumed household; not measured Eatontown data
9,18,3,0.556969,Synthetic assumed household; not measured Eatontown data
9,18,4,0.697248,Synthetic assumed household; not measured Eatontown data
9,18,5,0.851997,Synthetic assumed household; not measured Eatontown data
9,18,6,1.298004,Synthetic assumed household; not measured Eatontown data
9,18,7,1.330753,Synthetic assumed household; not measured Eatontown data
9,18,8,1.399376,Synthetic assumed household; not measured Eatontown data
9,18,9,1.106657,Synthetic assumed household; not measured Eatontown data
9,18,10,0.831895,Synthetic assumed household; not measured Eatontown data
9,18,11,0.822460,Synthetic assumed household; not measured Eatontown data
9,18,12,0.780458,Synthetic assumed household; not measured Eatontown data
9,18,13,0.930084,Synthetic assumed household; not measured Eatontown data
9,18,14,0.917245,Synthetic assumed household; not measured Eatontown data
9,18,15,1.087215,Synthetic assumed household; not measured Eatontown data
9,18,16,1.158091,Synthetic assumed household; not measured Eatontown data
9,18,17,1.626639,Synthetic assumed household; not measured Eatontown data
9,18,18,1.901829,Synthetic assumed household; not measured Eatontown data
9,18,19,2.035036,Synthetic assumed household; not measured Eatontown data
9,18,20,1.740673,Synthetic assumed household; not measured Eatontown data
9,18,21,1.385128,Synthetic assumed household; not measured Eatontown data
9,18,22,0.967422,Synthetic assumed household; not measured Eatontown data
9,18,23,0.745641,Synthetic assumed household; not measured Eatontown data
9,19,0,0.642918,Synthetic assumed household; not measured Eatontown data
9,19,1,0.685470,Synthetic assumed household; not measured Eatontown data
9,19,2,0.663047,Synthetic assumed household; not measured Eatontown data
9,19,3,0.639327,Synthetic assumed household; not measured Eatontown data
9,19,4,0.787210,Synthetic assumed household; not measured Eatontown data
9,19,5,1.121737,Synthetic assumed household; not measured Eatontown data
9,19,6,1.629960,Synthetic assumed household; not measured Eatontown data
9,19,7,1.855212,Synthetic assumed household; not measured Eatontown data
9,19,8,1.715315,Synthetic assumed household; not measured Eatontown data
9,19,9,1.375716,Synthetic assumed household; not measured Eatontown data
9,19,10,1.146943,Synthetic assumed household; not measured Eatontown data
9,19,11,0.987482,Synthetic assumed household; not measured Eatontown data
9,19,12,0.976512,Synthetic assumed household; not measured Eatontown data
9,19,13,0.997966,Synthetic assumed household; not measured Eatontown data
9,19,14,1.095791,Synthetic assumed household; not measured Eatontown data
9,19,15,1.181006,Synthetic assumed household; not measured Eatontown data
9,19,16,1.650881,Synthetic assumed household; not measured Eatontown data
9,19,17,2.177298,Synthetic assumed household; not measured Eatontown data
9,19,18,2.651636,Synthetic assumed household; not measured Eatontown data
9,19,19,2.857606,Synthetic assumed household; not measured Eatontown data
9,19,20,2.408122,Synthetic assumed household; not measured Eatontown data
9,19,21,1.913226,Synthetic assumed household; not measured Eatontown data
9,19,22,1.164241,Synthetic assumed household; not measured Eatontown data
9,19,23,0.873172,Synthetic assumed household; not measured Eatontown data
9,20,0,0.581933,Synthetic assumed household; not measured Eatontown data
9,20,1,0.593201,Synthetic assumed household; not measured Eatontown data
9,20,2,0.590701,Synthetic assumed household; not measured Eatontown data
9,20,3,0.665097,Synthetic assumed household; not measured Eatontown data
9,20,4,0.624852,Synthetic assumed household; not measured Eatontown data
9,20,5,0.670526,Synthetic assumed household; not measured Eatontown data
9,20,6,0.762089,Synthetic assumed household; not measured Eatontown data
9,20,7,1.108633,Synthetic assumed household; not measured Eatontown data
9,20,8,1.640021,Synthetic assumed household; not measured Eatontown data
9,20,9,1.877941,Synthetic assumed household; not measured Eatontown data
9,20,10,1.524245,Synthetic assumed household; not measured Eatontown data
9,20,11,1.310636,Synthetic assumed household; not measured Eatontown data
9,20,12,1.144492,Synthetic assumed household; not measured Eatontown data
9,20,13,0.972067,Synthetic assumed household; not measured Eatontown data
9,20,14,0.967691,Synthetic assumed household; not measured Eatontown data
9,20,15,1.041177,Synthetic assumed household; not measured Eatontown data
9,20,16,1.296757,Synthetic assumed household; not measured Eatontown data
9,20,17,1.953074,Synthetic assumed household; not measured Eatontown data
9,20,18,2.387167,Synthetic assumed household; not measured Eatontown data
9,20,19,2.517741,Synthetic assumed household; not measured Eatontown data
9,20,20,2.352625,Synthetic assumed household; not measured Eatontown data
9,20,21,1.600447,Synthetic assumed household; not measured Eatontown data
9,20,22,1.264126,Synthetic assumed household; not measured Eatontown data
9,20,23,0.862059,Synthetic assumed household; not measured Eatontown data
9,21,0,0.597520,Synthetic assumed household; not measured Eatontown data
9,21,1,0.603796,Synthetic assumed household; not measured Eatontown data
9,21,2,0.676955,Synthetic assumed household; not measured Eatontown data
9,21,3,0.606310,Synthetic assumed household; not measured Eatontown data
9,21,4,0.702418,Synthetic assumed household; not measured Eatontown data
9,21,5,0.719113,Synthetic assumed household; not measured Eatontown data
9,21,6,0.770799,Synthetic assumed household; not measured Eatontown data
9,21,7,1.227694,Synthetic assumed household; not measured Eatontown data
9,21,8,1.612328,Synthetic assumed household; not measured Eatontown data
9,21,9,1.915125,Synthetic assumed household; not measured Eatontown data
9,21,10,1.550994,Synthetic assumed household; not measured Eatontown data
9,21,11,1.309178,Synthetic assumed household; not measured Eatontown data
9,21,12,1.113920,Synthetic assumed household; not measured Eatontown data
9,21,13,0.983259,Synthetic assumed household; not measured Eatontown data
9,21,14,1.032801,Synthetic assumed household; not measured Eatontown data
9,21,15,1.234722,Synthetic assumed household; not measured Eatontown data
9,21,16,1.431818,Synthetic assumed household; not measured Eatontown data
9,21,17,2.068188,Synthetic assumed household; not measured Eatontown data
9,21,18,2.513844,Synthetic assumed household; not measured Eatontown data
9,21,19,2.255076,Synthetic assumed household; not measured Eatontown data
9,21,20,2.179600,Synthetic assumed household; not measured Eatontown data
9,21,21,1.804272,Synthetic assumed household; not measured Eatontown data
9,21,22,1.213209,Synthetic assumed household; not measured Eatontown data
9,21,23,0.871415,Synthetic assumed household; not measured Eatontown data
9,22,0,0.685019,Synthetic assumed household; not measured Eatontown data
9,22,1,0.591028,Synthetic assumed household; not measured Eatontown data
9,22,2,0.593877,Synthetic assumed household; not measured Eatontown data
9,22,3,0.735638,Synthetic assumed household; not measured Eatontown data
9,22,4,0.768842,Synthetic assumed household; not measured Eatontown data
9,22,5,1.049619,Synthetic assumed household; not measured Eatontown data
9,22,6,1.519871,Synthetic assumed household; not measured Eatontown data
9,22,7,1.650380,Synthetic assumed household; not measured Eatontown data
9,22,8,1.714789,Synthetic assumed household; not measured Eatontown data
9,22,9,1.298645,Synthetic assumed household; not measured Eatontown data
9,22,10,1.076520,Synthetic assumed household; not measured Eatontown data
9,22,11,1.098260,Synthetic assumed household; not measured Eatontown data
9,22,12,1.032550,Synthetic assumed household; not measured Eatontown data
9,22,13,1.073166,Synthetic assumed household; not measured Eatontown data
9,22,14,1.077690,Synthetic assumed household; not measured Eatontown data
9,22,15,1.103656,Synthetic assumed household; not measured Eatontown data
9,22,16,1.554709,Synthetic assumed household; not measured Eatontown data
9,22,17,1.982462,Synthetic assumed household; not measured Eatontown data
9,22,18,2.539028,Synthetic assumed household; not measured Eatontown data
9,22,19,2.287016,Synthetic assumed household; not measured Eatontown data
9,22,20,2.366030,Synthetic assumed household; not measured Eatontown data
9,22,21,1.825818,Synthetic assumed household; not measured Eatontown data
9,22,22,1.211883,Synthetic assumed household; not measured Eatontown data
9,22,23,0.903941,Synthetic assumed household; not measured Eatontown data
9,23,0,0.696570,Synthetic assumed household; not measured Eatontown data
9,23,1,0.608299,Synthetic assumed household; not measured Eatontown data
9,23,2,0.605620,Synthetic assumed household; not measured Eatontown data
9,23,3,0.746982,Synthetic assumed household; not measured Eatontown data
9,23,4,0.866623,Synthetic assumed household; not measured Eatontown data
9,23,5,1.138997,Synthetic assumed household; not measured Eatontown data
9,23,6,1.692691,Synthetic assumed household; not measured Eatontown data
9,23,7,1.801260,Synthetic assumed household; not measured Eatontown data
9,23,8,1.465584,Synthetic assumed household; not measured Eatontown data
9,23,9,1.428234,Synthetic assumed household; not measured Eatontown data
9,23,10,1.116532,Synthetic assumed household; not measured Eatontown data
9,23,11,1.118781,Synthetic assumed household; not measured Eatontown data
9,23,12,1.013597,Synthetic assumed household; not measured Eatontown data
9,23,13,1.132165,Synthetic assumed household; not measured Eatontown data
9,23,14,1.173259,Synthetic assumed household; not measured Eatontown data
9,23,15,1.345684,Synthetic assumed household; not measured Eatontown data
9,23,16,1.529702,Synthetic assumed household; not measured Eatontown data
9,23,17,1.844887,Synthetic assumed household; not measured Eatontown data
9,23,18,2.192123,Synthetic assumed household; not measured Eatontown data
9,23,19,2.657772,Synthetic assumed household; not measured Eatontown data
9,23,20,2.252172,Synthetic assumed household; not measured Eatontown data
9,23,21,1.641731,Synthetic assumed household; not measured Eatontown data
9,23,22,1.157325,Synthetic assumed household; not measured Eatontown data
9,23,23,0.989988,Synthetic assumed household; not measured Eatontown data
9,24,0,0.539854,Synthetic assumed household; not measured Eatontown data
9,24,1,0.516279,Synthetic assumed household; not measured Eatontown data
9,24,2,0.610014,Synthetic assumed household; not measured Eatontown data
9,24,3,0.634818,Synthetic assumed household; not measured Eatontown data
9,24,4,0.650829,Synthetic assumed household; not measured Eatontown data
9,24,5,1.039006,Synthetic assumed household; not measured Eatontown data
9,24,6,1.221627,Synthetic assumed household; not measured Eatontown data
9,24,7,1.576174,Synthetic assumed household; not measured Eatontown data
9,24,8,1.314094,Synthetic assumed household; not measured Eatontown data
9,24,9,1.158012,Synthetic assumed household; not measured Eatontown data
9,24,10,0.942335,Synthetic assumed household; not measured Eatontown data
9,24,11,0.800733,Synthetic assumed household; not measured Eatontown data
9,24,12,0.885241,Synthetic assumed household; not measured Eatontown data
9,24,13,0.901252,Synthetic assumed household; not measured Eatontown data
9,24,14,1.004250,Synthetic assumed household; not measured Eatontown data
9,24,15,1.001436,Synthetic assumed household; not measured Eatontown data
9,24,16,1.321078,Synthetic assumed household; not measured Eatontown data
9,24,17,1.531216,Synthetic assumed household; not measured Eatontown data
9,24,18,2.101867,Synthetic assumed household; not measured Eatontown data
9,24,19,2.326233,Synthetic assumed household; not measured Eatontown data
9,24,20,1.976280,Synthetic assumed household; not measured Eatontown data
9,24,21,1.518246,Synthetic assumed household; not measured Eatontown data
9,24,22,1.151334,Synthetic assumed household; not measured Eatontown data
9,24,23,0.762979,Synthetic assumed household; not measured Eatontown data
9,25,0,0.569682,Synthetic assumed household; not measured Eatontown data
9,25,1,0.609165,Synthetic assumed household; not measured Eatontown data
9,25,2,0.622497,Synthetic assumed household; not measured Eatontown data
9,25,3,0.635336,Synthetic assumed household; not measured Eatontown data
9,25,4,0.734776,Synthetic assumed household; not measured Eatontown data
9,25,5,1.004119,Synthetic assumed household; not measured Eatontown data
9,25,6,1.249086,Synthetic assumed household; not measured Eatontown data
9,25,7,1.517852,Synthetic assumed household; not measured Eatontown data
9,25,8,1.431384,Synthetic assumed household; not measured Eatontown data
9,25,9,1.093676,Synthetic assumed household; not measured Eatontown data
9,25,10,0.995688,Synthetic assumed household; not measured Eatontown data
9,25,11,0.847092,Synthetic assumed household; not measured Eatontown data
9,25,12,0.930394,Synthetic assumed household; not measured Eatontown data
9,25,13,0.984209,Synthetic assumed household; not measured Eatontown data
9,25,14,0.998549,Synthetic assumed household; not measured Eatontown data
9,25,15,1.047331,Synthetic assumed household; not measured Eatontown data
9,25,16,1.320970,Synthetic assumed household; not measured Eatontown data
9,25,17,1.877256,Synthetic assumed household; not measured Eatontown data
9,25,18,2.126806,Synthetic assumed household; not measured Eatontown data
9,25,19,2.129596,Synthetic assumed household; not measured Eatontown data
9,25,20,1.915888,Synthetic assumed household; not measured Eatontown data
9,25,21,1.726304,Synthetic assumed household; not measured Eatontown data
9,25,22,1.199124,Synthetic assumed household; not measured Eatontown data
9,25,23,0.808688,Synthetic assumed household; not measured Eatontown data
9,26,0,0.481786,Synthetic assumed household; not measured Eatontown data
9,26,1,0.485555,Synthetic assumed household; not measured Eatontown data
9,26,2,0.487716,Synthetic assumed household; not measured Eatontown data
9,26,3,0.524077,Synthetic assumed household; not measured Eatontown data
9,26,4,0.671442,Synthetic assumed household; not measured Eatontown data
9,26,5,0.857412,Synthetic assumed household; not measured Eatontown data
9,26,6,1.299808,Synthetic assumed household; not measured Eatontown data
9,26,7,1.454683,Synthetic assumed household; not measured Eatontown data
9,26,8,1.254965,Synthetic assumed household; not measured Eatontown data
9,26,9,1.007764,Synthetic assumed household; not measured Eatontown data
9,26,10,0.805318,Synthetic assumed household; not measured Eatontown data
9,26,11,0.833560,Synthetic assumed household; not measured Eatontown data
9,26,12,0.786752,Synthetic assumed household; not measured Eatontown data
9,26,13,0.906678,Synthetic assumed household; not measured Eatontown data
9,26,14,0.851390,Synthetic assumed household; not measured Eatontown data
9,26,15,0.937127,Synthetic assumed household; not measured Eatontown data
9,26,16,1.198487,Synthetic assumed household; not measured Eatontown data
9,26,17,1.456770,Synthetic assumed household; not measured Eatontown data
9,26,18,2.103247,Synthetic assumed household; not measured Eatontown data
9,26,19,2.012176,Synthetic assumed household; not measured Eatontown data
9,26,20,1.928143,Synthetic assumed household; not measured Eatontown data
9,26,21,1.449428,Synthetic assumed household; not measured Eatontown data
9,26,22,1.062609,Synthetic assumed household; not measured Eatontown data
9,26,23,0.755207,Synthetic assumed household; not measured Eatontown data
9,27,0,0.569844,Synthetic assumed household; not measured Eatontown data
9,27,1,0.559994,Synthetic assumed household; not measured Eatontown data
9,27,2,0.488985,Synthetic assumed household; not measured Eatontown data
9,27,3,0.490224,Synthetic assumed household; not measured Eatontown data
9,27,4,0.557446,Synthetic assumed household; not measured Eatontown data
9,27,5,0.579495,Synthetic assumed household; not measured Eatontown data
9,27,6,0.739779,Synthetic assumed household; not measured Eatontown data
9,27,7,0.877954,Synthetic assumed household; not measured Eatontown data
9,27,8,1.307957,Synthetic assumed household; not measured Eatontown data
9,27,9,1.353538,Synthetic assumed household; not measured Eatontown data
9,27,10,1.306916,Synthetic assumed household; not measured Eatontown data
9,27,11,1.093401,Synthetic assumed household; not measured Eatontown data
9,27,12,0.974116,Synthetic assumed household; not measured Eatontown data
9,27,13,0.935305,Synthetic assumed household; not measured Eatontown data
9,27,14,0.968037,Synthetic assumed household; not measured Eatontown data
9,27,15,1.077331,Synthetic assumed household; not measured Eatontown data
9,27,16,1.229795,Synthetic assumed household; not measured Eatontown data
9,27,17,1.559726,Synthetic assumed household; not measured Eatontown data
9,27,18,1.970296,Synthetic assumed household; not measured Eatontown data
9,27,19,2.259201,Synthetic assumed household; not measured Eatontown data
9,27,20,1.812925,Synthetic assumed household; not measured Eatontown data
9,27,21,1.489299,Synthetic assumed household; not measured Eatontown data
9,27,22,1.049716,Synthetic assumed household; not measured Eatontown data
9,27,23,0.709977,Synthetic assumed household; not measured Eatontown data
9,28,0,0.484848,Synthetic assumed household; not measured Eatontown data
9,28,1,0.473266,Synthetic assumed household; not measured Eatontown data
9,28,2,0.483859,Synthetic assumed household; not measured Eatontown data
9,28,3,0.475199,Synthetic assumed household; not measured Eatontown data
9,28,4,0.584485,Synthetic assumed household; not measured Eatontown data
9,28,5,0.611892,Synthetic assumed household; not measured Eatontown data
9,28,6,0.652232,Synthetic assumed household; not measured Eatontown data
9,28,7,0.986878,Synthetic assumed household; not measured Eatontown data
9,28,8,1.345516,Synthetic assumed household; not measured Eatontown data
9,28,9,1.491098,Synthetic assumed household; not measured Eatontown data
9,28,10,1.459343,Synthetic assumed household; not measured Eatontown data
9,28,11,1.245127,Synthetic assumed household; not measured Eatontown data
9,28,12,0.923306,Synthetic assumed household; not measured Eatontown data
9,28,13,0.869791,Synthetic assumed household; not measured Eatontown data
9,28,14,0.900022,Synthetic assumed household; not measured Eatontown data
9,28,15,0.985951,Synthetic assumed household; not measured Eatontown data
9,28,16,1.096151,Synthetic assumed household; not measured Eatontown data
9,28,17,1.467721,Synthetic assumed household; not measured Eatontown data
9,28,18,1.801041,Synthetic assumed household; not measured Eatontown data
9,28,19,2.159396,Synthetic assumed household; not measured Eatontown data
9,28,20,2.049435,Synthetic assumed household; not measured Eatontown data
9,28,21,1.439177,Synthetic assumed household; not measured Eatontown data
9,28,22,1.090144,Synthetic assumed household; not measured Eatontown data
9,28,23,0.741750,Synthetic assumed household; not measured Eatontown data
9,29,0,0.510987,Synthetic assumed household; not measured Eatontown data
9,29,1,0.538434,Synthetic assumed household; not measured Eatontown data
9,29,2,0.464638,Synthetic assumed household; not measured Eatontown data
9,29,3,0.487842,Synthetic assumed household; not measured Eatontown data
9,29,4,0.665507,Synthetic assumed household; not measured Eatontown data
9,29,5,0.925632,Synthetic assumed household; not measured Eatontown data
9,29,6,1.313070,Synthetic assumed household; not measured Eatontown data
9,29,7,1.460571,Synthetic assumed household; not measured Eatontown data
9,29,8,1.315554,Synthetic assumed household; not measured Eatontown data
9,29,9,1.027607,Synthetic assumed household; not measured Eatontown data
9,29,10,0.845252,Synthetic assumed household; not measured Eatontown data
9,29,11,0.759389,Synthetic assumed household; not measured Eatontown data
9,29,12,0.809170,Synthetic assumed household; not measured Eatontown data
9,29,13,0.833340,Synthetic assumed household; not measured Eatontown data
9,29,14,0.881295,Synthetic assumed household; not measured Eatontown data
9,29,15,0.973388,Synthetic assumed household; not measured Eatontown data
9,29,16,1.206897,Synthetic assumed household; not measured Eatontown data
9,29,17,1.607849,Synthetic assumed household; not measured Eatontown data
9,29,18,1.856429,Synthetic assumed household; not measured Eatontown data
9,29,19,2.080766,Synthetic assumed household; not measured Eatontown data
9,29,20,1.813311,Synthetic assumed household; not measured Eatontown data
9,29,21,1.369890,Synthetic assumed household; not measured Eatontown data
9,29,22,0.941726,Synthetic assumed household; not measured Eatontown data
9,29,23,0.639974,Synthetic assumed household; not measured Eatontown data
9,30,0,0.604585,Synthetic assumed household; not measured Eatontown data
9,30,1,0.612400,Synthetic assumed household; not measured Eatontown data
9,30,2,0.622052,Synthetic assumed household; not measured Eatontown data
9,30,3,0.717990,Synthetic assumed household; not measured Eatontown data
9,30,4,0.766914,Synthetic assumed household; not measured Eatontown data
9,30,5,1.125728,Synthetic assumed household; not measured Eatontown data
9,30,6,1.321474,Synthetic assumed household; not measured Eatontown data
9,30,7,1.594890,Synthetic assumed household; not measured Eatontown data
9,30,8,1.437774,Synthetic assumed household; not measured Eatontown data
9,30,9,1.191506,Synthetic assumed household; not measured Eatontown data
9,30,10,0.965325,Synthetic assumed household; not measured Eatontown data
9,30,11,0.912572,Synthetic assumed household; not measured Eatontown data
9,30,12,1.070469,Synthetic assumed household; not measured Eatontown data
9,30,13,0.986563,Synthetic assumed household; not measured Eatontown data
9,30,14,1.077354,Synthetic assumed household; not measured Eatontown data
9,30,15,1.241008,Synthetic assumed household; not measured Eatontown data
9,30,16,1.466022,Synthetic assumed household; not measured Eatontown data
9,30,17,1.708395,Synthetic assumed household; not measured Eatontown data
9,30,18,2.176197,Synthetic assumed household; not measured Eatontown data
9,30,19,2.536739,Synthetic assumed household; not measured Eatontown data
9,30,20,2.401716,Synthetic assumed household; not measured Eatontown data
9,30,21,1.810575,Synthetic assumed household; not measured Eatontown data
9,30,22,1.233950,Synthetic assumed household; not measured Eatontown data
9,30,23,0.895447,Synthetic assumed household; not measured Eatontown data
10,1,0,0.630457,Synthetic assumed household; not measured Eatontown data
10,1,1,0.636725,Synthetic assumed household; not measured Eatontown data
10,1,2,0.617150,Synthetic assumed household; not measured Eatontown data
10,1,3,0.610812,Synthetic assumed household; not measured Eatontown data
10,1,4,0.803614,Synthetic assumed household; not measured Eatontown data
10,1,5,1.082769,Synthetic assumed household; not measured Eatontown data
10,1,6,1.309163,Synthetic assumed household; not measured Eatontown data
10,1,7,1.514540,Synthetic assumed household; not measured Eatontown data
10,1,8,1.513660,Synthetic assumed household; not measured Eatontown data
10,1,9,1.094974,Synthetic assumed household; not measured Eatontown data
10,1,10,0.970252,Synthetic assumed household; not measured Eatontown data
10,1,11,1.027727,Synthetic assumed household; not measured Eatontown data
10,1,12,0.919767,Synthetic assumed household; not measured Eatontown data
10,1,13,0.928922,Synthetic assumed household; not measured Eatontown data
10,1,14,0.928953,Synthetic assumed household; not measured Eatontown data
10,1,15,1.015421,Synthetic assumed household; not measured Eatontown data
10,1,16,1.479984,Synthetic assumed household; not measured Eatontown data
10,1,17,1.733506,Synthetic assumed household; not measured Eatontown data
10,1,18,2.046284,Synthetic assumed household; not measured Eatontown data
10,1,19,2.509213,Synthetic assumed household; not measured Eatontown data
10,1,20,2.295870,Synthetic assumed household; not measured Eatontown data
10,1,21,1.488608,Synthetic assumed household; not measured Eatontown data
10,1,22,1.053210,Synthetic assumed household; not measured Eatontown data
10,1,23,0.816045,Synthetic assumed household; not measured Eatontown data
10,2,0,0.519127,Synthetic assumed household; not measured Eatontown data
10,2,1,0.531530,Synthetic assumed household; not measured Eatontown data
10,2,2,0.541427,Synthetic assumed household; not measured Eatontown data
10,2,3,0.583846,Synthetic assumed household; not measured Eatontown data
10,2,4,0.701985,Synthetic assumed household; not measured Eatontown data
10,2,5,0.899816,Synthetic assumed household; not measured Eatontown data
10,2,6,1.436356,Synthetic assumed household; not measured Eatontown data
10,2,7,1.451067,Synthetic assumed household; not measured Eatontown data
10,2,8,1.302264,Synthetic assumed household; not measured Eatontown data
10,2,9,1.166559,Synthetic assumed household; not measured Eatontown data
10,2,10,0.934858,Synthetic assumed household; not measured Eatontown data
10,2,11,0.913318,Synthetic assumed household; not measured Eatontown data
10,2,12,0.941480,Synthetic assumed household; not measured Eatontown data
10,2,13,1.010899,Synthetic assumed household; not measured Eatontown data
10,2,14,0.952724,Synthetic assumed household; not measured Eatontown data
10,2,15,1.052169,Synthetic assumed household; not measured Eatontown data
10,2,16,1.387522,Synthetic assumed household; not measured Eatontown data
10,2,17,1.554208,Synthetic assumed household; not measured Eatontown data
10,2,18,1.910692,Synthetic assumed household; not measured Eatontown data
10,2,19,2.273077,Synthetic assumed household; not measured Eatontown data
10,2,20,2.123137,Synthetic assumed household; not measured Eatontown data
10,2,21,1.689850,Synthetic assumed household; not measured Eatontown data
10,2,22,1.160311,Synthetic assumed household; not measured Eatontown data
10,2,23,0.709944,Synthetic assumed household; not measured Eatontown data
10,3,0,0.487447,Synthetic assumed household; not measured Eatontown data
10,3,1,0.511096,Synthetic assumed household; not measured Eatontown data
10,3,2,0.520783,Synthetic assumed household; not measured Eatontown data
10,3,3,0.475097,Synthetic assumed household; not measured Eatontown data
10,3,4,0.585995,Synthetic assumed household; not measured Eatontown data
10,3,5,0.827121,Synthetic assumed household; not measured Eatontown data
10,3,6,1.130825,Synthetic assumed household; not measured Eatontown data
10,3,7,1.346977,Synthetic assumed household; not measured Eatontown data
10,3,8,1.089121,Synthetic assumed household; not measured Eatontown data
10,3,9,0.978451,Synthetic assumed household; not measured Eatontown data
10,3,10,0.762169,Synthetic assumed household; not measured Eatontown data
10,3,11,0.693000,Synthetic assumed household; not measured Eatontown data
10,3,12,0.818017,Synthetic assumed household; not measured Eatontown data
10,3,13,0.778171,Synthetic assumed household; not measured Eatontown data
10,3,14,0.802177,Synthetic assumed household; not measured Eatontown data
10,3,15,0.945877,Synthetic assumed household; not measured Eatontown data
10,3,16,1.042516,Synthetic assumed household; not measured Eatontown data
10,3,17,1.513541,Synthetic assumed household; not measured Eatontown data
10,3,18,1.698595,Synthetic assumed household; not measured Eatontown data
10,3,19,1.882780,Synthetic assumed household; not measured Eatontown data
10,3,20,1.558753,Synthetic assumed household; not measured Eatontown data
10,3,21,1.278367,Synthetic assumed household; not measured Eatontown data
10,3,22,0.968672,Synthetic assumed household; not measured Eatontown data
10,3,23,0.642573,Synthetic assumed household; not measured Eatontown data
10,4,0,0.522454,Synthetic assumed household; not measured Eatontown data
10,4,1,0.590154,Synthetic assumed household; not measured Eatontown data
10,4,2,0.553242,Synthetic assumed household; not measured Eatontown data
10,4,3,0.533073,Synthetic assumed household; not measured Eatontown data
10,4,4,0.606911,Synthetic assumed household; not measured Eatontown data
10,4,5,0.601081,Synthetic assumed household; not measured Eatontown data
10,4,6,0.728505,Synthetic assumed household; not measured Eatontown data
10,4,7,1.018368,Synthetic assumed household; not measured Eatontown data
10,4,8,1.498343,Synthetic assumed household; not measured Eatontown data
10,4,9,1.713734,Synthetic assumed household; not measured Eatontown data
10,4,10,1.482957,Synthetic assumed household; not measured Eatontown data
10,4,11,1.142332,Synthetic assumed household; not measured Eatontown data
10,4,12,0.979690,Synthetic assumed household; not measured Eatontown data
10,4,13,0.875431,Synthetic assumed household; not measured Eatontown data
10,4,14,1.030906,Synthetic assumed household; not measured Eatontown data
10,4,15,1.156113,Synthetic assumed household; not measured Eatontown data
10,4,16,1.190791,Synthetic assumed household; not measured Eatontown data
10,4,17,1.622659,Synthetic assumed household; not measured Eatontown data
10,4,18,2.273731,Synthetic assumed household; not measured Eatontown data
10,4,19,2.074248,Synthetic assumed household; not measured Eatontown data
10,4,20,1.833153,Synthetic assumed household; not measured Eatontown data
10,4,21,1.631198,Synthetic assumed household; not measured Eatontown data
10,4,22,1.124501,Synthetic assumed household; not measured Eatontown data
10,4,23,0.803515,Synthetic assumed household; not measured Eatontown data
10,5,0,0.542837,Synthetic assumed household; not measured Eatontown data
10,5,1,0.611277,Synthetic assumed household; not measured Eatontown data
10,5,2,0.621420,Synthetic assumed household; not measured Eatontown data
10,5,3,0.616937,Synthetic assumed household; not measured Eatontown data
10,5,4,0.609337,Synthetic assumed household; not measured Eatontown data
10,5,5,0.622118,Synthetic assumed household; not measured Eatontown data
10,5,6,0.771355,Synthetic assumed household; not measured Eatontown data
10,5,7,1.128245,Synthetic assumed household; not measured Eatontown data
10,5,8,1.500146,Synthetic assumed household; not measured Eatontown data
10,5,9,1.648961,Synthetic assumed household; not measured Eatontown data
10,5,10,1.695731,Synthetic assumed household; not measured Eatontown data
10,5,11,1.446508,Synthetic assumed household; not measured Eatontown data
10,5,12,1.008071,Synthetic assumed household; not measured Eatontown data
10,5,13,0.983845,Synthetic assumed household; not measured Eatontown data
10,5,14,1.035804,Synthetic assumed household; not measured Eatontown data
10,5,15,1.220715,Synthetic assumed household; not measured Eatontown data
10,5,16,1.432233,Synthetic assumed household; not measured Eatontown data
10,5,17,1.767616,Synthetic assumed household; not measured Eatontown data
10,5,18,2.069402,Synthetic assumed household; not measured Eatontown data
10,5,19,2.378768,Synthetic assumed household; not measured Eatontown data
10,5,20,2.253627,Synthetic assumed household; not measured Eatontown data
10,5,21,1.694475,Synthetic assumed household; not measured Eatontown data
10,5,22,1.201036,Synthetic assumed household; not measured Eatontown data
10,5,23,0.892847,Synthetic assumed household; not measured Eatontown data
10,6,0,0.561263,Synthetic assumed household; not measured Eatontown data
10,6,1,0.538346,Synthetic assumed household; not measured Eatontown data
10,6,2,0.556564,Synthetic assumed household; not measured Eatontown data
10,6,3,0.557435,Synthetic assumed household; not measured Eatontown data
10,6,4,0.711987,Synthetic assumed household; not measured Eatontown data
10,6,5,1.053315,Synthetic assumed household; not measured Eatontown data
10,6,6,1.425622,Synthetic assumed household; not measured Eatontown data
10,6,7,1.434194,Synthetic assumed household; not measured Eatontown data
10,6,8,1.566263,Synthetic assumed household; not measured Eatontown data
10,6,9,1.095259,Synthetic assumed household; not measured Eatontown data
10,6,10,0.872017,Synthetic assumed household; not measured Eatontown data
10,6,11,0.909125,Synthetic assumed household; not measured Eatontown data
10,6,12,0.924904,Synthetic assumed household; not measured Eatontown data
10,6,13,0.997524,Synthetic assumed household; not measured Eatontown data
10,6,14,0.915849,Synthetic assumed household; not measured Eatontown data
10,6,15,0.978937,Synthetic assumed household; not measured Eatontown data
10,6,16,1.401425,Synthetic assumed household; not measured Eatontown data
10,6,17,1.748461,Synthetic assumed household; not measured Eatontown data
10,6,18,2.003467,Synthetic assumed household; not measured Eatontown data
10,6,19,2.389471,Synthetic assumed household; not measured Eatontown data
10,6,20,2.139846,Synthetic assumed household; not measured Eatontown data
10,6,21,1.733787,Synthetic assumed household; not measured Eatontown data
10,6,22,1.023563,Synthetic assumed household; not measured Eatontown data
10,6,23,0.726012,Synthetic assumed household; not measured Eatontown data
10,7,0,0.516661,Synthetic assumed household; not measured Eatontown data
10,7,1,0.489923,Synthetic assumed household; not measured Eatontown data
10,7,2,0.464197,Synthetic assumed household; not measured Eatontown data
10,7,3,0.557300,Synthetic assumed household; not measured Eatontown data
10,7,4,0.599765,Synthetic assumed household; not measured Eatontown data
10,7,5,0.851712,Synthetic assumed household; not measured Eatontown data
10,7,6,1.254619,Synthetic assumed household; not measured Eatontown data
10,7,7,1.352245,Synthetic assumed household; not measured Eatontown data
10,7,8,1.376978,Synthetic assumed household; not measured Eatontown data
10,7,9,1.069600,Synthetic assumed household; not measured Eatontown data
10,7,10,0.917722,Synthetic assumed household; not measured Eatontown data
10,7,11,0.802753,Synthetic assumed household; not measured Eatontown data
10,7,12,0.874960,Synthetic assumed household; not measured Eatontown data
10,7,13,0.856802,Synthetic assumed household; not measured Eatontown data
10,7,14,0.871083,Synthetic assumed household; not measured Eatontown data
10,7,15,0.970112,Synthetic assumed household; not measured Eatontown data
10,7,16,1.130101,Synthetic assumed household; not measured Eatontown data
10,7,17,1.446561,Synthetic assumed household; not measured Eatontown data
10,7,18,1.966442,Synthetic assumed household; not measured Eatontown data
10,7,19,2.080478,Synthetic assumed household; not measured Eatontown data
10,7,20,1.864825,Synthetic assumed household; not measured Eatontown data
10,7,21,1.450898,Synthetic assumed household; not measured Eatontown data
10,7,22,0.981340,Synthetic assumed household; not measured Eatontown data
10,7,23,0.665631,Synthetic assumed household; not measured Eatontown data
10,8,0,0.501276,Synthetic assumed household; not measured Eatontown data
10,8,1,0.525771,Synthetic assumed household; not measured Eatontown data
10,8,2,0.485651,Synthetic assumed household; not measured Eatontown data
10,8,3,0.486895,Synthetic assumed household; not measured Eatontown data
10,8,4,0.661508,Synthetic assumed household; not measured Eatontown data
10,8,5,0.925770,Synthetic assumed household; not measured Eatontown data
10,8,6,1.074381,Synthetic assumed household; not measured Eatontown data
10,8,7,1.219032,Synthetic assumed household; not measured Eatontown data
10,8,8,1.324489,Synthetic assumed household; not measured Eatontown data
10,8,9,0.981916,Synthetic assumed household; not measured Eatontown data
10,8,10,0.809382,Synthetic assumed household; not measured Eatontown data
10,8,11,0.755239,Synthetic assumed household; not measured Eatontown data
10,8,12,0.797924,Synthetic assumed household; not measured Eatontown data
10,8,13,0.832126,Synthetic assumed household; not measured Eatontown data
10,8,14,0.850134,Synthetic assumed household; not measured Eatontown data
10,8,15,0.912078,Synthetic assumed household; not measured Eatontown data
10,8,16,1.086316,Synthetic assumed household; not measured Eatontown data
10,8,17,1.479219,Synthetic assumed household; not measured Eatontown data
10,8,18,1.793031,Synthetic assumed household; not measured Eatontown data
10,8,19,1.928956,Synthetic assumed household; not measured Eatontown data
10,8,20,1.916431,Synthetic assumed household; not measured Eatontown data
10,8,21,1.358828,Synthetic assumed household; not measured Eatontown data
10,8,22,1.047271,Synthetic assumed household; not measured Eatontown data
10,8,23,0.730544,Synthetic assumed household; not measured Eatontown data
10,9,0,0.426713,Synthetic assumed household; not measured Eatontown data
10,9,1,0.481283,Synthetic assumed household; not measured Eatontown data
10,9,2,0.432427,Synthetic assumed household; not measured Eatontown data
10,9,3,0.515303,Synthetic assumed household; not measured Eatontown data
10,9,4,0.636509,Synthetic assumed household; not measured Eatontown data
10,9,5,0.750200,Synthetic assumed household; not measured Eatontown data
10,9,6,1.033206,Synthetic assumed household; not measured Eatontown data
10,9,7,1.242525,Synthetic assumed household; not measured Eatontown data
10,9,8,1.205767,Synthetic assumed household; not measured Eatontown data
10,9,9,1.004407,Synthetic assumed household; not measured Eatontown data
10,9,10,0.745021,Synthetic assumed household; not measured Eatontown data
10,9,11,0.790632,Synthetic assumed household; not measured Eatontown data
10,9,12,0.757247,Synthetic assumed household; not measured Eatontown data
10,9,13,0.750577,Synthetic assumed household; not measured Eatontown data
10,9,14,0.731834,Synthetic assumed household; not measured Eatontown data
10,9,15,0.883633,Synthetic assumed household; not measured Eatontown data
10,9,16,0.968076,Synthetic assumed household; not measured Eatontown data
10,9,17,1.287479,Synthetic assumed household; not measured Eatontown data
10,9,18,1.658803,Synthetic assumed household; not measured Eatontown data
10,9,19,2.004729,Synthetic assumed household; not measured Eatontown data
10,9,20,1.584750,Synthetic assumed household; not measured Eatontown data
10,9,21,1.269592,Synthetic assumed household; not measured Eatontown data
10,9,22,0.946631,Synthetic assumed household; not measured Eatontown data
10,9,23,0.595602,Synthetic assumed household; not measured Eatontown data
10,10,0,0.478607,Synthetic assumed household; not measured Eatontown data
10,10,1,0.568420,Synthetic assumed household; not measured Eatontown data
10,10,2,0.574346,Synthetic assumed household; not measured Eatontown data
10,10,3,0.532707,Synthetic assumed household; not measured Eatontown data
10,10,4,0.720255,Synthetic assumed household; not measured Eatontown data
10,10,5,0.924665,Synthetic assumed household; not measured Eatontown data
10,10,6,1.156257,Synthetic assumed household; not measured Eatontown data
10,10,7,1.382126,Synthetic assumed household; not measured Eatontown data
10,10,8,1.408231,Synthetic assumed household; not measured Eatontown data
10,10,9,1.035161,Synthetic assumed household; not measured Eatontown data
10,10,10,0.885606,Synthetic assumed household; not measured Eatontown data
10,10,11,0.838202,Synthetic assumed household; not measured Eatontown data
10,10,12,0.914575,Synthetic assumed household; not measured Eatontown data
10,10,13,0.921407,Synthetic assumed household; not measured Eatontown data
10,10,14,0.899028,Synthetic assumed household; not measured Eatontown data
10,10,15,1.037665,Synthetic assumed household; not measured Eatontown data
10,10,16,1.242093,Synthetic assumed household; not measured Eatontown data
10,10,17,1.661103,Synthetic assumed household; not measured Eatontown data
10,10,18,1.944418,Synthetic assumed household; not measured Eatontown data
10,10,19,2.066509,Synthetic assumed household; not measured Eatontown data
10,10,20,1.863352,Synthetic assumed household; not measured Eatontown data
10,10,21,1.437849,Synthetic assumed household; not measured Eatontown data
10,10,22,1.095408,Synthetic assumed household; not measured Eatontown data
10,10,23,0.706359,Synthetic assumed household; not measured Eatontown data
10,11,0,0.572356,Synthetic assumed household; not measured Eatontown data
10,11,1,0.544199,Synthetic assumed household; not measured Eatontown data
10,11,2,0.524942,Synthetic assumed household; not measured Eatontown data
10,11,3,0.544594,Synthetic assumed household; not measured Eatontown data
10,11,4,0.569395,Synthetic assumed household; not measured Eatontown data
10,11,5,0.658844,Synthetic assumed household; not measured Eatontown data
10,11,6,0.789219,Synthetic assumed household; not measured Eatontown data
10,11,7,1.061005,Synthetic assumed household; not measured Eatontown data
10,11,8,1.421409,Synthetic assumed household; not measured Eatontown data
10,11,9,1.713757,Synthetic assumed household; not measured Eatontown data
10,11,10,1.567226,Synthetic assumed household; not measured Eatontown data
10,11,11,1.262085,Synthetic assumed household; not measured Eatontown data
10,11,12,1.102052,Synthetic assumed household; not measured Eatontown data
10,11,13,0.997388,Synthetic assumed household; not measured Eatontown data
10,11,14,0.970208,Synthetic assumed household; not measured Eatontown data
10,11,15,0.968949,Synthetic assumed household; not measured Eatontown data
10,11,16,1.296597,Synthetic assumed household; not measured Eatontown data
10,11,17,1.560411,Synthetic assumed household; not measured Eatontown data
10,11,18,2.094871,Synthetic assumed household; not measured Eatontown data
10,11,19,2.227715,Synthetic assumed household; not measured Eatontown data
10,11,20,1.805396,Synthetic assumed household; not measured Eatontown data
10,11,21,1.551706,Synthetic assumed household; not measured Eatontown data
10,11,22,1.008336,Synthetic assumed household; not measured Eatontown data
10,11,23,0.767301,Synthetic assumed household; not measured Eatontown data
10,12,0,0.521709,Synthetic assumed household; not measured Eatontown data
10,12,1,0.613938,Synthetic assumed household; not measured Eatontown data
10,12,2,0.528852,Synthetic assumed household; not measured Eatontown data
10,12,3,0.512208,Synthetic assumed household; not measured Eatontown data
10,12,4,0.608427,Synthetic assumed household; not measured Eatontown data
10,12,5,0.583616,Synthetic assumed household; not measured Eatontown data
10,12,6,0.776603,Synthetic assumed household; not measured Eatontown data
10,12,7,1.112363,Synthetic assumed household; not measured Eatontown data
10,12,8,1.391478,Synthetic assumed household; not measured Eatontown data
10,12,9,1.726898,Synthetic assumed household; not measured Eatontown data
10,12,10,1.566036,Synthetic assumed household; not measured Eatontown data
10,12,11,1.242758,Synthetic assumed household; not measured Eatontown data
10,12,12,0.963596,Synthetic assumed household; not measured Eatontown data
10,12,13,1.046380,Synthetic assumed household; not measured Eatontown data
10,12,14,0.883482,Synthetic assumed household; not measured Eatontown data
10,12,15,1.054119,Synthetic assumed household; not measured Eatontown data
10,12,16,1.283363,Synthetic assumed household; not measured Eatontown data
10,12,17,1.815931,Synthetic assumed household; not measured Eatontown data
10,12,18,2.008769,Synthetic assumed household; not measured Eatontown data
10,12,19,2.126844,Synthetic assumed household; not measured Eatontown data
10,12,20,1.864433,Synthetic assumed household; not measured Eatontown data
10,12,21,1.434158,Synthetic assumed household; not measured Eatontown data
10,12,22,1.022716,Synthetic assumed household; not measured Eatontown data
10,12,23,0.729654,Synthetic assumed household; not measured Eatontown data
10,13,0,0.425884,Synthetic assumed household; not measured Eatontown data
10,13,1,0.446696,Synthetic assumed household; not measured Eatontown data
10,13,2,0.461232,Synthetic assumed household; not measured Eatontown data
10,13,3,0.465171,Synthetic assumed household; not measured Eatontown data
10,13,4,0.610752,Synthetic assumed household; not measured Eatontown data
10,13,5,0.788734,Synthetic assumed household; not measured Eatontown data
10,13,6,0.998709,Synthetic assumed household; not measured Eatontown data
10,13,7,1.145954,Synthetic assumed household; not measured Eatontown data
10,13,8,1.130803,Synthetic assumed household; not measured Eatontown data
10,13,9,0.894800,Synthetic assumed household; not measured Eatontown data
10,13,10,0.756345,Synthetic assumed household; not measured Eatontown data
10,13,11,0.703962,Synthetic assumed household; not measured Eatontown data
10,13,12,0.728184,Synthetic assumed household; not measured Eatontown data
10,13,13,0.819725,Synthetic assumed household; not measured Eatontown data
10,13,14,0.736396,Synthetic assumed household; not measured Eatontown data
10,13,15,0.824397,Synthetic assumed household; not measured Eatontown data
10,13,16,1.126813,Synthetic assumed household; not measured Eatontown data
10,13,17,1.415946,Synthetic assumed household; not measured Eatontown data
10,13,18,1.710741,Synthetic assumed household; not measured Eatontown data
10,13,19,1.929518,Synthetic assumed household; not measured Eatontown data
10,13,20,1.621747,Synthetic assumed household; not measured Eatontown data
10,13,21,1.182462,Synthetic assumed household; not measured Eatontown data
10,13,22,0.820995,Synthetic assumed household; not measured Eatontown data
10,13,23,0.640960,Synthetic assumed household; not measured Eatontown data
10,14,0,0.481397,Synthetic assumed household; not measured Eatontown data
10,14,1,0.474693,Synthetic assumed household; not measured Eatontown data
10,14,2,0.463105,Synthetic assumed household; not measured Eatontown data
10,14,3,0.558530,Synthetic assumed household; not measured Eatontown data
10,14,4,0.592792,Synthetic assumed household; not measured Eatontown data
10,14,5,0.929549,Synthetic assumed household; not measured Eatontown data
10,14,6,1.188302,Synthetic assumed household; not measured Eatontown data
10,14,7,1.241933,Synthetic assumed household; not measured Eatontown data
10,14,8,1.216679,Synthetic assumed household; not measured Eatontown data
10,14,9,1.021255,Synthetic assumed household; not measured Eatontown data
10,14,10,0.769916,Synthetic assumed household; not measured Eatontown data
10,14,11,0.745267,Synthetic assumed household; not measured Eatontown data
10,14,12,0.712612,Synthetic assumed household; not measured Eatontown data
10,14,13,0.822488,Synthetic assumed household; not measured Eatontown data
10,14,14,0.780175,Synthetic assumed household; not measured Eatontown data
10,14,15,0.997746,Synthetic assumed household; not measured Eatontown data
10,14,16,1.088269,Synthetic assumed household; not measured Eatontown data
10,14,17,1.589518,Synthetic assumed household; not measured Eatontown data
10,14,18,1.883741,Synthetic assumed household; not measured Eatontown data
10,14,19,1.926223,Synthetic assumed household; not measured Eatontown data
10,14,20,1.701401,Synthetic assumed household; not measured Eatontown data
10,14,21,1.443182,Synthetic assumed household; not measured Eatontown data
10,14,22,0.927833,Synthetic assumed household; not measured Eatontown data
10,14,23,0.604829,Synthetic assumed household; not measured Eatontown data
10,15,0,0.519754,Synthetic assumed household; not measured Eatontown data
10,15,1,0.467769,Synthetic assumed household; not measured Eatontown data
10,15,2,0.540554,Synthetic assumed household; not measured Eatontown data
10,15,3,0.471242,Synthetic assumed household; not measured Eatontown data
10,15,4,0.681949,Synthetic assumed household; not measured Eatontown data
10,15,5,0.855922,Synthetic assumed household; not measured Eatontown data
10,15,6,1.181974,Synthetic assumed household; not measured Eatontown data
10,15,7,1.410757,Synthetic assumed household; not measured Eatontown data
10,15,8,1.186109,Synthetic assumed household; not measured Eatontown data
10,15,9,0.946567,Synthetic assumed household; not measured Eatontown data
10,15,10,0.830425,Synthetic assumed household; not measured Eatontown data
10,15,11,0.779891,Synthetic assumed household; not measured Eatontown data
10,15,12,0.786492,Synthetic assumed household; not measured Eatontown data
10,15,13,0.735043,Synthetic assumed household; not measured Eatontown data
10,15,14,0.877505,Synthetic assumed household; not measured Eatontown data
10,15,15,0.932877,Synthetic assumed household; not measured Eatontown data
10,15,16,1.082487,Synthetic assumed household; not measured Eatontown data
10,15,17,1.432370,Synthetic assumed household; not measured Eatontown data
10,15,18,1.664768,Synthetic assumed household; not measured Eatontown data
10,15,19,1.791367,Synthetic assumed household; not measured Eatontown data
10,15,20,1.764289,Synthetic assumed household; not measured Eatontown data
10,15,21,1.287045,Synthetic assumed household; not measured Eatontown data
10,15,22,0.933131,Synthetic assumed household; not measured Eatontown data
10,15,23,0.693415,Synthetic assumed household; not measured Eatontown data
10,16,0,0.535820,Synthetic assumed household; not measured Eatontown data
10,16,1,0.577129,Synthetic assumed household; not measured Eatontown data
10,16,2,0.545470,Synthetic assumed household; not measured Eatontown data
10,16,3,0.568477,Synthetic assumed household; not measured Eatontown data
10,16,4,0.751721,Synthetic assumed household; not measured Eatontown data
10,16,5,0.970199,Synthetic assumed household; not measured Eatontown data
10,16,6,1.254710,Synthetic assumed household; not measured Eatontown data
10,16,7,1.651867,Synthetic assumed household; not measured Eatontown data
10,16,8,1.341792,Synthetic assumed household; not measured Eatontown data
10,16,9,1.103442,Synthetic assumed household; not measured Eatontown data
10,16,10,0.940866,Synthetic assumed household; not measured Eatontown data
10,16,11,0.789722,Synthetic assumed household; not measured Eatontown data
10,16,12,0.929293,Synthetic assumed household; not measured Eatontown data
10,16,13,0.948948,Synthetic assumed household; not measured Eatontown data
10,16,14,0.859803,Synthetic assumed household; not measured Eatontown data
10,16,15,1.045535,Synthetic assumed household; not measured Eatontown data
10,16,16,1.388789,Synthetic assumed household; not measured Eatontown data
10,16,17,1.725822,Synthetic assumed household; not measured Eatontown data
10,16,18,2.017417,Synthetic assumed household; not measured Eatontown data
10,16,19,2.375282,Synthetic assumed household; not measured Eatontown data
10,16,20,2.070156,Synthetic assumed household; not measured Eatontown data
10,16,21,1.615873,Synthetic assumed household; not measured Eatontown data
10,16,22,1.086914,Synthetic assumed household; not measured Eatontown data
10,16,23,0.818035,Synthetic assumed household; not measured Eatontown data
10,17,0,0.463877,Synthetic assumed household; not measured Eatontown data
10,17,1,0.459837,Synthetic assumed household; not measured Eatontown data
10,17,2,0.547311,Synthetic assumed household; not measured Eatontown data
10,17,3,0.562672,Synthetic assumed household; not measured Eatontown data
10,17,4,0.674530,Synthetic assumed household; not measured Eatontown data
10,17,5,0.866313,Synthetic assumed household; not measured Eatontown data
10,17,6,1.279947,Synthetic assumed household; not measured Eatontown data
10,17,7,1.462594,Synthetic assumed household; not measured Eatontown data
10,17,8,1.226863,Synthetic assumed household; not measured Eatontown data
10,17,9,0.948240,Synthetic assumed household; not measured Eatontown data
10,17,10,0.885706,Synthetic assumed household; not measured Eatontown data
10,17,11,0.828200,Synthetic assumed household; not measured Eatontown data
10,17,12,0.735367,Synthetic assumed household; not measured Eatontown data
10,17,13,0.833874,Synthetic assumed household; not measured Eatontown data
10,17,14,0.946098,Synthetic assumed household; not measured Eatontown data
10,17,15,0.946650,Synthetic assumed household; not measured Eatontown data
10,17,16,1.106257,Synthetic assumed household; not measured Eatontown data
10,17,17,1.374179,Synthetic assumed household; not measured Eatontown data
10,17,18,1.789013,Synthetic assumed household; not measured Eatontown data
10,17,19,2.175011,Synthetic assumed household; not measured Eatontown data
10,17,20,1.761220,Synthetic assumed household; not measured Eatontown data
10,17,21,1.284326,Synthetic assumed household; not measured Eatontown data
10,17,22,1.005280,Synthetic assumed household; not measured Eatontown data
10,17,23,0.677195,Synthetic assumed household; not measured Eatontown data
10,18,0,0.485195,Synthetic assumed household; not measured Eatontown data
10,18,1,0.511879,Synthetic assumed household; not measured Eatontown data
10,18,2,0.498794,Synthetic assumed household; not measured Eatontown data
10,18,3,0.491822,Synthetic assumed household; not measured Eatontown data
10,18,4,0.564521,Synthetic assumed household; not measured Eatontown data
10,18,5,0.581239,Synthetic assumed household; not measured Eatontown data
10,18,6,0.637629,Synthetic assumed household; not measured Eatontown data
10,18,7,0.880010,Synthetic assumed household; not measured Eatontown data
10,18,8,1.359208,Synthetic assumed household; not measured Eatontown data
10,18,9,1.446032,Synthetic assumed household; not measured Eatontown data
10,18,10,1.494584,Synthetic assumed household; not measured Eatontown data
10,18,11,1.166453,Synthetic assumed household; not measured Eatontown data
10,18,12,0.960986,Synthetic assumed household; not measured Eatontown data
10,18,13,0.894776,Synthetic assumed household; not measured Eatontown data
10,18,14,0.914718,Synthetic assumed household; not measured Eatontown data
10,18,15,0.981680,Synthetic assumed household; not measured Eatontown data
10,18,16,1.228192,Synthetic assumed household; not measured Eatontown data
10,18,17,1.557613,Synthetic assumed household; not measured Eatontown data
10,18,18,1.727821,Synthetic assumed household; not measured Eatontown data
10,18,19,1.878052,Synthetic assumed household; not measured Eatontown data
10,18,20,1.674013,Synthetic assumed household; not measured Eatontown data
10,18,21,1.347037,Synthetic assumed household; not measured Eatontown data
10,18,22,1.008125,Synthetic assumed household; not measured Eatontown data
10,18,23,0.674218,Synthetic assumed household; not measured Eatontown data
10,19,0,0.507471,Synthetic assumed household; not measured Eatontown data
10,19,1,0.450824,Synthetic assumed household; not measured Eatontown data
10,19,2,0.497858,Synthetic assumed household; not measured Eatontown data
10,19,3,0.529622,Synthetic assumed household; not measured Eatontown data
10,19,4,0.508474,Synthetic assumed household; not measured Eatontown data
10,19,5,0.526647,Synthetic assumed household; not measured Eatontown data
10,19,6,0.603282,Synthetic assumed household; not measured Eatontown data
10,19,7,0.888874,Synthetic assumed household; not measured Eatontown data
10,19,8,1.186206,Synthetic assumed household; not measured Eatontown data
10,19,9,1.505522,Synthetic assumed household; not measured Eatontown data
10,19,10,1.341299,Synthetic assumed household; not measured Eatontown data
10,19,11,1.174109,Synthetic assumed household; not measured Eatontown data
10,19,12,0.821078,Synthetic assumed household; not measured Eatontown data
10,19,13,0.903020,Synthetic assumed household; not measured Eatontown data
10,19,14,0.819691,Synthetic assumed household; not measured Eatontown data
10,19,15,0.998238,Synthetic assumed household; not measured Eatontown data
10,19,16,1.060596,Synthetic assumed household; not measured Eatontown data
10,19,17,1.493277,Synthetic assumed household; not measured Eatontown data
10,19,18,1.762015,Synthetic assumed household; not measured Eatontown data
10,19,19,1.849213,Synthetic assumed household; not measured Eatontown data
10,19,20,1.807783,Synthetic assumed household; not measured Eatontown data
10,19,21,1.428315,Synthetic assumed household; not measured Eatontown data
10,19,22,0.880649,Synthetic assumed household; not measured Eatontown data
10,19,23,0.638696,Synthetic assumed household; not measured Eatontown data
10,20,0,0.457082,Synthetic assumed household; not measured Eatontown data
10,20,1,0.416717,Synthetic assumed household; not measured Eatontown data
10,20,2,0.439191,Synthetic assumed household; not measured Eatontown data
10,20,3,0.454342,Synthetic assumed household; not measured Eatontown data
10,20,4,0.602841,Synthetic assumed household; not measured Eatontown data
10,20,5,0.736268,Synthetic assumed household; not measured Eatontown data
10,20,6,1.150022,Synthetic assumed household; not measured Eatontown data
10,20,7,1.370723,Synthetic assumed household; not measured Eatontown data
10,20,8,1.133341,Synthetic assumed household; not measured Eatontown data
10,20,9,0.845256,Synthetic assumed household; not measured Eatontown data
10,20,10,0.727873,Synthetic assumed household; not measured Eatontown data
10,20,11,0.677486,Synthetic assumed household; not measured Eatontown data
10,20,12,0.715177,Synthetic assumed household; not measured Eatontown data
10,20,13,0.785015,Synthetic assumed household; not measured Eatontown data
10,20,14,0.729125,Synthetic assumed household; not measured Eatontown data
10,20,15,0.868967,Synthetic assumed household; not measured Eatontown data
10,20,16,1.133514,Synthetic assumed household; not measured Eatontown data
10,20,17,1.411161,Synthetic assumed household; not measured Eatontown data
10,20,18,1.748248,Synthetic assumed household; not measured Eatontown data
10,20,19,1.767668,Synthetic assumed household; not measured Eatontown data
10,20,20,1.569712,Synthetic assumed household; not measured Eatontown data
10,20,21,1.175114,Synthetic assumed household; not measured Eatontown data
10,20,22,0.849021,Synthetic assumed household; not measured Eatontown data
10,20,23,0.622042,Synthetic assumed household; not measured Eatontown data
10,21,0,0.393198,Synthetic assumed household; not measured Eatontown data
10,21,1,0.431298,Synthetic assumed household; not measured Eatontown data
10,21,2,0.448527,Synthetic assumed household; not measured Eatontown data
10,21,3,0.460769,Synthetic assumed household; not measured Eatontown data
10,21,4,0.535951,Synthetic assumed household; not measured Eatontown data
10,21,5,0.754325,Synthetic assumed household; not measured Eatontown data
10,21,6,0.991204,Synthetic assumed household; not measured Eatontown data
10,21,7,1.119297,Synthetic assumed household; not measured Eatontown data
10,21,8,0.929610,Synthetic assumed household; not measured Eatontown data
10,21,9,0.742221,Synthetic assumed household; not measured Eatontown data
10,21,10,0.611836,Synthetic assumed household; not measured Eatontown data
10,21,11,0.615731,Synthetic assumed household; not measured Eatontown data
10,21,12,0.700188,Synthetic assumed household; not measured Eatontown data
10,21,13,0.615738,Synthetic assumed household; not measured Eatontown data
10,21,14,0.646481,Synthetic assumed household; not measured Eatontown data
10,21,15,0.832833,Synthetic assumed household; not measured Eatontown data
10,21,16,0.929478,Synthetic assumed household; not measured Eatontown data
10,21,17,1.171844,Synthetic assumed household; not measured Eatontown data
10,21,18,1.539736,Synthetic assumed household; not measured Eatontown data
10,21,19,1.470400,Synthetic assumed household; not measured Eatontown data
10,21,20,1.506840,Synthetic assumed household; not measured Eatontown data
10,21,21,1.136376,Synthetic assumed household; not measured Eatontown data
10,21,22,0.756701,Synthetic assumed household; not measured Eatontown data
10,21,23,0.552464,Synthetic assumed household; not measured Eatontown data
10,22,0,0.430798,Synthetic assumed household; not measured Eatontown data
10,22,1,0.388813,Synthetic assumed household; not measured Eatontown data
10,22,2,0.423692,Synthetic assumed household; not measured Eatontown data
10,22,3,0.454397,Synthetic assumed household; not measured Eatontown data
10,22,4,0.476142,Synthetic assumed household; not measured Eatontown data
10,22,5,0.705689,Synthetic assumed household; not measured Eatontown data
10,22,6,1.032593,Synthetic assumed household; not measured Eatontown data
10,22,7,1.195529,Synthetic assumed household; not measured Eatontown data
10,22,8,1.046468,Synthetic assumed household; not measured Eatontown data
10,22,9,0.794189,Synthetic assumed household; not measured Eatontown data
10,22,10,0.740001,Synthetic assumed household; not measured Eatontown data
10,22,11,0.681451,Synthetic assumed household; not measured Eatontown data
10,22,12,0.654066,Synthetic assumed household; not measured Eatontown data
10,22,13,0.656670,Synthetic assumed household; not measured Eatontown data
10,22,14,0.661027,Synthetic assumed household; not measured Eatontown data
10,22,15,0.713266,Synthetic assumed household; not measured Eatontown data
10,22,16,0.966302,Synthetic assumed household; not measured Eatontown data
10,22,17,1.124058,Synthetic assumed household; not measured Eatontown data
10,22,18,1.602028,Synthetic assumed household; not measured Eatontown data
10,22,19,1.524183,Synthetic assumed household; not measured Eatontown data
10,22,20,1.488795,Synthetic assumed household; not measured Eatontown data
10,22,21,1.163552,Synthetic assumed household; not measured Eatontown data
10,22,22,0.756870,Synthetic assumed household; not measured Eatontown data
10,22,23,0.561589,Synthetic assumed household; not measured Eatontown data
10,23,0,0.489727,Synthetic assumed household; not measured Eatontown data
10,23,1,0.470468,Synthetic assumed household; not measured Eatontown data
10,23,2,0.531395,Synthetic assumed household; not measured Eatontown data
10,23,3,0.484941,Synthetic assumed household; not measured Eatontown data
10,23,4,0.613290,Synthetic assumed household; not measured Eatontown data
10,23,5,0.861143,Synthetic assumed household; not measured Eatontown data
10,23,6,1.285554,Synthetic assumed household; not measured Eatontown data
10,23,7,1.409848,Synthetic assumed household; not measured Eatontown data
10,23,8,1.187524,Synthetic assumed household; not measured Eatontown data
10,23,9,1.067051,Synthetic assumed household; not measured Eatontown data
10,23,10,0.866879,Synthetic assumed household; not measured Eatontown data
10,23,11,0.723835,Synthetic assumed household; not measured Eatontown data
10,23,12,0.766571,Synthetic assumed household; not measured Eatontown data
10,23,13,0.795311,Synthetic assumed household; not measured Eatontown data
10,23,14,0.828151,Synthetic assumed household; not measured Eatontown data
10,23,15,0.843530,Synthetic assumed household; not measured Eatontown data
10,23,16,1.164760,Synthetic assumed household; not measured Eatontown data
10,23,17,1.538727,Synthetic assumed household; not measured Eatontown data
10,23,18,1.666634,Synthetic assumed household; not measured Eatontown data
10,23,19,1.963294,Synthetic assumed household; not measured Eatontown data
10,23,20,1.890467,Synthetic assumed household; not measured Eatontown data
10,23,21,1.465459,Synthetic assumed household; not measured Eatontown data
10,23,22,0.945734,Synthetic assumed household; not measured Eatontown data
10,23,23,0.647004,Synthetic assumed household; not measured Eatontown data
10,24,0,0.456935,Synthetic assumed household; not measured Eatontown data
10,24,1,0.447184,Synthetic assumed household; not measured Eatontown data
10,24,2,0.414311,Synthetic assumed household; not measured Eatontown data
10,24,3,0.468754,Synthetic assumed household; not measured Eatontown data
10,24,4,0.564800,Synthetic assumed household; not measured Eatontown data
10,24,5,0.815837,Synthetic assumed household; not measured Eatontown data
10,24,6,1.024295,Synthetic assumed household; not measured Eatontown data
10,24,7,1.105754,Synthetic assumed household; not measured Eatontown data
10,24,8,1.069239,Synthetic assumed household; not measured Eatontown data
10,24,9,0.923368,Synthetic assumed household; not measured Eatontown data
10,24,10,0.717119,Synthetic assumed household; not measured Eatontown data
10,24,11,0.653485,Synthetic assumed household; not measured Eatontown data
10,24,12,0.633990,Synthetic assumed household; not measured Eatontown data
10,24,13,0.694018,Synthetic assumed household; not measured Eatontown data
10,24,14,0.767417,Synthetic assumed household; not measured Eatontown data
10,24,15,0.724988,Synthetic assumed household; not measured Eatontown data
10,24,16,0.921864,Synthetic assumed household; not measured Eatontown data
10,24,17,1.141564,Synthetic assumed household; not measured Eatontown data
10,24,18,1.473357,Synthetic assumed household; not measured Eatontown data
10,24,19,1.582128,Synthetic assumed household; not measured Eatontown data
10,24,20,1.548744,Synthetic assumed household; not measured Eatontown data
10,24,21,1.105502,Synthetic assumed household; not measured Eatontown data
10,24,22,0.857948,Synthetic assumed household; not measured Eatontown data
10,24,23,0.640904,Synthetic assumed household; not measured Eatontown data
10,25,0,0.462972,Synthetic assumed household; not measured Eatontown data
10,25,1,0.415792,Synthetic assumed household; not measured Eatontown data
10,25,2,0.414199,Synthetic assumed household; not measured Eatontown data
10,25,3,0.486885,Synthetic assumed household; not measured Eatontown data
10,25,4,0.437889,Synthetic assumed household; not measured Eatontown data
10,25,5,0.440141,Synthetic assumed household; not measured Eatontown data
10,25,6,0.528790,Synthetic assumed household; not measured Eatontown data
10,25,7,0.745578,Synthetic assumed household; not measured Eatontown data
10,25,8,1.054927,Synthetic assumed household; not measured Eatontown data
10,25,9,1.195257,Synthetic assumed household; not measured Eatontown data
10,25,10,1.220266,Synthetic assumed household; not measured Eatontown data
10,25,11,1.044553,Synthetic assumed household; not measured Eatontown data
10,25,12,0.753787,Synthetic assumed household; not measured Eatontown data
10,25,13,0.691655,Synthetic assumed household; not measured Eatontown data
10,25,14,0.717959,Synthetic assumed household; not measured Eatontown data
10,25,15,0.780880,Synthetic assumed household; not measured Eatontown data
10,25,16,1.100285,Synthetic assumed household; not measured Eatontown data
10,25,17,1.383546,Synthetic assumed household; not measured Eatontown data
10,25,18,1.579082,Synthetic assumed household; not measured Eatontown data
10,25,19,1.768161,Synthetic assumed household; not measured Eatontown data
10,25,20,1.479026,Synthetic assumed household; not measured Eatontown data
10,25,21,1.103165,Synthetic assumed household; not measured Eatontown data
10,25,22,0.915888,Synthetic assumed household; not measured Eatontown data
10,25,23,0.665162,Synthetic assumed household; not measured Eatontown data
10,26,0,0.413607,Synthetic assumed household; not measured Eatontown data
10,26,1,0.389822,Synthetic assumed household; not measured Eatontown data
10,26,2,0.422734,Synthetic assumed household; not measured Eatontown data
10,26,3,0.369752,Synthetic assumed household; not measured Eatontown data
10,26,4,0.442608,Synthetic assumed household; not measured Eatontown data
10,26,5,0.418096,Synthetic assumed household; not measured Eatontown data
10,26,6,0.500300,Synthetic assumed household; not measured Eatontown data
10,26,7,0.775553,Synthetic assumed household; not measured Eatontown data
10,26,8,1.027580,Synthetic assumed household; not measured Eatontown data
10,26,9,1.252643,Synthetic assumed household; not measured Eatontown data
10,26,10,1.188258,Synthetic assumed household; not measured Eatontown data
10,26,11,0.986106,Synthetic assumed household; not measured Eatontown data
10,26,12,0.807218,Synthetic assumed household; not measured Eatontown data
10,26,13,0.742555,Synthetic assumed household; not measured Eatontown data
10,26,14,0.630862,Synthetic assumed household; not measured Eatontown data
10,26,15,0.701567,Synthetic assumed household; not measured Eatontown data
10,26,16,1.002018,Synthetic assumed household; not measured Eatontown data
10,26,17,1.269207,Synthetic assumed household; not measured Eatontown data
10,26,18,1.384073,Synthetic assumed household; not measured Eatontown data
10,26,19,1.542969,Synthetic assumed household; not measured Eatontown data
10,26,20,1.393248,Synthetic assumed household; not measured Eatontown data
10,26,21,1.124982,Synthetic assumed household; not measured Eatontown data
10,26,22,0.848912,Synthetic assumed household; not measured Eatontown data
10,26,23,0.527386,Synthetic assumed household; not measured Eatontown data
10,27,0,0.413400,Synthetic assumed household; not measured Eatontown data
10,27,1,0.379463,Synthetic assumed household; not measured Eatontown data
10,27,2,0.412137,Synthetic assumed household; not measured Eatontown data
10,27,3,0.458898,Synthetic assumed household; not measured Eatontown data
10,27,4,0.502026,Synthetic assumed household; not measured Eatontown data
10,27,5,0.648116,Synthetic assumed household; not measured Eatontown data
10,27,6,1.017306,Synthetic assumed household; not measured Eatontown data
10,27,7,1.176179,Synthetic assumed household; not measured Eatontown data
10,27,8,1.077662,Synthetic assumed household; not measured Eatontown data
10,27,9,0.884011,Synthetic assumed household; not measured Eatontown data
10,27,10,0.722046,Synthetic assumed household; not measured Eatontown data
10,27,11,0.598406,Synthetic assumed household; not measured Eatontown data
10,27,12,0.595858,Synthetic assumed household; not measured Eatontown data
10,27,13,0.665983,Synthetic assumed household; not measured Eatontown data
10,27,14,0.716550,Synthetic assumed household; not measured Eatontown data
10,27,15,0.696874,Synthetic assumed household; not measured Eatontown data
10,27,16,0.935744,Synthetic assumed household; not measured Eatontown data
10,27,17,1.273089,Synthetic assumed household; not measured Eatontown data
10,27,18,1.535109,Synthetic assumed household; not measured Eatontown data
10,27,19,1.602434,Synthetic assumed household; not measured Eatontown data
10,27,20,1.445056,Synthetic assumed household; not measured Eatontown data
10,27,21,1.107608,Synthetic assumed household; not measured Eatontown data
10,27,22,0.755875,Synthetic assumed household; not measured Eatontown data
10,27,23,0.547930,Synthetic assumed household; not measured Eatontown data
10,28,0,0.517641,Synthetic assumed household; not measured Eatontown data
10,28,1,0.496455,Synthetic assumed household; not measured Eatontown data
10,28,2,0.479349,Synthetic assumed household; not measured Eatontown data
10,28,3,0.522225,Synthetic assumed household; not measured Eatontown data
10,28,4,0.692412,Synthetic assumed household; not measured Eatontown data
10,28,5,0.888827,Synthetic assumed household; not measured Eatontown data
10,28,6,1.070407,Synthetic assumed household; not measured Eatontown data
10,28,7,1.268965,Synthetic assumed household; not measured Eatontown data
10,28,8,1.163227,Synthetic assumed household; not measured Eatontown data
10,28,9,1.064885,Synthetic assumed household; not measured Eatontown data
10,28,10,0.806171,Synthetic assumed household; not measured Eatontown data
10,28,11,0.750087,Synthetic assumed household; not measured Eatontown data
10,28,12,0.860818,Synthetic assumed household; not measured Eatontown data
10,28,13,0.834558,Synthetic assumed household; not measured Eatontown data
10,28,14,0.926455,Synthetic assumed household; not measured Eatontown data
10,28,15,0.913910,Synthetic assumed household; not measured Eatontown data
10,28,16,1.158940,Synthetic assumed household; not measured Eatontown data
10,28,17,1.379942,Synthetic assumed household; not measured Eatontown data
10,28,18,1.679878,Synthetic assumed household; not measured Eatontown data
10,28,19,1.942768,Synthetic assumed household; not measured Eatontown data
10,28,20,1.722673,Synthetic assumed household; not measured Eatontown data
10,28,21,1.393208,Synthetic assumed household; not measured Eatontown data
10,28,22,0.956011,Synthetic assumed household; not measured Eatontown data
10,28,23,0.707129,Synthetic assumed household; not measured Eatontown data
10,29,0,0.456652,Synthetic assumed household; not measured Eatontown data
10,29,1,0.451933,Synthetic assumed household; not measured Eatontown data
10,29,2,0.493915,Synthetic assumed household; not measured Eatontown data
10,29,3,0.475421,Synthetic assumed household; not measured Eatontown data
10,29,4,0.577596,Synthetic assumed household; not measured Eatontown data
10,29,5,0.757777,Synthetic assumed household; not measured Eatontown data
10,29,6,1.034546,Synthetic assumed household; not measured Eatontown data
10,29,7,1.281413,Synthetic assumed household; not measured Eatontown data
10,29,8,1.113186,Synthetic assumed household; not measured Eatontown data
10,29,9,0.842750,Synthetic assumed household; not measured Eatontown data
10,29,10,0.814837,Synthetic assumed household; not measured Eatontown data
10,29,11,0.724654,Synthetic assumed household; not measured Eatontown data
10,29,12,0.761064,Synthetic assumed household; not measured Eatontown data
10,29,13,0.805695,Synthetic assumed household; not measured Eatontown data
10,29,14,0.856714,Synthetic assumed household; not measured Eatontown data
10,29,15,0.798617,Synthetic assumed household; not measured Eatontown data
10,29,16,0.971604,Synthetic assumed household; not measured Eatontown data
10,29,17,1.251665,Synthetic assumed household; not measured Eatontown data
10,29,18,1.595436,Synthetic assumed household; not measured Eatontown data
10,29,19,1.709262,Synthetic assumed household; not measured Eatontown data
10,29,20,1.588261,Synthetic assumed household; not measured Eatontown data
10,29,21,1.219055,Synthetic assumed household; not measured Eatontown data
10,29,22,0.947968,Synthetic assumed household; not measured Eatontown data
10,29,23,0.662953,Synthetic assumed household; not measured Eatontown data
10,30,0,0.457417,Synthetic assumed household; not measured Eatontown data
10,30,1,0.483821,Synthetic assumed household; not measured Eatontown data
10,30,2,0.489372,Synthetic assumed household; not measured Eatontown data
10,30,3,0.495509,Synthetic assumed household; not measured Eatontown data
10,30,4,0.592522,Synthetic assumed household; not measured Eatontown data
10,30,5,0.837759,Synthetic assumed household; not measured Eatontown data
10,30,6,0.941826,Synthetic assumed household; not measured Eatontown data
10,30,7,1.142516,Synthetic assumed household; not measured Eatontown data
10,30,8,1.165486,Synthetic assumed household; not measured Eatontown data
10,30,9,0.928731,Synthetic assumed household; not measured Eatontown data
10,30,10,0.714901,Synthetic assumed household; not measured Eatontown data
10,30,11,0.677878,Synthetic assumed household; not measured Eatontown data
10,30,12,0.718462,Synthetic assumed household; not measured Eatontown data
10,30,13,0.751109,Synthetic assumed household; not measured Eatontown data
10,30,14,0.750298,Synthetic assumed household; not measured Eatontown data
10,30,15,0.832133,Synthetic assumed household; not measured Eatontown data
10,30,16,1.068861,Synthetic assumed household; not measured Eatontown data
10,30,17,1.225680,Synthetic assumed household; not measured Eatontown data
10,30,18,1.588996,Synthetic assumed household; not measured Eatontown data
10,30,19,1.644350,Synthetic assumed household; not measured Eatontown data
10,30,20,1.650158,Synthetic assumed household; not measured Eatontown data
10,30,21,1.206911,Synthetic assumed household; not measured Eatontown data
10,30,22,0.855030,Synthetic assumed household; not measured Eatontown data
10,30,23,0.646213,Synthetic assumed household; not measured Eatontown data
10,31,0,0.531561,Synthetic assumed household; not measured Eatontown data
10,31,1,0.505732,Synthetic assumed household; not measured Eatontown data
10,31,2,0.545571,Synthetic assumed household; not measured Eatontown data
10,31,3,0.525961,Synthetic assumed household; not measured Eatontown data
10,31,4,0.614040,Synthetic assumed household; not measured Eatontown data
10,31,5,0.944904,Synthetic assumed household; not measured Eatontown data
10,31,6,1.257774,Synthetic assumed household; not measured Eatontown data
10,31,7,1.298635,Synthetic assumed household; not measured Eatontown data
10,31,8,1.255583,Synthetic assumed household; not measured Eatontown data
10,31,9,1.030035,Synthetic assumed household; not measured Eatontown data
10,31,10,0.823182,Synthetic assumed household; not measured Eatontown data
10,31,11,0.812703,Synthetic assumed household; not measured Eatontown data
10,31,12,0.758239,Synthetic assumed household; not measured Eatontown data
10,31,13,0.918652,Synthetic assumed household; not measured Eatontown data
10,31,14,0.788286,Synthetic assumed household; not measured Eatontown data
10,31,15,1.021148,Synthetic assumed household; not measured Eatontown data
10,31,16,1.255315,Synthetic assumed household; not measured Eatontown data
10,31,17,1.477939,Synthetic assumed household; not measured Eatontown data
10,31,18,1.848730,Synthetic assumed household; not measured Eatontown data
10,31,19,2.089604,Synthetic assumed household; not measured Eatontown data
10,31,20,1.785533,Synthetic assumed household; not measured Eatontown data
10,31,21,1.483506,Synthetic assumed household; not measured Eatontown data
10,31,22,0.994715,Synthetic assumed household; not measured Eatontown data
10,31,23,0.683409,Synthetic assumed household; not measured Eatontown data
11,1,0,0.428950,Synthetic assumed household; not measured Eatontown data
11,1,1,0.440123,Synthetic assumed household; not measured Eatontown data
11,1,2,0.377992,Synthetic assumed household; not measured Eatontown data
11,1,3,0.444208,Synthetic assumed household; not measured Eatontown data
11,1,4,0.399541,Synthetic assumed household; not measured Eatontown data
11,1,5,0.453463,Synthetic assumed household; not measured Eatontown data
11,1,6,0.547174,Synthetic assumed household; not measured Eatontown data
11,1,7,0.757978,Synthetic assumed household; not measured Eatontown data
11,1,8,1.085620,Synthetic assumed household; not measured Eatontown data
11,1,9,1.281714,Synthetic assumed household; not measured Eatontown data
11,1,10,1.036830,Synthetic assumed household; not measured Eatontown data
11,1,11,0.891189,Synthetic assumed household; not measured Eatontown data
11,1,12,0.767169,Synthetic assumed household; not measured Eatontown data
11,1,13,0.657592,Synthetic assumed household; not measured Eatontown data
11,1,14,0.646981,Synthetic assumed household; not measured Eatontown data
11,1,15,0.777973,Synthetic assumed household; not measured Eatontown data
11,1,16,0.929276,Synthetic assumed household; not measured Eatontown data
11,1,17,1.313733,Synthetic assumed household; not measured Eatontown data
11,1,18,1.376611,Synthetic assumed household; not measured Eatontown data
11,1,19,1.479531,Synthetic assumed household; not measured Eatontown data
11,1,20,1.467313,Synthetic assumed household; not measured Eatontown data
11,1,21,1.015712,Synthetic assumed household; not measured Eatontown data
11,1,22,0.817087,Synthetic assumed household; not measured Eatontown data
11,1,23,0.563345,Synthetic assumed household; not measured Eatontown data
11,2,0,0.393036,Synthetic assumed household; not measured Eatontown data
11,2,1,0.469965,Synthetic assumed household; not measured Eatontown data
11,2,2,0.411805,Synthetic assumed household; not measured Eatontown data
11,2,3,0.408650,Synthetic assumed household; not measured Eatontown data
11,2,4,0.452311,Synthetic assumed household; not measured Eatontown data
11,2,5,0.428138,Synthetic assumed household; not measured Eatontown data
11,2,6,0.517909,Synthetic assumed household; not measured Eatontown data
11,2,7,0.789275,Synthetic assumed household; not measured Eatontown data
11,2,8,1.001542,Synthetic assumed household; not measured Eatontown data
11,2,9,1.328525,Synthetic assumed household; not measured Eatontown data
11,2,10,1.147124,Synthetic assumed household; not measured Eatontown data
11,2,11,0.899385,Synthetic assumed household; not measured Eatontown data
11,2,12,0.744626,Synthetic assumed household; not measured Eatontown data
11,2,13,0.748677,Synthetic assumed household; not measured Eatontown data
11,2,14,0.740675,Synthetic assumed household; not measured Eatontown data
11,2,15,0.743068,Synthetic assumed household; not measured Eatontown data
11,2,16,1.085023,Synthetic assumed household; not measured Eatontown data
11,2,17,1.384823,Synthetic assumed household; not measured Eatontown data
11,2,18,1.470612,Synthetic assumed household; not measured Eatontown data
11,2,19,1.602556,Synthetic assumed household; not measured Eatontown data
11,2,20,1.517937,Synthetic assumed household; not measured Eatontown data
11,2,21,1.237420,Synthetic assumed household; not measured Eatontown data
11,2,22,0.830211,Synthetic assumed household; not measured Eatontown data
11,2,23,0.610818,Synthetic assumed household; not measured Eatontown data
11,3,0,0.548017,Synthetic assumed household; not measured Eatontown data
11,3,1,0.539657,Synthetic assumed household; not measured Eatontown data
11,3,2,0.565705,Synthetic assumed household; not measured Eatontown data
11,3,3,0.552282,Synthetic assumed household; not measured Eatontown data
11,3,4,0.624842,Synthetic assumed household; not measured Eatontown data
11,3,5,0.880953,Synthetic assumed household; not measured Eatontown data
11,3,6,1.168775,Synthetic assumed household; not measured Eatontown data
11,3,7,1.429715,Synthetic assumed household; not measured Eatontown data
11,3,8,1.424804,Synthetic assumed household; not measured Eatontown data
11,3,9,1.083082,Synthetic assumed household; not measured Eatontown data
11,3,10,0.966911,Synthetic assumed household; not measured Eatontown data
11,3,11,0.911211,Synthetic assumed household; not measured Eatontown data
11,3,12,0.859996,Synthetic assumed household; not measured Eatontown data
11,3,13,0.906638,Synthetic assumed household; not measured Eatontown data
11,3,14,0.968861,Synthetic assumed household; not measured Eatontown data
11,3,15,0.974371,Synthetic assumed household; not measured Eatontown data
11,3,16,1.340154,Synthetic assumed household; not measured Eatontown data
11,3,17,1.601778,Synthetic assumed household; not measured Eatontown data
11,3,18,2.068380,Synthetic assumed household; not measured Eatontown data
11,3,19,2.222507,Synthetic assumed household; not measured Eatontown data
11,3,20,1.848845,Synthetic assumed household; not measured Eatontown data
11,3,21,1.520764,Synthetic assumed household; not measured Eatontown data
11,3,22,1.109647,Synthetic assumed household; not measured Eatontown data
11,3,23,0.700643,Synthetic assumed household; not measured Eatontown data
11,4,0,0.476437,Synthetic assumed household; not measured Eatontown data
11,4,1,0.462410,Synthetic assumed household; not measured Eatontown data
11,4,2,0.443068,Synthetic assumed household; not measured Eatontown data
11,4,3,0.512549,Synthetic assumed household; not measured Eatontown data
11,4,4,0.531777,Synthetic assumed household; not measured Eatontown data
11,4,5,0.787764,Synthetic assumed household; not measured Eatontown data
11,4,6,1.026446,Synthetic assumed household; not measured Eatontown data
11,4,7,1.301661,Synthetic assumed household; not measured Eatontown data
11,4,8,1.042159,Synthetic assumed household; not measured Eatontown data
11,4,9,0.947967,Synthetic assumed household; not measured Eatontown data
11,4,10,0.698797,Synthetic assumed household; not measured Eatontown data
11,4,11,0.711504,Synthetic assumed household; not measured Eatontown data
11,4,12,0.680499,Synthetic assumed household; not measured Eatontown data
11,4,13,0.792369,Synthetic assumed household; not measured Eatontown data
11,4,14,0.787623,Synthetic assumed household; not measured Eatontown data
11,4,15,0.870508,Synthetic assumed household; not measured Eatontown data
11,4,16,0.962289,Synthetic assumed household; not measured Eatontown data
11,4,17,1.321819,Synthetic assumed household; not measured Eatontown data
11,4,18,1.789311,Synthetic assumed household; not measured Eatontown data
11,4,19,1.764924,Synthetic assumed household; not measured Eatontown data
11,4,20,1.734630,Synthetic assumed household; not measured Eatontown data
11,4,21,1.114922,Synthetic assumed household; not measured Eatontown data
11,4,22,0.788254,Synthetic assumed household; not measured Eatontown data
11,4,23,0.646476,Synthetic assumed household; not measured Eatontown data
11,5,0,0.448793,Synthetic assumed household; not measured Eatontown data
11,5,1,0.431467,Synthetic assumed household; not measured Eatontown data
11,5,2,0.459642,Synthetic assumed household; not measured Eatontown data
11,5,3,0.482934,Synthetic assumed household; not measured Eatontown data
11,5,4,0.533493,Synthetic assumed household; not measured Eatontown data
11,5,5,0.829458,Synthetic assumed household; not measured Eatontown data
11,5,6,1.131343,Synthetic assumed household; not measured Eatontown data
11,5,7,1.198705,Synthetic assumed household; not measured Eatontown data
11,5,8,1.185094,Synthetic assumed household; not measured Eatontown data
11,5,9,0.971275,Synthetic assumed household; not measured Eatontown data
11,5,10,0.736435,Synthetic assumed household; not measured Eatontown data
11,5,11,0.643005,Synthetic assumed household; not measured Eatontown data
11,5,12,0.673298,Synthetic assumed household; not measured Eatontown data
11,5,13,0.814216,Synthetic assumed household; not measured Eatontown data
11,5,14,0.751468,Synthetic assumed household; not measured Eatontown data
11,5,15,0.898869,Synthetic assumed household; not measured Eatontown data
11,5,16,1.044732,Synthetic assumed household; not measured Eatontown data
11,5,17,1.242399,Synthetic assumed household; not measured Eatontown data
11,5,18,1.689761,Synthetic assumed household; not measured Eatontown data
11,5,19,1.701865,Synthetic assumed household; not measured Eatontown data
11,5,20,1.767489,Synthetic assumed household; not measured Eatontown data
11,5,21,1.161433,Synthetic assumed household; not measured Eatontown data
11,5,22,0.935635,Synthetic assumed household; not measured Eatontown data
11,5,23,0.673659,Synthetic assumed household; not measured Eatontown data
11,6,0,0.390339,Synthetic assumed household; not measured Eatontown data
11,6,1,0.398050,Synthetic assumed household; not measured Eatontown data
11,6,2,0.419532,Synthetic assumed household; not measured Eatontown data
11,6,3,0.466999,Synthetic assumed household; not measured Eatontown data
11,6,4,0.543780,Synthetic assumed household; not measured Eatontown data
11,6,5,0.696656,Synthetic assumed household; not measured Eatontown data
11,6,6,1.081107,Synthetic assumed household; not measured Eatontown data
11,6,7,1.211798,Synthetic assumed household; not measured Eatontown data
11,6,8,1.001931,Synthetic assumed household; not measured Eatontown data
11,6,9,0.839683,Synthetic assumed household; not measured Eatontown data
11,6,10,0.676082,Synthetic assumed household; not measured Eatontown data
11,6,11,0.616057,Synthetic assumed household; not measured Eatontown data
11,6,12,0.719631,Synthetic assumed household; not measured Eatontown data
11,6,13,0.675599,Synthetic assumed household; not measured Eatontown data
11,6,14,0.771054,Synthetic assumed household; not measured Eatontown data
11,6,15,0.871031,Synthetic assumed household; not measured Eatontown data
11,6,16,1.060985,Synthetic assumed household; not measured Eatontown data
11,6,17,1.332574,Synthetic assumed household; not measured Eatontown data
11,6,18,1.664068,Synthetic assumed household; not measured Eatontown data
11,6,19,1.845950,Synthetic assumed household; not measured Eatontown data
11,6,20,1.511655,Synthetic assumed household; not measured Eatontown data
11,6,21,1.147034,Synthetic assumed household; not measured Eatontown data
11,6,22,0.763013,Synthetic assumed household; not measured Eatontown data
11,6,23,0.541458,Synthetic assumed household; not measured Eatontown data
11,7,0,0.547519,Synthetic assumed household; not measured Eatontown data
11,7,1,0.565163,Synthetic assumed household; not measured Eatontown data
11,7,2,0.513256,Synthetic assumed household; not measured Eatontown data
11,7,3,0.528844,Synthetic assumed household; not measured Eatontown data
11,7,4,0.614214,Synthetic assumed household; not measured Eatontown data
11,7,5,0.901224,Synthetic assumed household; not measured Eatontown data
11,7,6,1.356564,Synthetic assumed household; not measured Eatontown data
11,7,7,1.362209,Synthetic assumed household; not measured Eatontown data
11,7,8,1.215535,Synthetic assumed household; not measured Eatontown data
11,7,9,1.074953,Synthetic assumed household; not measured Eatontown data
11,7,10,0.814132,Synthetic assumed household; not measured Eatontown data
11,7,11,0.879834,Synthetic assumed household; not measured Eatontown data
11,7,12,0.886251,Synthetic assumed household; not measured Eatontown data
11,7,13,0.918757,Synthetic assumed household; not measured Eatontown data
11,7,14,0.833318,Synthetic assumed household; not measured Eatontown data
11,7,15,0.916550,Synthetic assumed household; not measured Eatontown data
11,7,16,1.181440,Synthetic assumed household; not measured Eatontown data
11,7,17,1.437019,Synthetic assumed household; not measured Eatontown data
11,7,18,1.852791,Synthetic assumed household; not measured Eatontown data
11,7,19,2.083199,Synthetic assumed household; not measured Eatontown data
11,7,20,1.744042,Synthetic assumed household; not measured Eatontown data
11,7,21,1.351061,Synthetic assumed household; not measured Eatontown data
11,7,22,1.016728,Synthetic assumed household; not measured Eatontown data
11,7,23,0.786597,Synthetic assumed household; not measured Eatontown data
11,8,0,0.402351,Synthetic assumed household; not measured Eatontown data
11,8,1,0.414608,Synthetic assumed household; not measured Eatontown data
11,8,2,0.399248,Synthetic assumed household; not measured Eatontown data
11,8,3,0.420019,Synthetic assumed household; not measured Eatontown data
11,8,4,0.418990,Synthetic assumed household; not measured Eatontown data
11,8,5,0.454546,Synthetic assumed household; not measured Eatontown data
11,8,6,0.559214,Synthetic assumed household; not measured Eatontown data
11,8,7,0.712625,Synthetic assumed household; not measured Eatontown data
11,8,8,1.130746,Synthetic assumed household; not measured Eatontown data
11,8,9,1.266787,Synthetic assumed household; not measured Eatontown data
11,8,10,1.128659,Synthetic assumed household; not measured Eatontown data
11,8,11,0.875328,Synthetic assumed household; not measured Eatontown data
11,8,12,0.756221,Synthetic assumed household; not measured Eatontown data
11,8,13,0.708307,Synthetic assumed household; not measured Eatontown data
11,8,14,0.752830,Synthetic assumed household; not measured Eatontown data
11,8,15,0.884969,Synthetic assumed household; not measured Eatontown data
11,8,16,0.908317,Synthetic assumed household; not measured Eatontown data
11,8,17,1.289856,Synthetic assumed household; not measured Eatontown data
11,8,18,1.730653,Synthetic assumed household; not measured Eatontown data
11,8,19,1.808234,Synthetic assumed household; not measured Eatontown data
11,8,20,1.426717,Synthetic assumed household; not measured Eatontown data
11,8,21,1.286752,Synthetic assumed household; not measured Eatontown data
11,8,22,0.844589,Synthetic assumed household; not measured Eatontown data
11,8,23,0.651015,Synthetic assumed household; not measured Eatontown data
11,9,0,0.529305,Synthetic assumed household; not measured Eatontown data
11,9,1,0.559498,Synthetic assumed household; not measured Eatontown data
11,9,2,0.531354,Synthetic assumed household; not measured Eatontown data
11,9,3,0.495827,Synthetic assumed household; not measured Eatontown data
11,9,4,0.535035,Synthetic assumed household; not measured Eatontown data
11,9,5,0.599460,Synthetic assumed household; not measured Eatontown data
11,9,6,0.650704,Synthetic assumed household; not measured Eatontown data
11,9,7,1.000275,Synthetic assumed household; not measured Eatontown data
11,9,8,1.269363,Synthetic assumed household; not measured Eatontown data
11,9,9,1.424370,Synthetic assumed household; not measured Eatontown data
11,9,10,1.418199,Synthetic assumed household; not measured Eatontown data
11,9,11,1.167127,Synthetic assumed household; not measured Eatontown data
11,9,12,0.937101,Synthetic assumed household; not measured Eatontown data
11,9,13,0.908178,Synthetic assumed household; not measured Eatontown data
11,9,14,0.836802,Synthetic assumed household; not measured Eatontown data
11,9,15,0.983376,Synthetic assumed household; not measured Eatontown data
11,9,16,1.297385,Synthetic assumed household; not measured Eatontown data
11,9,17,1.451631,Synthetic assumed household; not measured Eatontown data
11,9,18,1.931398,Synthetic assumed household; not measured Eatontown data
11,9,19,2.184308,Synthetic assumed household; not measured Eatontown data
11,9,20,1.758905,Synthetic assumed household; not measured Eatontown data
11,9,21,1.478608,Synthetic assumed household; not measured Eatontown data
11,9,22,1.042704,Synthetic assumed household; not measured Eatontown data
11,9,23,0.728223,Synthetic assumed household; not measured Eatontown data
11,10,0,0.409445,Synthetic assumed household; not measured Eatontown data
11,10,1,0.403497,Synthetic assumed household; not measured Eatontown data
11,10,2,0.395765,Synthetic assumed household; not measured Eatontown data
11,10,3,0.424252,Synthetic assumed household; not measured Eatontown data
11,10,4,0.490534,Synthetic assumed household; not measured Eatontown data
11,10,5,0.802470,Synthetic assumed household; not measured Eatontown data
11,10,6,1.018047,Synthetic assumed household; not measured Eatontown data
11,10,7,1.239260,Synthetic assumed household; not measured Eatontown data
11,10,8,1.096737,Synthetic assumed household; not measured Eatontown data
11,10,9,0.811436,Synthetic assumed household; not measured Eatontown data
11,10,10,0.665880,Synthetic assumed household; not measured Eatontown data
11,10,11,0.679421,Synthetic assumed household; not measured Eatontown data
11,10,12,0.711208,Synthetic assumed household; not measured Eatontown data
11,10,13,0.699284,Synthetic assumed household; not measured Eatontown data
11,10,14,0.790162,Synthetic assumed household; not measured Eatontown data
11,10,15,0.816947,Synthetic assumed household; not measured Eatontown data
11,10,16,0.929953,Synthetic assumed household; not measured Eatontown data
11,10,17,1.140015,Synthetic assumed household; not measured Eatontown data
11,10,18,1.658360,Synthetic assumed household; not measured Eatontown data
11,10,19,1.606581,Synthetic assumed household; not measured Eatontown data
11,10,20,1.425108,Synthetic assumed household; not measured Eatontown data
11,10,21,1.168768,Synthetic assumed household; not measured Eatontown data
11,10,22,0.881032,Synthetic assumed household; not measured Eatontown data
11,10,23,0.603597,Synthetic assumed household; not measured Eatontown data
11,11,0,0.465165,Synthetic assumed household; not measured Eatontown data
11,11,1,0.468741,Synthetic assumed household; not measured Eatontown data
11,11,2,0.463962,Synthetic assumed household; not measured Eatontown data
11,11,3,0.469970,Synthetic assumed household; not measured Eatontown data
11,11,4,0.556424,Synthetic assumed household; not measured Eatontown data
11,11,5,0.780708,Synthetic assumed household; not measured Eatontown data
11,11,6,0.960626,Synthetic assumed household; not measured Eatontown data
11,11,7,1.304535,Synthetic assumed household; not measured Eatontown data
11,11,8,1.021281,Synthetic assumed household; not measured Eatontown data
11,11,9,0.841828,Synthetic assumed household; not measured Eatontown data
11,11,10,0.763876,Synthetic assumed household; not measured Eatontown data
11,11,11,0.654532,Synthetic assumed household; not measured Eatontown data
11,11,12,0.678978,Synthetic assumed household; not measured Eatontown data
11,11,13,0.682733,Synthetic assumed household; not measured Eatontown data
11,11,14,0.784274,Synthetic assumed household; not measured Eatontown data
11,11,15,0.903183,Synthetic assumed household; not measured Eatontown data
11,11,16,1.126181,Synthetic assumed household; not measured Eatontown data
11,11,17,1.274252,Synthetic assumed household; not measured Eatontown data
11,11,18,1.515873,Synthetic assumed household; not measured Eatontown data
11,11,19,1.854917,Synthetic assumed household; not measured Eatontown data
11,11,20,1.543613,Synthetic assumed household; not measured Eatontown data
11,11,21,1.292899,Synthetic assumed household; not measured Eatontown data
11,11,22,0.825452,Synthetic assumed household; not measured Eatontown data
11,11,23,0.583431,Synthetic assumed household; not measured Eatontown data
11,12,0,0.430184,Synthetic assumed household; not measured Eatontown data
11,12,1,0.445488,Synthetic assumed household; not measured Eatontown data
11,12,2,0.467623,Synthetic assumed household; not measured Eatontown data
11,12,3,0.460558,Synthetic assumed household; not measured Eatontown data
11,12,4,0.610984,Synthetic assumed household; not measured Eatontown data
11,12,5,0.725270,Synthetic assumed household; not measured Eatontown data
11,12,6,1.169574,Synthetic assumed household; not measured Eatontown data
11,12,7,1.192919,Synthetic assumed household; not measured Eatontown data
11,12,8,1.045726,Synthetic assumed household; not measured Eatontown data
11,12,9,0.888687,Synthetic assumed household; not measured Eatontown data
11,12,10,0.746524,Synthetic assumed household; not measured Eatontown data
11,12,11,0.740045,Synthetic assumed household; not measured Eatontown data
11,12,12,0.761130,Synthetic assumed household; not measured Eatontown data
11,12,13,0.792921,Synthetic assumed household; not measured Eatontown data
11,12,14,0.817244,Synthetic assumed household; not measured Eatontown data
11,12,15,0.767623,Synthetic assumed household; not measured Eatontown data
11,12,16,1.014583,Synthetic assumed household; not measured Eatontown data
11,12,17,1.444027,Synthetic assumed household; not measured Eatontown data
11,12,18,1.745587,Synthetic assumed household; not measured Eatontown data
11,12,19,1.929477,Synthetic assumed household; not measured Eatontown data
11,12,20,1.638700,Synthetic assumed household; not measured Eatontown data
11,12,21,1.154908,Synthetic assumed household; not measured Eatontown data
11,12,22,0.911516,Synthetic assumed household; not measured Eatontown data
11,12,23,0.594994,Synthetic assumed household; not measured Eatontown data
11,13,0,0.477401,Synthetic assumed household; not measured Eatontown data
11,13,1,0.470535,Synthetic assumed household; not measured Eatontown data
11,13,2,0.498436,Synthetic assumed household; not measured Eatontown data
11,13,3,0.473063,Synthetic assumed household; not measured Eatontown data
11,13,4,0.575065,Synthetic assumed household; not measured Eatontown data
11,13,5,0.843618,Synthetic assumed household; not measured Eatontown data
11,13,6,1.066482,Synthetic assumed household; not measured Eatontown data
11,13,7,1.224421,Synthetic assumed household; not measured Eatontown data
11,13,8,1.083878,Synthetic assumed household; not measured Eatontown data
11,13,9,0.964170,Synthetic assumed household; not measured Eatontown data
11,13,10,0.835509,Synthetic assumed household; not measured Eatontown data
11,13,11,0.756479,Synthetic assumed household; not measured Eatontown data
11,13,12,0.841634,Synthetic assumed household; not measured Eatontown data
11,13,13,0.869349,Synthetic assumed household; not measured Eatontown data
11,13,14,0.905425,Synthetic assumed household; not measured Eatontown data
11,13,15,0.887276,Synthetic assumed household; not measured Eatontown data
11,13,16,1.111796,Synthetic assumed household; not measured Eatontown data
11,13,17,1.486508,Synthetic assumed household; not measured Eatontown data
11,13,18,1.810695,Synthetic assumed household; not measured Eatontown data
11,13,19,1.872896,Synthetic assumed household; not measured Eatontown data
11,13,20,1.564967,Synthetic assumed household; not measured Eatontown data
11,13,21,1.442723,Synthetic assumed household; not measured Eatontown data
11,13,22,0.913297,Synthetic assumed household; not measured Eatontown data
11,13,23,0.679213,Synthetic assumed household; not measured Eatontown data
11,14,0,0.437835,Synthetic assumed household; not measured Eatontown data
11,14,1,0.422401,Synthetic assumed household; not measured Eatontown data
11,14,2,0.486316,Synthetic assumed household; not measured Eatontown data
11,14,3,0.497305,Synthetic assumed household; not measured Eatontown data
11,14,4,0.571824,Synthetic assumed household; not measured Eatontown data
11,14,5,0.779439,Synthetic assumed household; not measured Eatontown data
11,14,6,1.094076,Synthetic assumed household; not measured Eatontown data
11,14,7,1.248668,Synthetic assumed household; not measured Eatontown data
11,14,8,1.138575,Synthetic assumed household; not measured Eatontown data
11,14,9,0.962922,Synthetic assumed household; not measured Eatontown data
11,14,10,0.770469,Synthetic assumed household; not measured Eatontown data
11,14,11,0.661471,Synthetic assumed household; not measured Eatontown data
11,14,12,0.647360,Synthetic assumed household; not measured Eatontown data
11,14,13,0.781393,Synthetic assumed household; not measured Eatontown data
11,14,14,0.781576,Synthetic assumed household; not measured Eatontown data
11,14,15,0.867415,Synthetic assumed household; not measured Eatontown data
11,14,16,1.065867,Synthetic assumed household; not measured Eatontown data
11,14,17,1.369229,Synthetic assumed household; not measured Eatontown data
11,14,18,1.559364,Synthetic assumed household; not measured Eatontown data
11,14,19,1.740089,Synthetic assumed household; not measured Eatontown data
11,14,20,1.644099,Synthetic assumed household; not measured Eatontown data
11,14,21,1.164361,Synthetic assumed household; not measured Eatontown data
11,14,22,0.877937,Synthetic assumed household; not measured Eatontown data
11,14,23,0.672760,Synthetic assumed household; not measured Eatontown data
11,15,0,0.486821,Synthetic assumed household; not measured Eatontown data
11,15,1,0.568761,Synthetic assumed household; not measured Eatontown data
11,15,2,0.555463,Synthetic assumed household; not measured Eatontown data
11,15,3,0.586630,Synthetic assumed household; not measured Eatontown data
11,15,4,0.538538,Synthetic assumed household; not measured Eatontown data
11,15,5,0.597672,Synthetic assumed household; not measured Eatontown data
11,15,6,0.769855,Synthetic assumed household; not measured Eatontown data
11,15,7,0.989993,Synthetic assumed household; not measured Eatontown data
11,15,8,1.260811,Synthetic assumed household; not measured Eatontown data
11,15,9,1.530585,Synthetic assumed household; not measured Eatontown data
11,15,10,1.561577,Synthetic assumed household; not measured Eatontown data
11,15,11,1.151319,Synthetic assumed household; not measured Eatontown data
11,15,12,0.972776,Synthetic assumed household; not measured Eatontown data
11,15,13,1.019475,Synthetic assumed household; not measured Eatontown data
11,15,14,0.962668,Synthetic assumed household; not measured Eatontown data
11,15,15,0.996096,Synthetic assumed household; not measured Eatontown data
11,15,16,1.199507,Synthetic assumed household; not measured Eatontown data
11,15,17,1.589993,Synthetic assumed household; not measured Eatontown data
11,15,18,2.141997,Synthetic assumed household; not measured Eatontown data
11,15,19,2.233065,Synthetic assumed household; not measured Eatontown data
11,15,20,1.771426,Synthetic assumed household; not measured Eatontown data
11,15,21,1.530209,Synthetic assumed household; not measured Eatontown data
11,15,22,1.104536,Synthetic assumed household; not measured Eatontown data
11,15,23,0.727226,Synthetic assumed household; not measured Eatontown data
11,16,0,0.459594,Synthetic assumed household; not measured Eatontown data
11,16,1,0.475545,Synthetic assumed household; not measured Eatontown data
11,16,2,0.429229,Synthetic assumed household; not measured Eatontown data
11,16,3,0.422611,Synthetic assumed household; not measured Eatontown data
11,16,4,0.489684,Synthetic assumed household; not measured Eatontown data
11,16,5,0.507040,Synthetic assumed household; not measured Eatontown data
11,16,6,0.520777,Synthetic assumed household; not measured Eatontown data
11,16,7,0.731658,Synthetic assumed household; not measured Eatontown data
11,16,8,1.134054,Synthetic assumed household; not measured Eatontown data
11,16,9,1.267994,Synthetic assumed household; not measured Eatontown data
11,16,10,1.225736,Synthetic assumed household; not measured Eatontown data
11,16,11,1.028835,Synthetic assumed household; not measured Eatontown data
11,16,12,0.767890,Synthetic assumed household; not measured Eatontown data
11,16,13,0.737681,Synthetic assumed household; not measured Eatontown data
11,16,14,0.788220,Synthetic assumed household; not measured Eatontown data
11,16,15,0.777858,Synthetic assumed household; not measured Eatontown data
11,16,16,0.948030,Synthetic assumed household; not measured Eatontown data
11,16,17,1.431526,Synthetic assumed household; not measured Eatontown data
11,16,18,1.600819,Synthetic assumed household; not measured Eatontown data
11,16,19,1.842462,Synthetic assumed household; not measured Eatontown data
11,16,20,1.468039,Synthetic assumed household; not measured Eatontown data
11,16,21,1.102377,Synthetic assumed household; not measured Eatontown data
11,16,22,0.795553,Synthetic assumed household; not measured Eatontown data
11,16,23,0.640765,Synthetic assumed household; not measured Eatontown data
11,17,0,0.492701,Synthetic assumed household; not measured Eatontown data
11,17,1,0.448357,Synthetic assumed household; not measured Eatontown data
11,17,2,0.473610,Synthetic assumed household; not measured Eatontown data
11,17,3,0.501775,Synthetic assumed household; not measured Eatontown data
11,17,4,0.630084,Synthetic assumed household; not measured Eatontown data
11,17,5,0.749646,Synthetic assumed household; not measured Eatontown data
11,17,6,1.039258,Synthetic assumed household; not measured Eatontown data
11,17,7,1.205189,Synthetic assumed household; not measured Eatontown data
11,17,8,1.085699,Synthetic assumed household; not measured Eatontown data
11,17,9,0.883499,Synthetic assumed household; not measured Eatontown data
11,17,10,0.769533,Synthetic assumed household; not measured Eatontown data
11,17,11,0.713938,Synthetic assumed household; not measured Eatontown data
11,17,12,0.759345,Synthetic assumed household; not measured Eatontown data
11,17,13,0.695748,Synthetic assumed household; not measured Eatontown data
11,17,14,0.714392,Synthetic assumed household; not measured Eatontown data
11,17,15,0.904904,Synthetic assumed household; not measured Eatontown data
11,17,16,0.950425,Synthetic assumed household; not measured Eatontown data
11,17,17,1.390699,Synthetic assumed household; not measured Eatontown data
11,17,18,1.847995,Synthetic assumed household; not measured Eatontown data
11,17,19,1.659755,Synthetic assumed household; not measured Eatontown data
11,17,20,1.638748,Synthetic assumed household; not measured Eatontown data
11,17,21,1.135045,Synthetic assumed household; not measured Eatontown data
11,17,22,0.902885,Synthetic assumed household; not measured Eatontown data
11,17,23,0.696220,Synthetic assumed household; not measured Eatontown data
11,18,0,0.577079,Synthetic assumed household; not measured Eatontown data
11,18,1,0.529110,Synthetic assumed household; not measured Eatontown data
11,18,2,0.520485,Synthetic assumed household; not measured Eatontown data
11,18,3,0.562239,Synthetic assumed household; not measured Eatontown data
11,18,4,0.665907,Synthetic assumed household; not measured Eatontown data
11,18,5,1.008692,Synthetic assumed household; not measured Eatontown data
11,18,6,1.388934,Synthetic assumed household; not measured Eatontown data
11,18,7,1.530206,Synthetic assumed household; not measured Eatontown data
11,18,8,1.440497,Synthetic assumed household; not measured Eatontown data
11,18,9,1.097749,Synthetic assumed household; not measured Eatontown data
11,18,10,0.859845,Synthetic assumed household; not measured Eatontown data
11,18,11,0.761333,Synthetic assumed household; not measured Eatontown data
11,18,12,0.830334,Synthetic assumed household; not measured Eatontown data
11,18,13,0.850836,Synthetic assumed household; not measured Eatontown data
11,18,14,0.839274,Synthetic assumed household; not measured Eatontown data
11,18,15,0.994866,Synthetic assumed household; not measured Eatontown data
11,18,16,1.276818,Synthetic assumed household; not measured Eatontown data
11,18,17,1.665418,Synthetic assumed household; not measured Eatontown data
11,18,18,2.113491,Synthetic assumed household; not measured Eatontown data
11,18,19,1.950986,Synthetic assumed household; not measured Eatontown data
11,18,20,1.939088,Synthetic assumed household; not measured Eatontown data
11,18,21,1.574897,Synthetic assumed household; not measured Eatontown data
11,18,22,0.985022,Synthetic assumed household; not measured Eatontown data
11,18,23,0.768457,Synthetic assumed household; not measured Eatontown data
11,19,0,0.526034,Synthetic assumed household; not measured Eatontown data
11,19,1,0.553856,Synthetic assumed household; not measured Eatontown data
11,19,2,0.564604,Synthetic assumed household; not measured Eatontown data
11,19,3,0.577154,Synthetic assumed household; not measured Eatontown data
11,19,4,0.683176,Synthetic assumed household; not measured Eatontown data
11,19,5,0.892275,Synthetic assumed household; not measured Eatontown data
11,19,6,1.409264,Synthetic assumed household; not measured Eatontown data
11,19,7,1.597544,Synthetic assumed household; not measured Eatontown data
11,19,8,1.430548,Synthetic assumed household; not measured Eatontown data
11,19,9,0.976338,Synthetic assumed household; not measured Eatontown data
11,19,10,0.871272,Synthetic assumed household; not measured Eatontown data
11,19,11,0.772393,Synthetic assumed household; not measured Eatontown data
11,19,12,0.923051,Synthetic assumed household; not measured Eatontown data
11,19,13,0.864530,Synthetic assumed household; not measured Eatontown data
11,19,14,0.917475,Synthetic assumed household; not measured Eatontown data
11,19,15,1.042457,Synthetic assumed household; not measured Eatontown data
11,19,16,1.224157,Synthetic assumed household; not measured Eatontown data
11,19,17,1.657370,Synthetic assumed household; not measured Eatontown data
11,19,18,1.827806,Synthetic assumed household; not measured Eatontown data
11,19,19,2.107976,Synthetic assumed household; not measured Eatontown data
11,19,20,2.099630,Synthetic assumed household; not measured Eatontown data
11,19,21,1.620262,Synthetic assumed household; not measured Eatontown data
11,19,22,1.150140,Synthetic assumed household; not measured Eatontown data
11,19,23,0.805318,Synthetic assumed household; not measured Eatontown data
11,20,0,0.580755,Synthetic assumed household; not measured Eatontown data
11,20,1,0.532677,Synthetic assumed household; not measured Eatontown data
11,20,2,0.527647,Synthetic assumed household; not measured Eatontown data
11,20,3,0.553104,Synthetic assumed household; not measured Eatontown data
11,20,4,0.716794,Synthetic assumed household; not measured Eatontown data
11,20,5,0.991286,Synthetic assumed household; not measured Eatontown data
11,20,6,1.412991,Synthetic assumed household; not measured Eatontown data
11,20,7,1.504317,Synthetic assumed household; not measured Eatontown data
11,20,8,1.279634,Synthetic assumed household; not measured Eatontown data
11,20,9,1.175743,Synthetic assumed household; not measured Eatontown data
11,20,10,0.883840,Synthetic assumed household; not measured Eatontown data
11,20,11,0.902592,Synthetic assumed household; not measured Eatontown data
11,20,12,0.901625,Synthetic assumed household; not measured Eatontown data
11,20,13,0.988799,Synthetic assumed household; not measured Eatontown data
11,20,14,0.889480,Synthetic assumed household; not measured Eatontown data
11,20,15,1.036819,Synthetic assumed household; not measured Eatontown data
11,20,16,1.184059,Synthetic assumed household; not measured Eatontown data
11,20,17,1.718548,Synthetic assumed household; not measured Eatontown data
11,20,18,1.942259,Synthetic assumed household; not measured Eatontown data
11,20,19,2.069598,Synthetic assumed household; not measured Eatontown data
11,20,20,2.085279,Synthetic assumed household; not measured Eatontown data
11,20,21,1.580730,Synthetic assumed household; not measured Eatontown data
11,20,22,0.987862,Synthetic assumed household; not measured Eatontown data
11,20,23,0.761775,Synthetic assumed household; not measured Eatontown data
11,21,0,0.491881,Synthetic assumed household; not measured Eatontown data
11,21,1,0.573868,Synthetic assumed household; not measured Eatontown data
11,21,2,0.577595,Synthetic assumed household; not measured Eatontown data
11,21,3,0.596782,Synthetic assumed household; not measured Eatontown data
11,21,4,0.641178,Synthetic assumed household; not measured Eatontown data
11,21,5,0.884577,Synthetic assumed household; not measured Eatontown data
11,21,6,1.248696,Synthetic assumed household; not measured Eatontown data
11,21,7,1.543393,Synthetic assumed household; not measured Eatontown data
11,21,8,1.216059,Synthetic assumed household; not measured Eatontown data
11,21,9,0.978890,Synthetic assumed household; not measured Eatontown data
11,21,10,0.881631,Synthetic assumed household; not measured Eatontown data
11,21,11,0.867323,Synthetic assumed household; not measured Eatontown data
11,21,12,0.779854,Synthetic assumed household; not measured Eatontown data
11,21,13,0.908615,Synthetic assumed household; not measured Eatontown data
11,21,14,0.973751,Synthetic assumed household; not measured Eatontown data
11,21,15,1.083134,Synthetic assumed household; not measured Eatontown data
11,21,16,1.285177,Synthetic assumed household; not measured Eatontown data
11,21,17,1.615229,Synthetic assumed household; not measured Eatontown data
11,21,18,2.004760,Synthetic assumed household; not measured Eatontown data
11,21,19,2.037904,Synthetic assumed household; not measured Eatontown data
11,21,20,1.970198,Synthetic assumed household; not measured Eatontown data
11,21,21,1.525968,Synthetic assumed household; not measured Eatontown data
11,21,22,0.999586,Synthetic assumed household; not measured Eatontown data
11,21,23,0.755102,Synthetic assumed household; not measured Eatontown data
11,22,0,0.541870,Synthetic assumed household; not measured Eatontown data
11,22,1,0.537133,Synthetic assumed household; not measured Eatontown data
11,22,2,0.478261,Synthetic assumed household; not measured Eatontown data
11,22,3,0.468735,Synthetic assumed household; not measured Eatontown data
11,22,4,0.473038,Synthetic assumed household; not measured Eatontown data
11,22,5,0.505685,Synthetic assumed household; not measured Eatontown data
11,22,6,0.700471,Synthetic assumed household; not measured Eatontown data
11,22,7,1.005789,Synthetic assumed household; not measured Eatontown data
11,22,8,1.322439,Synthetic assumed household; not measured Eatontown data
11,22,9,1.345810,Synthetic assumed household; not measured Eatontown data
11,22,10,1.337394,Synthetic assumed household; not measured Eatontown data
11,22,11,1.216016,Synthetic assumed household; not measured Eatontown data
11,22,12,1.036018,Synthetic assumed household; not measured Eatontown data
11,22,13,0.887665,Synthetic assumed household; not measured Eatontown data
11,22,14,0.787779,Synthetic assumed household; not measured Eatontown data
11,22,15,0.872677,Synthetic assumed household; not measured Eatontown data
11,22,16,1.178059,Synthetic assumed household; not measured Eatontown data
11,22,17,1.623181,Synthetic assumed household; not measured Eatontown data
11,22,18,2.047253,Synthetic assumed household; not measured Eatontown data
11,22,19,1.930568,Synthetic assumed household; not measured Eatontown data
11,22,20,1.761073,Synthetic assumed household; not measured Eatontown data
11,22,21,1.446963,Synthetic assumed household; not measured Eatontown data
11,22,22,1.039652,Synthetic assumed household; not measured Eatontown data
11,22,23,0.706623,Synthetic assumed household; not measured Eatontown data
11,23,0,0.484296,Synthetic assumed household; not measured Eatontown data
11,23,1,0.502138,Synthetic assumed household; not measured Eatontown data
11,23,2,0.517140,Synthetic assumed household; not measured Eatontown data
11,23,3,0.510685,Synthetic assumed household; not measured Eatontown data
11,23,4,0.485500,Synthetic assumed household; not measured Eatontown data
11,23,5,0.608004,Synthetic assumed household; not measured Eatontown data
11,23,6,0.723193,Synthetic assumed household; not measured Eatontown data
11,23,7,0.937594,Synthetic assumed household; not measured Eatontown data
11,23,8,1.266784,Synthetic assumed household; not measured Eatontown data
11,23,9,1.507757,Synthetic assumed household; not measured Eatontown data
11,23,10,1.293980,Synthetic assumed household; not measured Eatontown data
11,23,11,1.189443,Synthetic assumed household; not measured Eatontown data
11,23,12,1.020838,Synthetic assumed household; not measured Eatontown data
11,23,13,0.922207,Synthetic assumed household; not measured Eatontown data
11,23,14,0.904552,Synthetic assumed household; not measured Eatontown data
11,23,15,0.932572,Synthetic assumed household; not measured Eatontown data
11,23,16,1.302096,Synthetic assumed household; not measured Eatontown data
11,23,17,1.422797,Synthetic assumed household; not measured Eatontown data
11,23,18,2.081829,Synthetic assumed household; not measured Eatontown data
11,23,19,2.114202,Synthetic assumed household; not measured Eatontown data
11,23,20,1.826840,Synthetic assumed household; not measured Eatontown data
11,23,21,1.509158,Synthetic assumed household; not measured Eatontown data
11,23,22,0.993940,Synthetic assumed household; not measured Eatontown data
11,23,23,0.742648,Synthetic assumed household; not measured Eatontown data
11,24,0,0.526439,Synthetic assumed household; not measured Eatontown data
11,24,1,0.464889,Synthetic assumed household; not measured Eatontown data
11,24,2,0.518318,Synthetic assumed household; not measured Eatontown data
11,24,3,0.485749,Synthetic assumed household; not measured Eatontown data
11,24,4,0.646770,Synthetic assumed household; not measured Eatontown data
11,24,5,0.898460,Synthetic assumed household; not measured Eatontown data
11,24,6,1.187442,Synthetic assumed household; not measured Eatontown data
11,24,7,1.184580,Synthetic assumed household; not measured Eatontown data
11,24,8,1.284255,Synthetic assumed household; not measured Eatontown data
11,24,9,0.899070,Synthetic assumed household; not measured Eatontown data
11,24,10,0.794758,Synthetic assumed household; not measured Eatontown data
11,24,11,0.738847,Synthetic assumed household; not measured Eatontown data
11,24,12,0.847837,Synthetic assumed household; not measured Eatontown data
11,24,13,0.821627,Synthetic assumed household; not measured Eatontown data
11,24,14,0.882217,Synthetic assumed household; not measured Eatontown data
11,24,15,0.996372,Synthetic assumed household; not measured Eatontown data
11,24,16,1.120969,Synthetic assumed household; not measured Eatontown data
11,24,17,1.393939,Synthetic assumed household; not measured Eatontown data
11,24,18,1.836289,Synthetic assumed household; not measured Eatontown data
11,24,19,2.087624,Synthetic assumed household; not measured Eatontown data
11,24,20,1.806650,Synthetic assumed household; not measured Eatontown data
11,24,21,1.297102,Synthetic assumed household; not measured Eatontown data
11,24,22,0.936829,Synthetic assumed household; not measured Eatontown data
11,24,23,0.639137,Synthetic assumed household; not measured Eatontown data
11,25,0,0.496826,Synthetic assumed household; not measured Eatontown data
11,25,1,0.567627,Synthetic assumed household; not measured Eatontown data
11,25,2,0.524528,Synthetic assumed household; not measured Eatontown data
11,25,3,0.526117,Synthetic assumed household; not measured Eatontown data
11,25,4,0.715248,Synthetic assumed household; not measured Eatontown data
11,25,5,0.946999,Synthetic assumed household; not measured Eatontown data
11,25,6,1.334594,Synthetic assumed household; not measured Eatontown data
11,25,7,1.533660,Synthetic assumed household; not measured Eatontown data
11,25,8,1.373829,Synthetic assumed household; not measured Eatontown data
11,25,9,1.049510,Synthetic assumed household; not measured Eatontown data
11,25,10,0.818775,Synthetic assumed household; not measured Eatontown data
11,25,11,0.771716,Synthetic assumed household; not measured Eatontown data
11,25,12,0.884977,Synthetic assumed household; not measured Eatontown data
11,25,13,0.840629,Synthetic assumed household; not measured Eatontown data
11,25,14,0.844100,Synthetic assumed household; not measured Eatontown data
11,25,15,0.943232,Synthetic assumed household; not measured Eatontown data
11,25,16,1.284066,Synthetic assumed household; not measured Eatontown data
11,25,17,1.662099,Synthetic assumed household; not measured Eatontown data
11,25,18,1.761827,Synthetic assumed household; not measured Eatontown data
11,25,19,2.189292,Synthetic assumed household; not measured Eatontown data
11,25,20,1.921562,Synthetic assumed household; not measured Eatontown data
11,25,21,1.513011,Synthetic assumed household; not measured Eatontown data
11,25,22,1.126714,Synthetic assumed household; not measured Eatontown data
11,25,23,0.684230,Synthetic assumed household; not measured Eatontown data
11,26,0,0.559985,Synthetic assumed household; not measured Eatontown data
11,26,1,0.607999,Synthetic assumed household; not measured Eatontown data
11,26,2,0.624636,Synthetic assumed household; not measured Eatontown data
11,26,3,0.560823,Synthetic assumed household; not measured Eatontown data
11,26,4,0.800666,Synthetic assumed household; not measured Eatontown data
11,26,5,0.936890,Synthetic assumed household; not measured Eatontown data
11,26,6,1.230068,Synthetic assumed household; not measured Eatontown data
11,26,7,1.687397,Synthetic assumed household; not measured Eatontown data
11,26,8,1.458710,Synthetic assumed household; not measured Eatontown data
11,26,9,1.158117,Synthetic assumed household; not measured Eatontown data
11,26,10,1.031393,Synthetic assumed household; not measured Eatontown data
11,26,11,0.916332,Synthetic assumed household; not measured Eatontown data
11,26,12,0.897099,Synthetic assumed household; not measured Eatontown data
11,26,13,0.854428,Synthetic assumed household; not measured Eatontown data
11,26,14,0.925348,Synthetic assumed household; not measured Eatontown data
11,26,15,1.071156,Synthetic assumed household; not measured Eatontown data
11,26,16,1.363279,Synthetic assumed household; not measured Eatontown data
11,26,17,1.859932,Synthetic assumed household; not measured Eatontown data
11,26,18,2.162406,Synthetic assumed household; not measured Eatontown data
11,26,19,2.193661,Synthetic assumed household; not measured Eatontown data
11,26,20,2.111064,Synthetic assumed household; not measured Eatontown data
11,26,21,1.661767,Synthetic assumed household; not measured Eatontown data
11,26,22,1.137392,Synthetic assumed household; not measured Eatontown data
11,26,23,0.834534,Synthetic assumed household; not measured Eatontown data
11,27,0,0.573221,Synthetic assumed household; not measured Eatontown data
11,27,1,0.532260,Synthetic assumed household; not measured Eatontown data
11,27,2,0.580937,Synthetic assumed household; not measured Eatontown data
11,27,3,0.581615,Synthetic assumed household; not measured Eatontown data
11,27,4,0.661729,Synthetic assumed household; not measured Eatontown data
11,27,5,0.898455,Synthetic assumed household; not measured Eatontown data
11,27,6,1.320136,Synthetic assumed household; not measured Eatontown data
11,27,7,1.558505,Synthetic assumed household; not measured Eatontown data
11,27,8,1.389548,Synthetic assumed household; not measured Eatontown data
11,27,9,1.007114,Synthetic assumed household; not measured Eatontown data
11,27,10,0.936755,Synthetic assumed household; not measured Eatontown data
11,27,11,0.887829,Synthetic assumed household; not measured Eatontown data
11,27,12,0.855170,Synthetic assumed household; not measured Eatontown data
11,27,13,0.967998,Synthetic assumed household; not measured Eatontown data
11,27,14,1.011964,Synthetic assumed household; not measured Eatontown data
11,27,15,0.984291,Synthetic assumed household; not measured Eatontown data
11,27,16,1.282581,Synthetic assumed household; not measured Eatontown data
11,27,17,1.717882,Synthetic assumed household; not measured Eatontown data
11,27,18,2.027530,Synthetic assumed household; not measured Eatontown data
11,27,19,2.234580,Synthetic assumed household; not measured Eatontown data
11,27,20,1.831442,Synthetic assumed household; not measured Eatontown data
11,27,21,1.402425,Synthetic assumed household; not measured Eatontown data
11,27,22,1.167876,Synthetic assumed household; not measured Eatontown data
11,27,23,0.819947,Synthetic assumed household; not measured Eatontown data
11,28,0,0.483497,Synthetic assumed household; not measured Eatontown data
11,28,1,0.411927,Synthetic assumed household; not measured Eatontown data
11,28,2,0.466059,Synthetic assumed household; not measured Eatontown data
11,28,3,0.492088,Synthetic assumed household; not measured Eatontown data
11,28,4,0.622140,Synthetic assumed household; not measured Eatontown data
11,28,5,0.799710,Synthetic assumed household; not measured Eatontown data
11,28,6,1.085852,Synthetic assumed household; not measured Eatontown data
11,28,7,1.253610,Synthetic assumed household; not measured Eatontown data
11,28,8,1.182453,Synthetic assumed household; not measured Eatontown data
11,28,9,0.963134,Synthetic assumed household; not measured Eatontown data
11,28,10,0.698176,Synthetic assumed household; not measured Eatontown data
11,28,11,0.751759,Synthetic assumed household; not measured Eatontown data
11,28,12,0.800599,Synthetic assumed household; not measured Eatontown data
11,28,13,0.814472,Synthetic assumed household; not measured Eatontown data
11,28,14,0.731537,Synthetic assumed household; not measured Eatontown data
11,28,15,0.876690,Synthetic assumed household; not measured Eatontown data
11,28,16,0.984705,Synthetic assumed household; not measured Eatontown data
11,28,17,1.380115,Synthetic assumed household; not measured Eatontown data
11,28,18,1.781117,Synthetic assumed household; not measured Eatontown data
11,28,19,1.665598,Synthetic assumed household; not measured Eatontown data
11,28,20,1.507072,Synthetic assumed household; not measured Eatontown data
11,28,21,1.182581,Synthetic assumed household; not measured Eatontown data
11,28,22,0.822933,Synthetic assumed household; not measured Eatontown data
11,28,23,0.640976,Synthetic assumed household; not measured Eatontown data
11,29,0,0.504731,Synthetic assumed household; not measured Eatontown data
11,29,1,0.609997,Synthetic assumed household; not measured Eatontown data
11,29,2,0.557621,Synthetic assumed household; not measured Eatontown data
11,29,3,0.543355,Synthetic assumed household; not measured Eatontown data
11,29,4,0.572207,Synthetic assumed household; not measured Eatontown data
11,29,5,0.596790,Synthetic assumed household; not measured Eatontown data
11,29,6,0.800692,Synthetic assumed household; not measured Eatontown data
11,29,7,0.915778,Synthetic assumed household; not measured Eatontown data
11,29,8,1.331668,Synthetic assumed household; not measured Eatontown data
11,29,9,1.746793,Synthetic assumed household; not measured Eatontown data
11,29,10,1.517142,Synthetic assumed household; not measured Eatontown data
11,29,11,1.320135,Synthetic assumed household; not measured Eatontown data
11,29,12,1.078112,Synthetic assumed household; not measured Eatontown data
11,29,13,0.951145,Synthetic assumed household; not measured Eatontown data
11,29,14,0.977422,Synthetic assumed household; not measured Eatontown data
11,29,15,1.093306,Synthetic assumed household; not measured Eatontown data
11,29,16,1.292673,Synthetic assumed household; not measured Eatontown data
11,29,17,1.832074,Synthetic assumed household; not measured Eatontown data
11,29,18,1.994218,Synthetic assumed household; not measured Eatontown data
11,29,19,2.220164,Synthetic assumed household; not measured Eatontown data
11,29,20,1.875587,Synthetic assumed household; not measured Eatontown data
11,29,21,1.413478,Synthetic assumed household; not measured Eatontown data
11,29,22,1.148748,Synthetic assumed household; not measured Eatontown data
11,29,23,0.733596,Synthetic assumed household; not measured Eatontown data
11,30,0,0.438822,Synthetic assumed household; not measured Eatontown data
11,30,1,0.487624,Synthetic assumed household; not measured Eatontown data
11,30,2,0.499360,Synthetic assumed household; not measured Eatontown data
11,30,3,0.468245,Synthetic assumed household; not measured Eatontown data
11,30,4,0.439451,Synthetic assumed household; not measured Eatontown data
11,30,5,0.483872,Synthetic assumed household; not measured Eatontown data
11,30,6,0.559088,Synthetic assumed household; not measured Eatontown data
11,30,7,0.856301,Synthetic assumed household; not measured Eatontown data
11,30,8,1.042370,Synthetic assumed household; not measured Eatontown data
11,30,9,1.252810,Synthetic assumed household; not measured Eatontown data
11,30,10,1.212105,Synthetic assumed household; not measured Eatontown data
11,30,11,1.109259,Synthetic assumed household; not measured Eatontown data
11,30,12,0.841158,Synthetic assumed household; not measured Eatontown data
11,30,13,0.724190,Synthetic assumed household; not measured Eatontown data
11,30,14,0.751857,Synthetic assumed household; not measured Eatontown data
11,30,15,0.851481,Synthetic assumed household; not measured Eatontown data
11,30,16,1.098222,Synthetic assumed household; not measured Eatontown data
11,30,17,1.381510,Synthetic assumed household; not measured Eatontown data
11,30,18,1.543127,Synthetic assumed household; not measured Eatontown data
11,30,19,1.894190,Synthetic assumed household; not measured Eatontown data
11,30,20,1.797704,Synthetic assumed household; not measured Eatontown data
11,30,21,1.312054,Synthetic assumed household; not measured Eatontown data
11,30,22,0.832414,Synthetic assumed household; not measured Eatontown data
11,30,23,0.619805,Synthetic assumed household; not measured Eatontown data
12,1,0,0.563059,Synthetic assumed household; not measured Eatontown data
12,1,1,0.541045,Synthetic assumed household; not measured Eatontown data
12,1,2,0.527354,Synthetic assumed household; not measured Eatontown data
12,1,3,0.528733,Synthetic assumed household; not measured Eatontown data
12,1,4,0.748025,Synthetic assumed household; not measured Eatontown data
12,1,5,0.919728,Synthetic assumed household; not measured Eatontown data
12,1,6,1.138686,Synthetic assumed household; not measured Eatontown data
12,1,7,1.463216,Synthetic assumed household; not measured Eatontown data
12,1,8,1.207259,Synthetic assumed household; not measured Eatontown data
12,1,9,0.979124,Synthetic assumed household; not measured Eatontown data
12,1,10,0.809422,Synthetic assumed household; not measured Eatontown data
12,1,11,0.840155,Synthetic assumed household; not measured Eatontown data
12,1,12,0.777748,Synthetic assumed household; not measured Eatontown data
12,1,13,0.901964,Synthetic assumed household; not measured Eatontown data
12,1,14,0.883798,Synthetic assumed household; not measured Eatontown data
12,1,15,0.966388,Synthetic assumed household; not measured Eatontown data
12,1,16,1.167930,Synthetic assumed household; not measured Eatontown data
12,1,17,1.704652,Synthetic assumed household; not measured Eatontown data
12,1,18,1.846642,Synthetic assumed household; not measured Eatontown data
12,1,19,1.889477,Synthetic assumed household; not measured Eatontown data
12,1,20,1.846575,Synthetic assumed household; not measured Eatontown data
12,1,21,1.598026,Synthetic assumed household; not measured Eatontown data
12,1,22,1.001612,Synthetic assumed household; not measured Eatontown data
12,1,23,0.678021,Synthetic assumed household; not measured Eatontown data
12,2,0,0.533802,Synthetic assumed household; not measured Eatontown data
12,2,1,0.597773,Synthetic assumed household; not measured Eatontown data
12,2,2,0.555813,Synthetic assumed household; not measured Eatontown data
12,2,3,0.652243,Synthetic assumed household; not measured Eatontown data
12,2,4,0.733075,Synthetic assumed household; not measured Eatontown data
12,2,5,1.011351,Synthetic assumed household; not measured Eatontown data
12,2,6,1.411465,Synthetic assumed household; not measured Eatontown data
12,2,7,1.659448,Synthetic assumed household; not measured Eatontown data
12,2,8,1.437223,Synthetic assumed household; not measured Eatontown data
12,2,9,1.166534,Synthetic assumed household; not measured Eatontown data
12,2,10,1.022170,Synthetic assumed household; not measured Eatontown data
12,2,11,0.838543,Synthetic assumed household; not measured Eatontown data
12,2,12,1.000819,Synthetic assumed household; not measured Eatontown data
12,2,13,0.925575,Synthetic assumed household; not measured Eatontown data
12,2,14,0.949958,Synthetic assumed household; not measured Eatontown data
12,2,15,1.130466,Synthetic assumed household; not measured Eatontown data
12,2,16,1.443316,Synthetic assumed household; not measured Eatontown data
12,2,17,1.723446,Synthetic assumed household; not measured Eatontown data
12,2,18,2.147596,Synthetic assumed household; not measured Eatontown data
12,2,19,2.417867,Synthetic assumed household; not measured Eatontown data
12,2,20,2.032761,Synthetic assumed household; not measured Eatontown data
12,2,21,1.458739,Synthetic assumed household; not measured Eatontown data
12,2,22,0.998758,Synthetic assumed household; not measured Eatontown data
12,2,23,0.796325,Synthetic assumed household; not measured Eatontown data
12,3,0,0.420686,Synthetic assumed household; not measured Eatontown data
12,3,1,0.444297,Synthetic assumed household; not measured Eatontown data
12,3,2,0.482207,Synthetic assumed household; not measured Eatontown data
12,3,3,0.444487,Synthetic assumed household; not measured Eatontown data
12,3,4,0.611489,Synthetic assumed household; not measured Eatontown data
12,3,5,0.876910,Synthetic assumed household; not measured Eatontown data
12,3,6,1.125758,Synthetic assumed household; not measured Eatontown data
12,3,7,1.169933,Synthetic assumed household; not measured Eatontown data
12,3,8,1.157704,Synthetic assumed household; not measured Eatontown data
12,3,9,0.947215,Synthetic assumed household; not measured Eatontown data
12,3,10,0.706523,Synthetic assumed household; not measured Eatontown data
12,3,11,0.784514,Synthetic assumed household; not measured Eatontown data
12,3,12,0.775487,Synthetic assumed household; not measured Eatontown data
12,3,13,0.754210,Synthetic assumed household; not measured Eatontown data
12,3,14,0.745814,Synthetic assumed household; not measured Eatontown data
12,3,15,0.846556,Synthetic assumed household; not measured Eatontown data
12,3,16,1.144069,Synthetic assumed household; not measured Eatontown data
12,3,17,1.468134,Synthetic assumed household; not measured Eatontown data
12,3,18,1.784232,Synthetic assumed household; not measured Eatontown data
12,3,19,1.729839,Synthetic assumed household; not measured Eatontown data
12,3,20,1.743066,Synthetic assumed household; not measured Eatontown data
12,3,21,1.367744,Synthetic assumed household; not measured Eatontown data
12,3,22,0.865550,Synthetic assumed household; not measured Eatontown data
12,3,23,0.608867,Synthetic assumed household; not measured Eatontown data
12,4,0,0.408013,Synthetic assumed household; not measured Eatontown data
12,4,1,0.466658,Synthetic assumed household; not measured Eatontown data
12,4,2,0.491372,Synthetic assumed household; not measured Eatontown data
12,4,3,0.446249,Synthetic assumed household; not measured Eatontown data
12,4,4,0.522549,Synthetic assumed household; not measured Eatontown data
12,4,5,0.822934,Synthetic assumed household; not measured Eatontown data
12,4,6,1.070546,Synthetic assumed household; not measured Eatontown data
12,4,7,1.205141,Synthetic assumed household; not measured Eatontown data
12,4,8,1.193312,Synthetic assumed household; not measured Eatontown data
12,4,9,0.973609,Synthetic assumed household; not measured Eatontown data
12,4,10,0.727863,Synthetic assumed household; not measured Eatontown data
12,4,11,0.701762,Synthetic assumed household; not measured Eatontown data
12,4,12,0.750124,Synthetic assumed household; not measured Eatontown data
12,4,13,0.735645,Synthetic assumed household; not measured Eatontown data
12,4,14,0.767352,Synthetic assumed household; not measured Eatontown data
12,4,15,0.925438,Synthetic assumed household; not measured Eatontown data
12,4,16,1.109927,Synthetic assumed household; not measured Eatontown data
12,4,17,1.389436,Synthetic assumed household; not measured Eatontown data
12,4,18,1.613799,Synthetic assumed household; not measured Eatontown data
12,4,19,1.804642,Synthetic assumed household; not measured Eatontown data
12,4,20,1.724752,Synthetic assumed household; not measured Eatontown data
12,4,21,1.290546,Synthetic assumed household; not measured Eatontown data
12,4,22,0.901248,Synthetic assumed household; not measured Eatontown data
12,4,23,0.644898,Synthetic assumed household; not measured Eatontown data
12,5,0,0.518920,Synthetic assumed household; not measured Eatontown data
12,5,1,0.573884,Synthetic assumed household; not measured Eatontown data
12,5,2,0.603900,Synthetic assumed household; not measured Eatontown data
12,5,3,0.625141,Synthetic assumed household; not measured Eatontown data
12,5,4,0.757345,Synthetic assumed household; not measured Eatontown data
12,5,5,0.968797,Synthetic assumed household; not measured Eatontown data
12,5,6,1.328572,Synthetic assumed household; not measured Eatontown data
12,5,7,1.513434,Synthetic assumed household; not measured Eatontown data
12,5,8,1.489589,Synthetic assumed household; not measured Eatontown data
12,5,9,1.132312,Synthetic assumed household; not measured Eatontown data
12,5,10,0.976669,Synthetic assumed household; not measured Eatontown data
12,5,11,0.864073,Synthetic assumed household; not measured Eatontown data
12,5,12,0.831859,Synthetic assumed household; not measured Eatontown data
12,5,13,0.829752,Synthetic assumed household; not measured Eatontown data
12,5,14,1.002981,Synthetic assumed household; not measured Eatontown data
12,5,15,1.036048,Synthetic assumed household; not measured Eatontown data
12,5,16,1.378895,Synthetic assumed household; not measured Eatontown data
12,5,17,1.615452,Synthetic assumed household; not measured Eatontown data
12,5,18,1.970536,Synthetic assumed household; not measured Eatontown data
12,5,19,2.110252,Synthetic assumed household; not measured Eatontown data
12,5,20,1.805262,Synthetic assumed household; not measured Eatontown data
12,5,21,1.635122,Synthetic assumed household; not measured Eatontown data
12,5,22,1.007879,Synthetic assumed household; not measured Eatontown data
12,5,23,0.766836,Synthetic assumed household; not measured Eatontown data
12,6,0,0.508238,Synthetic assumed household; not measured Eatontown data
12,6,1,0.528280,Synthetic assumed household; not measured Eatontown data
12,6,2,0.528002,Synthetic assumed household; not measured Eatontown data
12,6,3,0.520687,Synthetic assumed household; not measured Eatontown data
12,6,4,0.587561,Synthetic assumed household; not measured Eatontown data
12,6,5,0.607631,Synthetic assumed household; not measured Eatontown data
12,6,6,0.685965,Synthetic assumed household; not measured Eatontown data
12,6,7,0.966920,Synthetic assumed household; not measured Eatontown data
12,6,8,1.490366,Synthetic assumed household; not measured Eatontown data
12,6,9,1.631191,Synthetic assumed household; not measured Eatontown data
12,6,10,1.591819,Synthetic assumed household; not measured Eatontown data
12,6,11,1.120769,Synthetic assumed household; not measured Eatontown data
12,6,12,1.025601,Synthetic assumed household; not measured Eatontown data
12,6,13,0.973443,Synthetic assumed household; not measured Eatontown data
12,6,14,0.949647,Synthetic assumed household; not measured Eatontown data
12,6,15,1.010526,Synthetic assumed household; not measured Eatontown data
12,6,16,1.301934,Synthetic assumed household; not measured Eatontown data
12,6,17,1.594581,Synthetic assumed household; not measured Eatontown data
12,6,18,1.972766,Synthetic assumed household; not measured Eatontown data
12,6,19,1.963191,Synthetic assumed household; not measured Eatontown data
12,6,20,2.122656,Synthetic assumed household; not measured Eatontown data
12,6,21,1.424248,Synthetic assumed household; not measured Eatontown data
12,6,22,1.036630,Synthetic assumed household; not measured Eatontown data
12,6,23,0.704648,Synthetic assumed household; not measured Eatontown data
12,7,0,0.466887,Synthetic assumed household; not measured Eatontown data
12,7,1,0.510716,Synthetic assumed household; not measured Eatontown data
12,7,2,0.474296,Synthetic assumed household; not measured Eatontown data
12,7,3,0.472658,Synthetic assumed household; not measured Eatontown data
12,7,4,0.517644,Synthetic assumed household; not measured Eatontown data
12,7,5,0.516393,Synthetic assumed household; not measured Eatontown data
12,7,6,0.693794,Synthetic assumed household; not measured Eatontown data
12,7,7,0.880008,Synthetic assumed household; not measured Eatontown data
12,7,8,1.242510,Synthetic assumed household; not measured Eatontown data
12,7,9,1.408439,Synthetic assumed household; not measured Eatontown data
12,7,10,1.362970,Synthetic assumed household; not measured Eatontown data
12,7,11,1.070575,Synthetic assumed household; not measured Eatontown data
12,7,12,1.015596,Synthetic assumed household; not measured Eatontown data
12,7,13,0.811111,Synthetic assumed household; not measured Eatontown data
12,7,14,0.869931,Synthetic assumed household; not measured Eatontown data
12,7,15,1.028138,Synthetic assumed household; not measured Eatontown data
12,7,16,1.097807,Synthetic assumed household; not measured Eatontown data
12,7,17,1.483122,Synthetic assumed household; not measured Eatontown data
12,7,18,1.855461,Synthetic assumed household; not measured Eatontown data
12,7,19,1.959259,Synthetic assumed household; not measured Eatontown data
12,7,20,1.956869,Synthetic assumed household; not measured Eatontown data
12,7,21,1.321282,Synthetic assumed household; not measured Eatontown data
12,7,22,0.926574,Synthetic assumed household; not measured Eatontown data
12,7,23,0.643338,Synthetic assumed household; not measured Eatontown data
12,8,0,0.519238,Synthetic assumed household; not measured Eatontown data
12,8,1,0.535582,Synthetic assumed household; not measured Eatontown data
12,8,2,0.467401,Synthetic assumed household; not measured Eatontown data
12,8,3,0.499542,Synthetic assumed household; not measured Eatontown data
12,8,4,0.634494,Synthetic assumed household; not measured Eatontown data
12,8,5,0.900935,Synthetic assumed household; not measured Eatontown data
12,8,6,1.121872,Synthetic assumed household; not measured Eatontown data
12,8,7,1.320087,Synthetic assumed household; not measured Eatontown data
12,8,8,1.246181,Synthetic assumed household; not measured Eatontown data
12,8,9,1.049862,Synthetic assumed household; not measured Eatontown data
12,8,10,0.856608,Synthetic assumed household; not measured Eatontown data
12,8,11,0.751286,Synthetic assumed household; not measured Eatontown data
12,8,12,0.839005,Synthetic assumed household; not measured Eatontown data
12,8,13,0.883579,Synthetic assumed household; not measured Eatontown data
12,8,14,0.850562,Synthetic assumed household; not measured Eatontown data
12,8,15,1.014571,Synthetic assumed household; not measured Eatontown data
12,8,16,1.223213,Synthetic assumed household; not measured Eatontown data
12,8,17,1.452346,Synthetic assumed household; not measured Eatontown data
12,8,18,1.685372,Synthetic assumed household; not measured Eatontown data
12,8,19,1.806295,Synthetic assumed household; not measured Eatontown data
12,8,20,1.601618,Synthetic assumed household; not measured Eatontown data
12,8,21,1.272839,Synthetic assumed household; not measured Eatontown data
12,8,22,0.960464,Synthetic assumed household; not measured Eatontown data
12,8,23,0.725634,Synthetic assumed household; not measured Eatontown data
12,9,0,0.488394,Synthetic assumed household; not measured Eatontown data
12,9,1,0.457364,Synthetic assumed household; not measured Eatontown data
12,9,2,0.523172,Synthetic assumed household; not measured Eatontown data
12,9,3,0.530344,Synthetic assumed household; not measured Eatontown data
12,9,4,0.598908,Synthetic assumed household; not measured Eatontown data
12,9,5,0.795723,Synthetic assumed household; not measured Eatontown data
12,9,6,1.117959,Synthetic assumed household; not measured Eatontown data
12,9,7,1.344228,Synthetic assumed household; not measured Eatontown data
12,9,8,1.115935,Synthetic assumed household; not measured Eatontown data
12,9,9,0.877868,Synthetic assumed household; not measured Eatontown data
12,9,10,0.784155,Synthetic assumed household; not measured Eatontown data
12,9,11,0.704425,Synthetic assumed household; not measured Eatontown data
12,9,12,0.799520,Synthetic assumed household; not measured Eatontown data
12,9,13,0.838871,Synthetic assumed household; not measured Eatontown data
12,9,14,0.889929,Synthetic assumed household; not measured Eatontown data
12,9,15,0.845905,Synthetic assumed household; not measured Eatontown data
12,9,16,1.160233,Synthetic assumed household; not measured Eatontown data
12,9,17,1.329496,Synthetic assumed household; not measured Eatontown data
12,9,18,1.813155,Synthetic assumed household; not measured Eatontown data
12,9,19,1.982670,Synthetic assumed household; not measured Eatontown data
12,9,20,1.755015,Synthetic assumed household; not measured Eatontown data
12,9,21,1.302711,Synthetic assumed household; not measured Eatontown data
12,9,22,0.856524,Synthetic assumed household; not measured Eatontown data
12,9,23,0.720724,Synthetic assumed household; not measured Eatontown data
12,10,0,0.541033,Synthetic assumed household; not measured Eatontown data
12,10,1,0.499085,Synthetic assumed household; not measured Eatontown data
12,10,2,0.494411,Synthetic assumed household; not measured Eatontown data
12,10,3,0.513433,Synthetic assumed household; not measured Eatontown data
12,10,4,0.744528,Synthetic assumed household; not measured Eatontown data
12,10,5,1.007738,Synthetic assumed household; not measured Eatontown data
12,10,6,1.234088,Synthetic assumed household; not measured Eatontown data
12,10,7,1.460590,Synthetic assumed household; not measured Eatontown data
12,10,8,1.205585,Synthetic assumed household; not measured Eatontown data
12,10,9,0.959381,Synthetic assumed household; not measured Eatontown data
12,10,10,0.857915,Synthetic assumed household; not measured Eatontown data
12,10,11,0.796452,Synthetic assumed household; not measured Eatontown data
12,10,12,0.870626,Synthetic assumed household; not measured Eatontown data
12,10,13,0.826666,Synthetic assumed household; not measured Eatontown data
12,10,14,0.875173,Synthetic assumed household; not measured Eatontown data
12,10,15,0.991230,Synthetic assumed household; not measured Eatontown data
12,10,16,1.220549,Synthetic assumed household; not measured Eatontown data
12,10,17,1.626190,Synthetic assumed household; not measured Eatontown data
12,10,18,1.869247,Synthetic assumed household; not measured Eatontown data
12,10,19,1.989550,Synthetic assumed household; not measured Eatontown data
12,10,20,1.802211,Synthetic assumed household; not measured Eatontown data
12,10,21,1.411414,Synthetic assumed household; not measured Eatontown data
12,10,22,1.005365,Synthetic assumed household; not measured Eatontown data
12,10,23,0.706599,Synthetic assumed household; not measured Eatontown data
12,11,0,0.403125,Synthetic assumed household; not measured Eatontown data
12,11,1,0.404721,Synthetic assumed household; not measured Eatontown data
12,11,2,0.471616,Synthetic assumed household; not measured Eatontown data
12,11,3,0.449117,Synthetic assumed household; not measured Eatontown data
12,11,4,0.568048,Synthetic assumed household; not measured Eatontown data
12,11,5,0.845799,Synthetic assumed household; not measured Eatontown data
12,11,6,0.971016,Synthetic assumed household; not measured Eatontown data
12,11,7,1.126742,Synthetic assumed household; not measured Eatontown data
12,11,8,1.205400,Synthetic assumed household; not measured Eatontown data
12,11,9,0.863806,Synthetic assumed household; not measured Eatontown data
12,11,10,0.707634,Synthetic assumed household; not measured Eatontown data
12,11,11,0.641757,Synthetic assumed household; not measured Eatontown data
12,11,12,0.644962,Synthetic assumed household; not measured Eatontown data
12,11,13,0.743623,Synthetic assumed household; not measured Eatontown data
12,11,14,0.817501,Synthetic assumed household; not measured Eatontown data
12,11,15,0.810294,Synthetic assumed household; not measured Eatontown data
12,11,16,1.075819,Synthetic assumed household; not measured Eatontown data
12,11,17,1.294829,Synthetic assumed household; not measured Eatontown data
12,11,18,1.730394,Synthetic assumed household; not measured Eatontown data
12,11,19,1.767447,Synthetic assumed household; not measured Eatontown data
12,11,20,1.547283,Synthetic assumed household; not measured Eatontown data
12,11,21,1.262468,Synthetic assumed household; not measured Eatontown data
12,11,22,0.811193,Synthetic assumed household; not measured Eatontown data
12,11,23,0.603242,Synthetic assumed household; not measured Eatontown data
12,12,0,0.531661,Synthetic assumed household; not measured Eatontown data
12,12,1,0.602832,Synthetic assumed household; not measured Eatontown data
12,12,2,0.537338,Synthetic assumed household; not measured Eatontown data
12,12,3,0.627032,Synthetic assumed household; not measured Eatontown data
12,12,4,0.799705,Synthetic assumed household; not measured Eatontown data
12,12,5,1.042498,Synthetic assumed household; not measured Eatontown data
12,12,6,1.280321,Synthetic assumed household; not measured Eatontown data
12,12,7,1.618942,Synthetic assumed household; not measured Eatontown data
12,12,8,1.552449,Synthetic assumed household; not measured Eatontown data
12,12,9,1.050870,Synthetic assumed household; not measured Eatontown data
12,12,10,0.961346,Synthetic assumed household; not measured Eatontown data
12,12,11,0.874423,Synthetic assumed household; not measured Eatontown data
12,12,12,0.965673,Synthetic assumed household; not measured Eatontown data
12,12,13,1.045113,Synthetic assumed household; not measured Eatontown data
12,12,14,0.927161,Synthetic assumed household; not measured Eatontown data
12,12,15,1.132480,Synthetic assumed household; not measured Eatontown data
12,12,16,1.206230,Synthetic assumed household; not measured Eatontown data
12,12,17,1.616191,Synthetic assumed household; not measured Eatontown data
12,12,18,2.141176,Synthetic assumed household; not measured Eatontown data
12,12,19,2.160281,Synthetic assumed household; not measured Eatontown data
12,12,20,2.208788,Synthetic assumed household; not measured Eatontown data
12,12,21,1.697205,Synthetic assumed household; not measured Eatontown data
12,12,22,1.204345,Synthetic assumed household; not measured Eatontown data
12,12,23,0.874611,Synthetic assumed household; not measured Eatontown data
12,13,0,0.570096,Synthetic assumed household; not measured Eatontown data
12,13,1,0.601167,Synthetic assumed household; not measured Eatontown data
12,13,2,0.623871,Synthetic assumed household; not measured Eatontown data
12,13,3,0.528228,Synthetic assumed household; not measured Eatontown data
12,13,4,0.577581,Synthetic assumed household; not measured Eatontown data
12,13,5,0.681534,Synthetic assumed household; not measured Eatontown data
12,13,6,0.761639,Synthetic assumed household; not measured Eatontown data
12,13,7,0.952537,Synthetic assumed household; not measured Eatontown data
12,13,8,1.464174,Synthetic assumed household; not measured Eatontown data
12,13,9,1.725317,Synthetic assumed household; not measured Eatontown data
12,13,10,1.448258,Synthetic assumed household; not measured Eatontown data
12,13,11,1.175775,Synthetic assumed household; not measured Eatontown data
12,13,12,1.095871,Synthetic assumed household; not measured Eatontown data
12,13,13,1.054138,Synthetic assumed household; not measured Eatontown data
12,13,14,1.035019,Synthetic assumed household; not measured Eatontown data
12,13,15,1.141648,Synthetic assumed household; not measured Eatontown data
12,13,16,1.304735,Synthetic assumed household; not measured Eatontown data
12,13,17,1.792268,Synthetic assumed household; not measured Eatontown data
12,13,18,2.284707,Synthetic assumed household; not measured Eatontown data
12,13,19,2.495815,Synthetic assumed household; not measured Eatontown data
12,13,20,1.923203,Synthetic assumed household; not measured Eatontown data
12,13,21,1.670468,Synthetic assumed household; not measured Eatontown data
12,13,22,1.091731,Synthetic assumed household; not measured Eatontown data
12,13,23,0.846292,Synthetic assumed household; not measured Eatontown data
12,14,0,0.477521,Synthetic assumed household; not measured Eatontown data
12,14,1,0.468848,Synthetic assumed household; not measured Eatontown data
12,14,2,0.466743,Synthetic assumed household; not measured Eatontown data
12,14,3,0.473943,Synthetic assumed household; not measured Eatontown data
12,14,4,0.530063,Synthetic assumed household; not measured Eatontown data
12,14,5,0.586351,Synthetic assumed household; not measured Eatontown data
12,14,6,0.699543,Synthetic assumed household; not measured Eatontown data
12,14,7,0.906793,Synthetic assumed household; not measured Eatontown data
12,14,8,1.298995,Synthetic assumed household; not measured Eatontown data
12,14,9,1.449257,Synthetic assumed household; not measured Eatontown data
12,14,10,1.305500,Synthetic assumed household; not measured Eatontown data
12,14,11,1.060677,Synthetic assumed household; not measured Eatontown data
12,14,12,0.978665,Synthetic assumed household; not measured Eatontown data
12,14,13,0.873816,Synthetic assumed household; not measured Eatontown data
12,14,14,0.808621,Synthetic assumed household; not measured Eatontown data
12,14,15,0.860194,Synthetic assumed household; not measured Eatontown data
12,14,16,1.096543,Synthetic assumed household; not measured Eatontown data
12,14,17,1.363048,Synthetic assumed household; not measured Eatontown data
12,14,18,1.717817,Synthetic assumed household; not measured Eatontown data
12,14,19,2.133233,Synthetic assumed household; not measured Eatontown data
12,14,20,1.943422,Synthetic assumed household; not measured Eatontown data
12,14,21,1.318375,Synthetic assumed household; not measured Eatontown data
12,14,22,1.027296,Synthetic assumed household; not measured Eatontown data
12,14,23,0.716090,Synthetic assumed household; not measured Eatontown data
12,15,0,0.508489,Synthetic assumed household; not measured Eatontown data
12,15,1,0.481613,Synthetic assumed household; not measured Eatontown data
12,15,2,0.435516,Synthetic assumed household; not measured Eatontown data
12,15,3,0.497122,Synthetic assumed household; not measured Eatontown data
12,15,4,0.627554,Synthetic assumed household; not measured Eatontown data
12,15,5,0.819283,Synthetic assumed household; not measured Eatontown data
12,15,6,1.040789,Synthetic assumed household; not measured Eatontown data
12,15,7,1.347044,Synthetic assumed household; not measured Eatontown data
12,15,8,1.201960,Synthetic assumed household; not measured Eatontown data
12,15,9,0.997921,Synthetic assumed household; not measured Eatontown data
12,15,10,0.777859,Synthetic assumed household; not measured Eatontown data
12,15,11,0.767797,Synthetic assumed household; not measured Eatontown data
12,15,12,0.741759,Synthetic assumed household; not measured Eatontown data
12,15,13,0.721783,Synthetic assumed household; not measured Eatontown data
12,15,14,0.872037,Synthetic assumed household; not measured Eatontown data
12,15,15,0.960754,Synthetic assumed household; not measured Eatontown data
12,15,16,1.042244,Synthetic assumed household; not measured Eatontown data
12,15,17,1.566223,Synthetic assumed household; not measured Eatontown data
12,15,18,1.649471,Synthetic assumed household; not measured Eatontown data
12,15,19,2.069113,Synthetic assumed household; not measured Eatontown data
12,15,20,1.721460,Synthetic assumed household; not measured Eatontown data
12,15,21,1.444999,Synthetic assumed household; not measured Eatontown data
12,15,22,0.978087,Synthetic assumed household; not measured Eatontown data
12,15,23,0.701747,Synthetic assumed household; not measured Eatontown data
12,16,0,0.478528,Synthetic assumed household; not measured Eatontown data
12,16,1,0.446002,Synthetic assumed household; not measured Eatontown data
12,16,2,0.476203,Synthetic assumed household; not measured Eatontown data
12,16,3,0.525934,Synthetic assumed household; not measured Eatontown data
12,16,4,0.602740,Synthetic assumed household; not measured Eatontown data
12,16,5,0.811630,Synthetic assumed household; not measured Eatontown data
12,16,6,1.153055,Synthetic assumed household; not measured Eatontown data
12,16,7,1.166621,Synthetic assumed household; not measured Eatontown data
12,16,8,1.084117,Synthetic assumed household; not measured Eatontown data
12,16,9,0.927396,Synthetic assumed household; not measured Eatontown data
12,16,10,0.803307,Synthetic assumed household; not measured Eatontown data
12,16,11,0.753538,Synthetic assumed household; not measured Eatontown data
12,16,12,0.683572,Synthetic assumed household; not measured Eatontown data
12,16,13,0.715695,Synthetic assumed household; not measured Eatontown data
12,16,14,0.818759,Synthetic assumed household; not measured Eatontown data
12,16,15,0.839061,Synthetic assumed household; not measured Eatontown data
12,16,16,1.139379,Synthetic assumed household; not measured Eatontown data
12,16,17,1.257227,Synthetic assumed household; not measured Eatontown data
12,16,18,1.576866,Synthetic assumed household; not measured Eatontown data
12,16,19,1.691952,Synthetic assumed household; not measured Eatontown data
12,16,20,1.750062,Synthetic assumed household; not measured Eatontown data
12,16,21,1.181025,Synthetic assumed household; not measured Eatontown data
12,16,22,0.883172,Synthetic assumed household; not measured Eatontown data
12,16,23,0.663697,Synthetic assumed household; not measured Eatontown data
12,17,0,0.488959,Synthetic assumed household; not measured Eatontown data
12,17,1,0.505049,Synthetic assumed household; not measured Eatontown data
12,17,2,0.512429,Synthetic assumed household; not measured Eatontown data
12,17,3,0.568292,Synthetic assumed household; not measured Eatontown data
12,17,4,0.710917,Synthetic assumed household; not measured Eatontown data
12,17,5,0.870543,Synthetic assumed household; not measured Eatontown data
12,17,6,1.175552,Synthetic assumed household; not measured Eatontown data
12,17,7,1.390348,Synthetic assumed household; not measured Eatontown data
12,17,8,1.457908,Synthetic assumed household; not measured Eatontown data
12,17,9,1.183620,Synthetic assumed household; not measured Eatontown data
12,17,10,0.825444,Synthetic assumed household; not measured Eatontown data
12,17,11,0.854931,Synthetic assumed household; not measured Eatontown data
12,17,12,0.909856,Synthetic assumed household; not measured Eatontown data
12,17,13,0.951863,Synthetic assumed household; not measured Eatontown data
12,17,14,0.947869,Synthetic assumed household; not measured Eatontown data
12,17,15,0.996671,Synthetic assumed household; not measured Eatontown data
12,17,16,1.130427,Synthetic assumed household; not measured Eatontown data
12,17,17,1.728359,Synthetic assumed household; not measured Eatontown data
12,17,18,2.101908,Synthetic assumed household; not measured Eatontown data
12,17,19,2.202687,Synthetic assumed household; not measured Eatontown data
12,17,20,1.758113,Synthetic assumed household; not measured Eatontown data
12,17,21,1.417976,Synthetic assumed household; not measured Eatontown data
12,17,22,0.961703,Synthetic assumed household; not measured Eatontown data
12,17,23,0.698572,Synthetic assumed household; not measured Eatontown data
12,18,0,0.485920,Synthetic assumed household; not measured Eatontown data
12,18,1,0.589375,Synthetic assumed household; not measured Eatontown data
12,18,2,0.595140,Synthetic assumed household; not measured Eatontown data
12,18,3,0.532432,Synthetic assumed household; not measured Eatontown data
12,18,4,0.725457,Synthetic assumed household; not measured Eatontown data
12,18,5,0.917582,Synthetic assumed household; not measured Eatontown data
12,18,6,1.332830,Synthetic assumed household; not measured Eatontown data
12,18,7,1.371496,Synthetic assumed household; not measured Eatontown data
12,18,8,1.336248,Synthetic assumed household; not measured Eatontown data
12,18,9,1.090455,Synthetic assumed household; not measured Eatontown data
12,18,10,0.883147,Synthetic assumed household; not measured Eatontown data
12,18,11,0.789475,Synthetic assumed household; not measured Eatontown data
12,18,12,0.837265,Synthetic assumed household; not measured Eatontown data
12,18,13,0.830876,Synthetic assumed household; not measured Eatontown data
12,18,14,0.842341,Synthetic assumed household; not measured Eatontown data
12,18,15,1.056033,Synthetic assumed household; not measured Eatontown data
12,18,16,1.276315,Synthetic assumed household; not measured Eatontown data
12,18,17,1.493262,Synthetic assumed household; not measured Eatontown data
12,18,18,2.116777,Synthetic assumed household; not measured Eatontown data
12,18,19,1.961791,Synthetic assumed household; not measured Eatontown data
12,18,20,1.847555,Synthetic assumed household; not measured Eatontown data
12,18,21,1.489760,Synthetic assumed household; not measured Eatontown data
12,18,22,1.114571,Synthetic assumed household; not measured Eatontown data
12,18,23,0.695271,Synthetic assumed household; not measured Eatontown data
12,19,0,0.527771,Synthetic assumed household; not measured Eatontown data
12,19,1,0.575652,Synthetic assumed household; not measured Eatontown data
12,19,2,0.549156,Synthetic assumed household; not measured Eatontown data
12,19,3,0.645713,Synthetic assumed household; not measured Eatontown data
12,19,4,0.709506,Synthetic assumed household; not measured Eatontown data
12,19,5,1.105393,Synthetic assumed household; not measured Eatontown data
12,19,6,1.354761,Synthetic assumed household; not measured Eatontown data
12,19,7,1.701677,Synthetic assumed household; not measured Eatontown data
12,19,8,1.547502,Synthetic assumed household; not measured Eatontown data
12,19,9,1.076495,Synthetic assumed household; not measured Eatontown data
12,19,10,0.903802,Synthetic assumed household; not measured Eatontown data
12,19,11,0.845755,Synthetic assumed household; not measured Eatontown data
12,19,12,0.864075,Synthetic assumed household; not measured Eatontown data
12,19,13,1.055349,Synthetic assumed household; not measured Eatontown data
12,19,14,0.973158,Synthetic assumed household; not measured Eatontown data
12,19,15,1.127498,Synthetic assumed household; not measured Eatontown data
12,19,16,1.245696,Synthetic assumed household; not measured Eatontown data
12,19,17,1.898200,Synthetic assumed household; not measured Eatontown data
12,19,18,2.334654,Synthetic assumed household; not measured Eatontown data
12,19,19,2.491951,Synthetic assumed household; not measured Eatontown data
12,19,20,2.130476,Synthetic assumed household; not measured Eatontown data
12,19,21,1.506895,Synthetic assumed household; not measured Eatontown data
12,19,22,1.138502,Synthetic assumed household; not measured Eatontown data
12,19,23,0.827700,Synthetic assumed household; not measured Eatontown data
12,20,0,0.509331,Synthetic assumed household; not measured Eatontown data
12,20,1,0.566055,Synthetic assumed household; not measured Eatontown data
12,20,2,0.526335,Synthetic assumed household; not measured Eatontown data
12,20,3,0.584637,Synthetic assumed household; not measured Eatontown data
12,20,4,0.541231,Synthetic assumed household; not measured Eatontown data
12,20,5,0.549237,Synthetic assumed household; not measured Eatontown data
12,20,6,0.783774,Synthetic assumed household; not measured Eatontown data
12,20,7,1.033735,Synthetic assumed household; not measured Eatontown data
12,20,8,1.483115,Synthetic assumed household; not measured Eatontown data
12,20,9,1.676271,Synthetic assumed household; not measured Eatontown data
12,20,10,1.550107,Synthetic assumed household; not measured Eatontown data
12,20,11,1.125432,Synthetic assumed household; not measured Eatontown data
12,20,12,0.925875,Synthetic assumed household; not measured Eatontown data
12,20,13,1.028440,Synthetic assumed household; not measured Eatontown data
12,20,14,0.880722,Synthetic assumed household; not measured Eatontown data
12,20,15,1.067806,Synthetic assumed household; not measured Eatontown data
12,20,16,1.220868,Synthetic assumed household; not measured Eatontown data
12,20,17,1.607282,Synthetic assumed household; not measured Eatontown data
12,20,18,2.111873,Synthetic assumed household; not measured Eatontown data
12,20,19,2.292150,Synthetic assumed household; not measured Eatontown data
12,20,20,1.951047,Synthetic assumed household; not measured Eatontown data
12,20,21,1.381433,Synthetic assumed household; not measured Eatontown data
12,20,22,1.079086,Synthetic assumed household; not measured Eatontown data
12,20,23,0.832047,Synthetic assumed household; not measured Eatontown data
12,21,0,0.445905,Synthetic assumed household; not measured Eatontown data
12,21,1,0.533836,Synthetic assumed household; not measured Eatontown data
12,21,2,0.455156,Synthetic assumed household; not measured Eatontown data
12,21,3,0.476322,Synthetic assumed household; not measured Eatontown data
12,21,4,0.477125,Synthetic assumed household; not measured Eatontown data
12,21,5,0.520950,Synthetic assumed household; not measured Eatontown data
12,21,6,0.666513,Synthetic assumed household; not measured Eatontown data
12,21,7,0.872781,Synthetic assumed household; not measured Eatontown data
12,21,8,1.281589,Synthetic assumed household; not measured Eatontown data
12,21,9,1.353040,Synthetic assumed household; not measured Eatontown data
12,21,10,1.398709,Synthetic assumed household; not measured Eatontown data
12,21,11,1.124087,Synthetic assumed household; not measured Eatontown data
12,21,12,0.865585,Synthetic assumed household; not measured Eatontown data
12,21,13,0.825733,Synthetic assumed household; not measured Eatontown data
12,21,14,0.839639,Synthetic assumed household; not measured Eatontown data
12,21,15,0.924584,Synthetic assumed household; not measured Eatontown data
12,21,16,1.130424,Synthetic assumed household; not measured Eatontown data
12,21,17,1.551020,Synthetic assumed household; not measured Eatontown data
12,21,18,1.752178,Synthetic assumed household; not measured Eatontown data
12,21,19,1.954161,Synthetic assumed household; not measured Eatontown data
12,21,20,1.710661,Synthetic assumed household; not measured Eatontown data
12,21,21,1.362110,Synthetic assumed household; not measured Eatontown data
12,21,22,0.978809,Synthetic assumed household; not measured Eatontown data
12,21,23,0.709360,Synthetic assumed household; not measured Eatontown data
12,22,0,0.523369,Synthetic assumed household; not measured Eatontown data
12,22,1,0.498427,Synthetic assumed household; not measured Eatontown data
12,22,2,0.615058,Synthetic assumed household; not measured Eatontown data
12,22,3,0.536034,Synthetic assumed household; not measured Eatontown data
12,22,4,0.719501,Synthetic assumed household; not measured Eatontown data
12,22,5,1.062591,Synthetic assumed household; not measured Eatontown data
12,22,6,1.424426,Synthetic assumed household; not measured Eatontown data
12,22,7,1.365293,Synthetic assumed household; not measured Eatontown data
12,22,8,1.335743,Synthetic assumed household; not measured Eatontown data
12,22,9,1.182725,Synthetic assumed household; not measured Eatontown data
12,22,10,0.984143,Synthetic assumed household; not measured Eatontown data
12,22,11,0.924505,Synthetic assumed household; not measured Eatontown data
12,22,12,0.852979,Synthetic assumed household; not measured Eatontown data
12,22,13,0.851111,Synthetic assumed household; not measured Eatontown data
12,22,14,1.016149,Synthetic assumed household; not measured Eatontown data
12,22,15,1.142589,Synthetic assumed household; not measured Eatontown data
12,22,16,1.383269,Synthetic assumed household; not measured Eatontown data
12,22,17,1.572647,Synthetic assumed household; not measured Eatontown data
12,22,18,2.174354,Synthetic assumed household; not measured Eatontown data
12,22,19,1.993513,Synthetic assumed household; not measured Eatontown data
12,22,20,1.833928,Synthetic assumed household; not measured Eatontown data
12,22,21,1.666939,Synthetic assumed household; not measured Eatontown data
12,22,22,1.115850,Synthetic assumed household; not measured Eatontown data
12,22,23,0.750027,Synthetic assumed household; not measured Eatontown data
12,23,0,0.488960,Synthetic assumed household; not measured Eatontown data
12,23,1,0.436527,Synthetic assumed household; not measured Eatontown data
12,23,2,0.471384,Synthetic assumed household; not measured Eatontown data
12,23,3,0.495938,Synthetic assumed household; not measured Eatontown data
12,23,4,0.526640,Synthetic assumed household; not measured Eatontown data
12,23,5,0.841231,Synthetic assumed household; not measured Eatontown data
12,23,6,1.142353,Synthetic assumed household; not measured Eatontown data
12,23,7,1.098087,Synthetic assumed household; not measured Eatontown data
12,23,8,1.084835,Synthetic assumed household; not measured Eatontown data
12,23,9,0.819636,Synthetic assumed household; not measured Eatontown data
12,23,10,0.679440,Synthetic assumed household; not measured Eatontown data
12,23,11,0.713240,Synthetic assumed household; not measured Eatontown data
12,23,12,0.765234,Synthetic assumed household; not measured Eatontown data
12,23,13,0.689806,Synthetic assumed household; not measured Eatontown data
12,23,14,0.719491,Synthetic assumed household; not measured Eatontown data
12,23,15,0.886347,Synthetic assumed household; not measured Eatontown data
12,23,16,1.085661,Synthetic assumed household; not measured Eatontown data
12,23,17,1.395491,Synthetic assumed household; not measured Eatontown data
12,23,18,1.585611,Synthetic assumed household; not measured Eatontown data
12,23,19,1.739737,Synthetic assumed household; not measured Eatontown data
12,23,20,1.548446,Synthetic assumed household; not measured Eatontown data
12,23,21,1.304764,Synthetic assumed household; not measured Eatontown data
12,23,22,0.901773,Synthetic assumed household; not measured Eatontown data
12,23,23,0.595861,Synthetic assumed household; not measured Eatontown data
12,24,0,0.503799,Synthetic assumed household; not measured Eatontown data
12,24,1,0.424937,Synthetic assumed household; not measured Eatontown data
12,24,2,0.497965,Synthetic assumed household; not measured Eatontown data
12,24,3,0.502915,Synthetic assumed household; not measured Eatontown data
12,24,4,0.543490,Synthetic assumed household; not measured Eatontown data
12,24,5,0.879467,Synthetic assumed household; not measured Eatontown data
12,24,6,1.152924,Synthetic assumed household; not measured Eatontown data
12,24,7,1.363545,Synthetic assumed household; not measured Eatontown data
12,24,8,1.179232,Synthetic assumed household; not measured Eatontown data
12,24,9,0.998230,Synthetic assumed household; not measured Eatontown data
12,24,10,0.841758,Synthetic assumed household; not measured Eatontown data
12,24,11,0.736414,Synthetic assumed household; not measured Eatontown data
12,24,12,0.785004,Synthetic assumed household; not measured Eatontown data
12,24,13,0.764330,Synthetic assumed household; not measured Eatontown data
12,24,14,0.748744,Synthetic assumed household; not measured Eatontown data
12,24,15,0.968065,Synthetic assumed household; not measured Eatontown data
12,24,16,1.086968,Synthetic assumed household; not measured Eatontown data
12,24,17,1.538690,Synthetic assumed household; not measured Eatontown data
12,24,18,1.598880,Synthetic assumed household; not measured Eatontown data
12,24,19,1.746433,Synthetic assumed household; not measured Eatontown data
12,24,20,1.714629,Synthetic assumed household; not measured Eatontown data
12,24,21,1.219877,Synthetic assumed household; not measured Eatontown data
12,24,22,0.850690,Synthetic assumed household; not measured Eatontown data
12,24,23,0.683317,Synthetic assumed household; not measured Eatontown data
12,25,0,0.568166,Synthetic assumed household; not measured Eatontown data
12,25,1,0.566328,Synthetic assumed household; not measured Eatontown data
12,25,2,0.535278,Synthetic assumed household; not measured Eatontown data
12,25,3,0.549648,Synthetic assumed household; not measured Eatontown data
12,25,4,0.703830,Synthetic assumed household; not measured Eatontown data
12,25,5,0.998139,Synthetic assumed household; not measured Eatontown data
12,25,6,1.179582,Synthetic assumed household; not measured Eatontown data
12,25,7,1.528182,Synthetic assumed household; not measured Eatontown data
12,25,8,1.364233,Synthetic assumed household; not measured Eatontown data
12,25,9,0.999003,Synthetic assumed household; not measured Eatontown data
12,25,10,0.813242,Synthetic assumed household; not measured Eatontown data
12,25,11,0.765703,Synthetic assumed household; not measured Eatontown data
12,25,12,0.873662,Synthetic assumed household; not measured Eatontown data
12,25,13,0.942940,Synthetic assumed household; not measured Eatontown data
12,25,14,0.827124,Synthetic assumed household; not measured Eatontown data
12,25,15,0.960973,Synthetic assumed household; not measured Eatontown data
12,25,16,1.239831,Synthetic assumed household; not measured Eatontown data
12,25,17,1.456867,Synthetic assumed household; not measured Eatontown data
12,25,18,2.001839,Synthetic assumed household; not measured Eatontown data
12,25,19,2.213457,Synthetic assumed household; not measured Eatontown data
12,25,20,1.830039,Synthetic assumed household; not measured Eatontown data
12,25,21,1.483629,Synthetic assumed household; not measured Eatontown data
12,25,22,1.060286,Synthetic assumed household; not measured Eatontown data
12,25,23,0.670707,Synthetic assumed household; not measured Eatontown data
12,26,0,0.533220,Synthetic assumed household; not measured Eatontown data
12,26,1,0.493850,Synthetic assumed household; not measured Eatontown data
12,26,2,0.499374,Synthetic assumed household; not measured Eatontown data
12,26,3,0.552995,Synthetic assumed household; not measured Eatontown data
12,26,4,0.569560,Synthetic assumed household; not measured Eatontown data
12,26,5,0.825737,Synthetic assumed household; not measured Eatontown data
12,26,6,1.259990,Synthetic assumed household; not measured Eatontown data
12,26,7,1.189190,Synthetic assumed household; not measured Eatontown data
12,26,8,1.178410,Synthetic assumed household; not measured Eatontown data
12,26,9,0.931531,Synthetic assumed household; not measured Eatontown data
12,26,10,0.791217,Synthetic assumed household; not measured Eatontown data
12,26,11,0.718825,Synthetic assumed household; not measured Eatontown data
12,26,12,0.823017,Synthetic assumed household; not measured Eatontown data
12,26,13,0.843616,Synthetic assumed household; not measured Eatontown data
12,26,14,0.915267,Synthetic assumed household; not measured Eatontown data
12,26,15,0.956981,Synthetic assumed household; not measured Eatontown data
12,26,16,1.034910,Synthetic assumed household; not measured Eatontown data
12,26,17,1.433460,Synthetic assumed household; not measured Eatontown data
12,26,18,1.884309,Synthetic assumed household; not measured Eatontown data
12,26,19,1.773457,Synthetic assumed household; not measured Eatontown data
12,26,20,1.848757,Synthetic assumed household; not measured Eatontown data
12,26,21,1.250127,Synthetic assumed household; not measured Eatontown data
12,26,22,0.960878,Synthetic assumed household; not measured Eatontown data
12,26,23,0.661319,Synthetic assumed household; not measured Eatontown data
12,27,0,0.574828,Synthetic assumed household; not measured Eatontown data
12,27,1,0.514561,Synthetic assumed household; not measured Eatontown data
12,27,2,0.500000,Synthetic assumed household; not measured Eatontown data
12,27,3,0.535082,Synthetic assumed household; not measured Eatontown data
12,27,4,0.589497,Synthetic assumed household; not measured Eatontown data
12,27,5,0.537340,Synthetic assumed household; not measured Eatontown data
12,27,6,0.740508,Synthetic assumed household; not measured Eatontown data
12,27,7,1.057413,Synthetic assumed household; not measured Eatontown data
12,27,8,1.420779,Synthetic assumed household; not measured Eatontown data
12,27,9,1.595319,Synthetic assumed household; not measured Eatontown data
12,27,10,1.536818,Synthetic assumed household; not measured Eatontown data
12,27,11,1.124023,Synthetic assumed household; not measured Eatontown data
12,27,12,1.101812,Synthetic assumed household; not measured Eatontown data
12,27,13,0.931127,Synthetic assumed household; not measured Eatontown data
12,27,14,0.971409,Synthetic assumed household; not measured Eatontown data
12,27,15,1.046189,Synthetic assumed household; not measured Eatontown data
12,27,16,1.348684,Synthetic assumed household; not measured Eatontown data
12,27,17,1.560256,Synthetic assumed household; not measured Eatontown data
12,27,18,2.096299,Synthetic assumed household; not measured Eatontown data
12,27,19,2.057805,Synthetic assumed household; not measured Eatontown data
12,27,20,1.867813,Synthetic assumed household; not measured Eatontown data
12,27,21,1.588544,Synthetic assumed household; not measured Eatontown data
12,27,22,1.027535,Synthetic assumed household; not measured Eatontown data
12,27,23,0.805611,Synthetic assumed household; not measured Eatontown data
12,28,0,0.554277,Synthetic assumed household; not measured Eatontown data
12,28,1,0.534086,Synthetic assumed household; not measured Eatontown data
12,28,2,0.580010,Synthetic assumed household; not measured Eatontown data
12,28,3,0.520794,Synthetic assumed household; not measured Eatontown data
12,28,4,0.537731,Synthetic assumed household; not measured Eatontown data
12,28,5,0.633379,Synthetic assumed household; not measured Eatontown data
12,28,6,0.748773,Synthetic assumed household; not measured Eatontown data
12,28,7,1.099964,Synthetic assumed household; not measured Eatontown data
12,28,8,1.312230,Synthetic assumed household; not measured Eatontown data
12,28,9,1.755109,Synthetic assumed household; not measured Eatontown data
12,28,10,1.554397,Synthetic assumed household; not measured Eatontown data
12,28,11,1.392528,Synthetic assumed household; not measured Eatontown data
12,28,12,1.124564,Synthetic assumed household; not measured Eatontown data
12,28,13,0.899038,Synthetic assumed household; not measured Eatontown data
12,28,14,0.901191,Synthetic assumed household; not measured Eatontown data
12,28,15,1.032225,Synthetic assumed household; not measured Eatontown data
12,28,16,1.425032,Synthetic assumed household; not measured Eatontown data
12,28,17,1.586190,Synthetic assumed household; not measured Eatontown data
12,28,18,2.001825,Synthetic assumed household; not measured Eatontown data
12,28,19,2.183678,Synthetic assumed household; not measured Eatontown data
12,28,20,1.862160,Synthetic assumed household; not measured Eatontown data
12,28,21,1.465349,Synthetic assumed household; not measured Eatontown data
12,28,22,1.159976,Synthetic assumed household; not measured Eatontown data
12,28,23,0.750775,Synthetic assumed household; not measured Eatontown data
12,29,0,0.494843,Synthetic assumed household; not measured Eatontown data
12,29,1,0.560244,Synthetic assumed household; not measured Eatontown data
12,29,2,0.542774,Synthetic assumed household; not measured Eatontown data
12,29,3,0.518370,Synthetic assumed household; not measured Eatontown data
12,29,4,0.619138,Synthetic assumed household; not measured Eatontown data
12,29,5,0.928999,Synthetic assumed household; not measured Eatontown data
12,29,6,1.122891,Synthetic assumed household; not measured Eatontown data
12,29,7,1.510559,Synthetic assumed household; not measured Eatontown data
12,29,8,1.270783,Synthetic assumed household; not measured Eatontown data
12,29,9,1.115079,Synthetic assumed household; not measured Eatontown data
12,29,10,0.935120,Synthetic assumed household; not measured Eatontown data
12,29,11,0.757385,Synthetic assumed household; not measured Eatontown data
12,29,12,0.815017,Synthetic assumed household; not measured Eatontown data
12,29,13,0.922079,Synthetic assumed household; not measured Eatontown data
12,29,14,0.974197,Synthetic assumed household; not measured Eatontown data
12,29,15,0.958005,Synthetic assumed household; not measured Eatontown data
12,29,16,1.246634,Synthetic assumed household; not measured Eatontown data
12,29,17,1.562652,Synthetic assumed household; not measured Eatontown data
12,29,18,1.829776,Synthetic assumed household; not measured Eatontown data
12,29,19,2.214228,Synthetic assumed household; not measured Eatontown data
12,29,20,1.929153,Synthetic assumed household; not measured Eatontown data
12,29,21,1.471087,Synthetic assumed household; not measured Eatontown data
12,29,22,1.038278,Synthetic assumed household; not measured Eatontown data
12,29,23,0.758671,Synthetic assumed household; not measured Eatontown data
12,30,0,0.515822,Synthetic assumed household; not measured Eatontown data
12,30,1,0.437631,Synthetic assumed household; not measured Eatontown data
12,30,2,0.525599,Synthetic assumed household; not measured Eatontown data
12,30,3,0.498586,Synthetic assumed household; not measured Eatontown data
12,30,4,0.581107,Synthetic assumed household; not measured Eatontown data
12,30,5,0.836590,Synthetic assumed household; not measured Eatontown data
12,30,6,1.053864,Synthetic assumed household; not measured Eatontown data
12,30,7,1.283717,Synthetic assumed household; not measured Eatontown data
12,30,8,1.198776,Synthetic assumed household; not measured Eatontown data
12,30,9,0.890826,Synthetic assumed household; not measured Eatontown data
12,30,10,0.798653,Synthetic assumed household; not measured Eatontown data
12,30,11,0.783914,Synthetic assumed household; not measured Eatontown data
12,30,12,0.842555,Synthetic assumed household; not measured Eatontown data
12,30,13,0.798003,Synthetic assumed household; not measured Eatontown data
12,30,14,0.763430,Synthetic assumed household; not measured Eatontown data
12,30,15,0.958131,Synthetic assumed household; not measured Eatontown data
12,30,16,1.214186,Synthetic assumed household; not measured Eatontown data
12,30,17,1.577031,Synthetic assumed household; not measured Eatontown data
12,30,18,1.885651,Synthetic assumed household; not measured Eatontown data
12,30,19,1.803492,Synthetic assumed household; not measured Eatontown data
12,30,20,1.674633,Synthetic assumed household; not measured Eatontown data
12,30,21,1.289387,Synthetic assumed household; not measured Eatontown data
12,30,22,1.033642,Synthetic assumed household; not measured Eatontown data
12,30,23,0.672479,Synthetic assumed household; not measured Eatontown data
12,31,0,0.554502,Synthetic assumed household; not measured Eatontown data
12,31,1,0.533244,Synthetic assumed household; not measured Eatontown data
12,31,2,0.512224,Synthetic assumed household; not measured Eatontown data
12,31,3,0.556993,Synthetic assumed household; not measured Eatontown data
12,31,4,0.712701,Synthetic assumed household; not measured Eatontown data
12,31,5,1.008969,Synthetic assumed household; not measured Eatontown data
12,31,6,1.276925,Synthetic assumed household; not measured Eatontown data
12,31,7,1.367916,Synthetic assumed household; not measured Eatontown data
12,31,8,1.416560,Synthetic assumed household; not measured Eatontown data
12,31,9,1.087952,Synthetic assumed household; not measured Eatontown data
12,31,10,1.005065,Synthetic assumed household; not measured Eatontown data
12,31,11,0.851885,Synthetic assumed household; not measured Eatontown data
12,31,12,0.884233,Synthetic assumed household; not measured Eatontown data
12,31,13,0.918901,Synthetic assumed household; not measured Eatontown data
12,31,14,0.871502,Synthetic assumed household; not measured Eatontown data
12,31,15,1.130071,Synthetic assumed household; not measured Eatontown data
12,31,16,1.404794,Synthetic assumed household; not measured Eatontown data
12,31,17,1.732985,Synthetic assumed household; not measured Eatontown data
12,31,18,1.962539,Synthetic assumed household; not measured Eatontown data
12,31,19,2.265583,Synthetic assumed household; not measured Eatontown data
12,31,20,1.827298,Synthetic assumed household; not measured Eatontown data
12,31,21,1.405863,Synthetic assumed household; not measured Eatontown data
12,31,22,1.060352,Synthetic assumed household; not measured Eatontown data
12,31,23,0.743901,Synthetic assumed household; not measured Eatontown data
